sample_id,tepname,Temperature,tepvalue
1,alpha,299.575404133415,6.25495706905333e-05
1,alpha,321.156895846122,7.462958415193179e-05
1,alpha,345.136331082463,8.457783053190699e-05
1,alpha,370.714395334561,9.973706311091692e-05
1,alpha,395.093487824841,0.0001118170765723
1,alpha,418.673265807243,0.0001293449392417
1,alpha,445.050644567219,0.0001449778978388
1,alpha,471.428023327194,0.0001613214454631
1,alpha,495.007801309597,0.0001776649930873
1,alpha,520.585865561694,0.0001885606915035
1,alpha,544.565300798035,0.0002072728692182
1,alpha,570.543022304072,0.0002122469924082
1,alpha,594.122800286474,0.0002326172111863
1,alpha,620.100521792511,0.0002354595672948
1,alpha,643.280642520974,0.0002489607588105
1,alpha,668.459049519132,0.0002539348820005
1,alpha,692.438484755474,0.0002690941145795
1,alpha,717.217234499693,0.0002686203885614
1,alpha,740.797012482095,0.0002814109910499
1,alpha,765.575762226315,0.000281884717068
1,alpha,813.934289952936,0.0002887537443304
1,alpha,863.092132187436,0.000297043949647
1,rho,298.033589447201,3.969072164948469e-06
1,rho,319.675664649486,4.481086323957327e-06
1,rho,344.074930305296,5.292096219931299e-06
1,rho,369.631468008431,5.953608247422714e-06
1,rho,394.413544570612,7.140649149922774e-06
1,rho,420.354253076766,8.034782608695683e-06
1,rho,444.34045012579,9.685534591194993e-06
1,rho,470.272999252056,1.0769230769230776e-05
1,rho,494.643027129938,1.294117647058825e-05
1,rho,520.178826409193,1.4392523364485996e-05
1,rho,544.933365064255,1.692307692307692e-05
1,rho,570.46576460189,1.8704453441295568e-05
1,rho,593.64452301625,2.158878504672898e-05
1,rho,619.56721289182,2.3692307692307752e-05
1,rho,643.133881824981,2.625000000000007e-05
1,rho,668.269191541443,2.8343558282208656e-05
1,rho,692.227850683348,3.164383561643846e-05
1,rho,716.968110423608,3.3e-05
1,rho,740.926089617189,3.696000000000007e-05
1,rho,765.272999252057,3.818181818181831e-05
1,rho,813.968858366764,4.317757009345805e-05
1,rho,863.057047664377,4.914893617021288e-05
1,kappa,298.524892440073,3.07215861770492
1,kappa,325.445605408727,2.79913006477235
1,kappa,373.38660110633,2.40620128890068
1,kappa,394.406883835279,2.28408213105035
1,kappa,423.909035033804,2.06429846924858
1,kappa,446.773202212661,1.9133263384528
1,kappa,473.693915181315,1.75790133581609
1,kappa,497.295636140135,1.63133476140426
1,kappa,523.847572218807,1.51585195098976
1,kappa,547.449293177627,1.42478833515782
1,kappa,573.632452366318,1.33149623767561
1,kappa,597.602950215119,1.2559638024025
1,kappa,623.417332513829,1.19151922258631
1,kappa,647.756607252612,1.12929903296079
1,kappa,673.570989551321,1.0803869975233
1,kappa,697.541487400122,1.03591965100758
1,kappa,723.355869698832,0.998102290126307
1,kappa,773.509526736324,0.951319177489334
1,kappa,823.294406883835,0.942259322163345
1,ZT,298.917016488164,0.0972243060765192
1,ZT,320.539443371481,0.141785446361591
1,ZT,344.64573590206,0.178244561140285
1,ZT,370.162221406415,0.256564141035259
1,ZT,394.265587673514,0.30787696924231
1,ZT,420.483578341393,0.425356339084772
1,ZT,444.227280224311,0.502325581395349
1,ZT,470.440748484993,0.642760690172543
1,ZT,494.182322176288,0.730532633158289
1,ZT,520.047033034854,0.841260315078769
1,ZT,544.135501960596,0.968192048012003
1,ZT,570.363601538682,1.03435858964741
1,ZT,593.738594223023,1.18289572393098
1,ZT,619.616340255276,1.22745686421605
1,ZT,642.999047634249,1.33683420855213
1,ZT,668.515799162556,1.41380345086271
1,ZT,692.25152032689,1.53128282070517
1,ZT,716.711890738642,1.57044261065266
1,ZT,740.813660862024,1.62985746436609
1,ZT,765.2716370582,1.68117029257314
1,ZT,813.849206982596,1.70142535633908
1,ZT,862.789367554654,1.68117029257314
4,alpha,300.0,9.34518e-05
4,alpha,350.0,0.000104928
4,alpha,400.0,0.0001160079999999
4,alpha,450.0,0.000126694
4,alpha,500.0,0.000136984
4,alpha,550.0,0.000148064
4,alpha,600.0,0.000159145
4,alpha,650.0,0.000169436
4,alpha,700.0,0.0001793309999999
4,alpha,750.0,0.000187647
4,alpha,800.0,0.0001951729999999
4,alpha,850.0,0.000202699
4,alpha,900.0,0.0002102249999999
4,alpha,950.0,0.000216961
4,alpha,1000.0,0.000222512
4,alpha,1050.0,0.0002292479999999
4,alpha,1100.0,0.000235589
4,alpha,1150.0,0.000240745
4,alpha,1200.0,0.000245902
4,rho,300.0,1.6985484205198235e-06
4,rho,350.0,1.976847165991903e-06
4,rho,400.0,2.3092554960280804e-06
4,rho,450.0,2.691464021854688e-06
4,rho,500.0,3.1239066326785625e-06
4,rho,550.0,3.5714285714285718e-06
4,rho,600.0,4.1040962985155484e-06
4,rho,650.0,4.681428772061233e-06
4,rho,700.0,5.198396814422432e-06
4,rho,750.0,5.88713190707751e-06
4,rho,800.0,6.455444521909779e-06
4,rho,850.0,7.145204853023136e-06
4,rho,900.0,7.842399146746973e-06
4,rho,950.0,8.503979862575686e-06
4,rho,1000.0,9.180713157798098e-06
4,rho,1050.0,9.850858009732648e-06
4,rho,1100.0,1.0485367669417329e-05
4,rho,1150.0,1.120802315129262e-05
4,rho,1200.0,1.1858105904743836e-05
4,kappa,300.0,8.33279
4,kappa,350.0,7.62806
4,kappa,400.0,7.07993
4,kappa,450.0,6.61011
4,kappa,500.0,6.1925
4,kappa,550.0,5.93148
4,kappa,600.0,5.61827
4,kappa,650.0,5.40946
4,kappa,700.0,5.17455
4,kappa,750.0,4.99184
4,kappa,800.0,4.86134
4,kappa,850.0,4.70473
4,kappa,900.0,4.60033
4,kappa,950.0,4.46982
4,kappa,1000.0,4.39152
4,kappa,1050.0,4.33931
4,kappa,1100.0,4.26101
4,kappa,1150.0,4.18271
4,kappa,1200.0,4.20881
4,ZT,300.0,0.192642
4,ZT,350.0,0.260608
4,ZT,400.0,0.336711
4,ZT,450.0,0.418228
4,ZT,500.0,0.497044
4,ZT,550.0,0.589415
4,ZT,600.0,0.673656
4,ZT,650.0,0.757893
4,ZT,700.0,0.844842
4,ZT,750.0,0.918233
4,ZT,800.0,0.988908
4,ZT,850.0,1.06229
4,ZT,900.0,1.12483
4,ZT,950.0,1.19279
4,ZT,1000.0,1.25262
4,ZT,1050.0,1.31516
4,ZT,1100.0,1.36955
4,ZT,1150.0,1.41582
4,ZT,1200.0,1.46208
6,alpha,298.269,6.3091e-05
6,alpha,346.333,7.03964e-05
6,alpha,396.923,7.889509999999999e-05
6,alpha,448.773,8.85814e-05
6,alpha,498.085,9.94385e-05
6,alpha,547.438,0.0001020209999999
6,alpha,598.004,0.000115248
6,alpha,647.292,0.0001308329999999
6,alpha,697.864,0.0001428779999999
6,alpha,747.17,0.000154917
6,alpha,797.699,0.0001752359999999
6,alpha,846.987,0.000190822
6,alpha,897.535,0.0002075949999999
6,alpha,948.136,0.000213729
6,alpha,997.478,0.0002186759999999
6,rho,298.997,3.67466027765733e-05
6,rho,349.833,3.530412740553498e-05
6,rho,399.331,3.601812432015791e-05
6,rho,447.492,3.3918311139451744e-05
6,rho,499.666,3.324600715454074e-05
6,rho,550.502,3.4604351151113744e-05
6,rho,600.0,3.530412740553498e-05
6,rho,648.161,3.748983088337288e-05
6,rho,698.997,4.061589950001828e-05
6,rho,751.171,4.061589950001828e-05
6,rho,799.331,4.143720812666526e-05
6,rho,850.167,4.767171351207048e-05
6,rho,899.666,5.595344673231871e-05
6,rho,950.502,5.8239422264931134e-05
6,rho,1000.0,6.061891916467129e-05
6,kappa,298.163,0.486416
6,kappa,348.933,0.544164
6,kappa,399.661,0.584189
6,kappa,447.827,0.611581
6,kappa,498.537,0.644011
6,kappa,549.241,0.67391
6,kappa,599.903,0.686088
6,kappa,651.644,0.619772
6,kappa,698.28,0.535784
6,kappa,750.154,0.525164
6,kappa,799.502,0.517101
6,kappa,849.977,0.450797
6,kappa,899.343,0.450328
6,kappa,949.885,0.411873
6,kappa,1000.41,0.368354
6,ZT,299.005,0.0646204
6,ZT,351.741,0.0928918
6,ZT,400.497,0.109047
6,ZT,448.259,0.161551
6,ZT,500.0,0.210016
6,ZT,551.741,0.234249
6,ZT,598.507,0.319063
6,ZT,649.254,0.468498
6,ZT,748.756,0.836026
6,ZT,800.497,1.16721
6,ZT,849.254,1.47011
6,ZT,900.0,1.57512
6,ZT,949.751,1.80533
6,ZT,1000.5,2.09208
7,alpha,77.0055,1.07064e-05
7,alpha,97.7948,1.57291e-05
7,alpha,119.835,2.65327e-05
7,alpha,140.651,3.66156e-05
7,alpha,161.455,4.45298e-05
7,alpha,179.816,5.24484e-05
7,alpha,201.849,6.18062e-05
7,alpha,219.057,8.2739e-05
7,alpha,242.311,9.20946e-05
7,alpha,264.359,0.0001043439999999
7,alpha,280.307,0.00011805
7,alpha,298.732,0.000138258
7,alpha,324.441,0.000149778
7,alpha,352.636,0.0001699679999999
7,alpha,367.356,0.00018223
7,alpha,386.954,0.000193038
7,alpha,412.684,0.000208895
7,alpha,435.969,0.000224034
7,alpha,459.242,0.0002370039999999
7,alpha,478.843,0.000248535
7,alpha,502.116,0.000261505
7,alpha,525.389,0.000274475
7,alpha,546.212,0.000286004
7,alpha,570.68,0.000293911
7,alpha,592.702,0.0003011
7,alpha,614.724,0.0003082889999999
7,alpha,637.948,0.000311862
7,alpha,661.192,0.0003190489999999
7,alpha,681.985,0.000324794
7,alpha,703.988,0.000328369
7,alpha,723.541,0.0003305029999999
7,alpha,744.297,0.000329019
7,alpha,765.067,0.000330427
7,rho,79.884,2.0498000000000003e-05
7,rho,99.5642,2.6504500000000003e-05
7,rho,121.68,3.18872e-05
7,rho,141.337,3.66488e-05
7,rho,162.2,4.03724e-05
7,rho,180.597,4.306e-05
7,rho,202.72,4.8857700000000005e-05
7,rho,220.963,4.3039100000000006e-05
7,rho,241.642,3.65968e-05
7,rho,263.544,3.015390000000001e-05
7,rho,295.221,2.30835e-05
7,rho,305.014,2.34933e-05
7,rho,317.258,2.4109400000000003e-05
7,rho,329.498,2.4518e-05
7,rho,349.088,2.55452e-05
7,rho,376.033,2.73984e-05
7,rho,401.758,2.94598e-05
7,rho,427.483,3.15211e-05
7,rho,450.762,3.35837e-05
7,rho,478.945,3.62662e-05
7,rho,507.124,3.87412e-05
7,rho,534.091,4.18393e-05
7,rho,564.721,4.45205e-05
7,rho,592.908,4.741050000000001e-05
7,rho,621.068,4.88481e-05
7,rho,651.675,5.02846e-05
7,rho,684.736,5.213460000000001e-05
7,rho,705.561,5.37836e-05
7,rho,720.269,5.54357e-05
7,rho,734.959,5.605050000000001e-05
7,rho,745.987,5.70821e-05
7,rho,764.354,5.811e-05
7,kappa,296.448,2.16914
7,kappa,328.323,1.97802
7,kappa,377.338,1.74694
7,kappa,423.892,1.55619
7,kappa,474.108,1.38574
7,kappa,487.586,1.32548
7,kappa,524.309,1.2557
7,kappa,574.503,1.14585
7,kappa,624.674,1.09662
7,kappa,674.849,1.03728
7,kappa,723.793,0.998108
7,kappa,771.507,0.979111
7,ZT,300.041,0.0984988
7,ZT,328.948,0.146178
7,ZT,358.603,0.210739
7,ZT,389.005,0.292182
7,ZT,419.41,0.382067
7,ZT,449.078,0.480399
7,ZT,480.234,0.595608
7,ZT,509.912,0.719268
7,ZT,539.589,0.840114
7,ZT,569.265,0.958146
7,ZT,599.683,1.0818
7,ZT,628.613,1.18577
7,ZT,659.021,1.28409
7,ZT,689.425,1.36835
7,ZT,720.563,1.43853
7,ZT,749.471,1.48621
7,ZT,770.221,1.51142
9,alpha,297.701,0.0001865339999999
9,alpha,309.195,0.000188529
9,alpha,321.073,0.0001915209999999
9,alpha,332.184,0.000195511
9,alpha,342.912,0.0001965089999999
9,alpha,354.789,0.0002004989999999
9,alpha,366.284,0.0002004989999999
9,alpha,377.778,0.000204489
9,alpha,388.506,0.0002054859999999
9,alpha,400.0,0.000206484
9,alpha,411.494,0.000208479
9,alpha,422.988,0.000209476
9,alpha,434.1,0.000208479
9,alpha,445.594,0.0002074809999999
9,alpha,456.705,0.0002074809999999
9,alpha,468.582,0.000204489
9,alpha,479.693,0.000202494
9,rho,297.5431798407549,7.733925780489957e-06
9,rho,308.9797375879585,8.201626731515503e-06
9,rho,320.53835219351635,8.69781167323932e-06
9,rho,331.54310465405854,9.224652183079833e-06
9,rho,343.26537612529825,9.900337503672704e-06
9,rho,354.6990293442841,1.0500016946500328e-05
9,rho,366.1508106562785,1.1004745415281112e-05
9,rho,376.842607360109,1.153426698884093e-05
9,rho,388.624342245731,1.2379981622646474e-05
9,rho,399.9723779198941,1.2975974995821396e-05
9,rho,411.6517822183641,1.360034734056636e-05
9,rho,422.8340958280798,1.425541943457977e-05
9,rho,433.8903587433882,1.4942387680605158e-05
9,rho,445.2357207423764,1.5662460906334112e-05
9,rho,457.3303251499143,1.6222956362729588e-05
9,rho,468.8241770965975,1.680389658007835e-05
9,rho,479.6561309718036,1.7406441706549553e-05
9,kappa,297.749,1.22074
9,kappa,331.518,1.12753
9,kappa,377.489,1.07275
9,kappa,422.729,1.08743
9,kappa,479.442,1.19264
9,ZT,297.581,1.09358
9,ZT,309.004,1.12891
9,ZT,320.059,1.16934
9,ZT,331.849,1.19449
9,ZT,343.638,1.21963
9,ZT,354.69,1.23462
9,ZT,366.479,1.25467
9,ZT,377.529,1.25439
9,ZT,388.578,1.24902
9,ZT,399.995,1.23855
9,ZT,411.778,1.2179
9,ZT,422.824,1.18708
9,ZT,433.869,1.15627
9,ZT,445.282,1.11526
9,ZT,457.43,1.06406
9,ZT,468.84,1.00779
10,alpha,305.002,6.8736e-05
10,alpha,325.787,7.60126e-05
10,alpha,370.144,9.6438e-05
10,alpha,417.284,0.000121265
10,alpha,465.813,0.0001475569999999
10,alpha,512.962,0.0001753259999999
10,alpha,560.111,0.000203094
10,alpha,608.601,0.000217622
10,alpha,658.456,0.000226262
10,alpha,706.927,0.000234907
10,alpha,756.763,0.0002376649999999
10,alpha,803.836,0.0002419039999999
10,alpha,855.037,0.000238775
10,alpha,903.489,0.000241538
10,rho,306.571,4.93057e-06
10,rho,325.709,5.302059999999999e-06
10,rho,368.085,6.16852e-06
10,rho,415.913,8.01861e-06
10,rho,463.734,1.02373e-05
10,rho,511.539,1.3315799999999995e-05
10,rho,559.33,1.7131499999999997e-05
10,rho,608.495,2.05789e-05
10,rho,656.325,2.23061e-05
10,rho,702.8,2.34189e-05
10,rho,752.014,2.42864e-05
10,rho,801.226,2.52768e-05
10,rho,849.068,2.6389800000000003e-05
10,rho,899.645,2.75032e-05
10,kappa,303.162,3.41445
10,kappa,324.779,3.26257
10,kappa,369.43,2.63274
10,kappa,415.394,2.17684
10,kappa,465.378,1.85143
10,kappa,512.654,1.56946
10,kappa,559.91,1.38532
10,kappa,608.504,1.25554
10,kappa,657.089,1.16924
10,kappa,707.02,1.09384
10,kappa,754.244,1.06187
10,kappa,804.158,1.07342
10,kappa,852.715,1.11755
10,kappa,903.961,1.20521
10,ZT,304.981,0.0898021
10,ZT,325.023,0.10707
10,ZT,370.812,0.21036
10,ZT,416.589,0.35145
10,ZT,464.257,0.547531
10,ZT,511.918,0.760794
10,ZT,560.533,0.980934
10,ZT,608.21,1.14952
10,ZT,656.838,1.32843
10,ZT,704.505,1.52451
10,ZT,754.104,1.6553
10,ZT,801.805,1.75173
10,ZT,850.503,1.71757
10,ZT,901.13,1.62844
11,alpha,307.339,-6.36271e-05
11,alpha,328.081,-6.958580000000001e-05
11,alpha,351.577,-7.996639999999999e-05
11,alpha,372.333,-8.15133e-05
11,alpha,395.829,-9.1894e-05
11,alpha,417.95,-9.93283e-05
11,alpha,442.829,-0.000109714
11,alpha,466.349,-0.000112742
11,alpha,488.456,-0.000124588
11,alpha,513.359,-0.000127621
11,alpha,535.466,-0.000139467
11,alpha,561.763,-0.000139563
11,alpha,583.865,-0.0001528799999999
11,alpha,607.39,-0.000154437
11,alpha,633.629,-0.000172181
11,alpha,657.163,-0.0001707969999999
11,alpha,684.802,-0.0001841339999999
11,alpha,704.169,-0.000187146
11,alpha,729.049,-0.000197532
11,alpha,755.322,-0.0002049819999999
11,alpha,780.211,-0.000212426
11,alpha,802.337,-0.0002183899999999
11,alpha,825.852,-0.000222888
11,alpha,852.13,-0.0002288669999999
11,alpha,874.294,-0.0002230659999999
11,alpha,899.188,-0.00022904
11,rho,301.107,4.56119e-06
11,rho,324.344,5.179e-06
11,rho,348.935,6.411279999999999e-06
11,rho,370.825,5.92324e-06
11,rho,392.682,7.1551e-06
11,rho,415.937,6.7901199999999984e-06
11,rho,440.533,7.7767e-06
11,rho,461.049,7.657e-06
11,rho,487.008,8.88948e-06
11,rho,512.998,8.52492e-06
11,rho,537.587,9.88005e-06
11,rho,559.475,9.51486e-06
11,rho,585.42,1.14844e-05
11,rho,608.668,1.1488e-05
11,rho,631.883,1.32115e-05
11,rho,653.761,1.3337699999999998e-05
11,rho,679.699,1.56758e-05
11,rho,701.561,1.6661999999999997e-05
11,rho,727.499,1.90001e-05
11,rho,750.719,2.04779e-05
11,rho,775.288,2.2938600000000004e-05
11,rho,799.854,2.55223e-05
11,rho,823.067,2.73686e-05
11,rho,848.986,3.06895e-05
11,rho,870.843,3.19214e-05
11,rho,898.14,3.47511e-05
11,kappa,305.792,3.74058
11,kappa,326.084,3.46911
11,kappa,372.073,2.89365
11,kappa,418.042,2.41601
11,kappa,465.325,2.10143
11,kappa,515.302,1.80863
11,kappa,562.565,1.59188
11,kappa,609.823,1.39686
11,kappa,655.714,1.28879
11,kappa,705.648,1.20251
11,kappa,754.228,1.13796
11,kappa,801.448,1.12773
11,kappa,851.357,1.16101
11,kappa,901.245,1.29213
11,ZT,304.989,0.0657471
11,ZT,324.077,0.0795748
11,ZT,370.833,0.148504
11,ZT,417.579,0.244925
11,ZT,465.268,0.375714
11,ZT,512.945,0.544303
11,ZT,560.613,0.740384
11,ZT,609.227,0.960524
11,ZT,656.899,1.14286
11,ZT,704.589,1.27365
11,ZT,753.237,1.3907
11,ZT,800.981,1.35654
11,ZT,849.696,1.27427
11,ZT,898.453,1.06486
12,alpha,300.0,0.000234621
12,alpha,319.78,0.000241828
12,alpha,340.659,0.000245901
12,alpha,360.44,0.000247781
12,alpha,380.769,0.0002462139999999
12,alpha,400.549,0.000240574
12,alpha,440.11,0.000220209
12,alpha,480.769,0.000192324
12,rho,299.451,1.3876804504965817e-05
12,rho,319.78,1.550606364618884e-05
12,rho,340.11,1.7252266085150285e-05
12,rho,360.44,1.9150007755753143e-05
12,rho,379.67,2.070269072871401e-05
12,rho,400.549,2.226744988710403e-05
12,rho,440.11,2.503266763125879e-05
12,rho,480.22,2.623287976684216e-05
12,kappa,298.904,0.685379
12,kappa,320.274,0.65248
12,kappa,339.452,0.647781
12,kappa,359.726,0.66658
12,kappa,380.0,0.694778
12,kappa,399.178,0.737076
12,kappa,439.726,0.84517
12,kappa,479.726,1.00026
12,ZT,299.371,1.71978
12,ZT,320.126,1.85714
12,ZT,340.252,1.85714
12,ZT,359.748,1.77473
12,ZT,379.874,1.61538
12,ZT,400.0,1.41758
12,ZT,439.623,1.03846
12,ZT,479.874,0.692308
13,alpha,305.302,9.80056e-05
13,alpha,309.837,0.000104548
13,alpha,351.615,0.000129488
13,alpha,379.781,0.0001400239999999
13,alpha,399.752,0.000158366
13,alpha,407.935,0.0001570869999999
13,alpha,417.925,0.0001636469999999
13,alpha,439.733,0.000170246
13,alpha,441.541,0.0001767789999999
13,alpha,466.985,0.00018339
13,alpha,473.352,0.000180799
13,alpha,500.602,0.000195249
13,alpha,514.226,0.000203126
13,alpha,533.313,0.000205799
13,alpha,566.926,0.000220269
13,alpha,573.275,0.000229428
13,alpha,602.358,0.000234745
13,alpha,635.06,0.000250518
13,alpha,669.599,0.000254547
13,alpha,675.948,0.000263706
13,rho,300.027,9.21998e-06
13,rho,346.392,9.849980000000004e-06
13,rho,379.126,1.1929499999999998e-05
13,rho,410.95,1.40105e-05
13,rho,444.588,1.4663200000000002e-05
13,rho,475.507,1.81711e-05
13,rho,509.15,2.0249e-05
13,rho,541.887,2.37536e-05
13,rho,570.988,2.72648e-05
13,rho,603.732,3.29072e-05
13,rho,635.569,3.92639e-05
13,rho,662.858,4.4916e-05
13,rho,678.329,5.05892e-05
13,rho,683.796,5.485509999999999e-05
13,kappa,303.186,2.07214
13,kappa,349.768,1.82086
13,kappa,399.977,1.57919
13,kappa,446.485,1.41362
13,kappa,499.397,1.20059
13,kappa,548.582,1.09224
13,kappa,602.308,0.98875
13,kappa,650.546,0.92323
13,ZT,300.393346782615,0.146115702479339
13,ZT,324.537243760846,0.208429752066115
13,ZT,349.70405463038,0.281487603305785
13,ZT,375.34412937524,0.364214876033058
13,ZT,400.233386317986,0.452314049586777
13,ZT,425.098756696118,0.544710743801653
13,ZT,450.327269615561,0.63495867768595
13,ZT,475.181466817666,0.720909090909091
13,ZT,500.095137070868,0.797190082644628
13,ZT,525.625848669535,0.862727272727272
13,ZT,550.292549385426,0.916446280991735
13,ZT,576.116815174929,0.956198347107438
13,ZT,599.999999999999,0.98198347107438
13,ZT,624.873273123768,0.994876033057851
13,ZT,649.925525392842,0.994876033057851
14,alpha,302.0424,-0.000173387
14,alpha,322.9818,-0.000180467
14,alpha,347.6529,-0.000184354
14,alpha,373.238,-0.000186289
14,alpha,397.858,-0.000187161
14,alpha,423.377,-0.0001851949999999
14,alpha,448.92,-0.0001846479999999
14,alpha,472.513,-0.000180734
14,alpha,497.996,-0.00017664
14,alpha,522.509,-0.00017113
14,rho,302.0309,8.92226e-06
14,rho,323.6915,9.717309999999998e-06
14,rho,348.9623,1.05124e-05
14,rho,374.233,1.13074e-05
14,rho,399.504,1.18375e-05
14,rho,424.775,1.2544199999999998e-05
14,rho,448.24,1.29859e-05
14,rho,474.414,1.3339199999999998e-05
14,rho,499.684,1.37809e-05
14,rho,524.053,1.3957599999999998e-05
14,kappa,302.56179999999995,1.13047
14,kappa,324.1304,1.13047
14,kappa,347.6598,1.11613
14,kappa,373.15,1.11254
14,kappa,397.66,1.11613
14,kappa,424.13,1.14122
14,kappa,447.66,1.18781
14,kappa,472.17,1.24875
14,kappa,498.64,1.32401
14,kappa,523.15,1.40645
14,ZT,302.4057,0.909109
14,ZT,324.45309999999995,0.971508
14,ZT,348.4389,1.01979
14,ZT,372.4432,1.05111
14,ZT,398.395,1.05984
14,ZT,424.381,1.03747
14,ZT,447.492,1.00659
14,ZT,472.569,0.936154
14,ZT,497.639,0.871373
14,ZT,523.681,0.79812
15,alpha,300.638,-0.000156615
15,alpha,319.886,-0.0001615819999999
15,alpha,340.609,-0.000167649
15,alpha,361.345,-0.000172067
15,alpha,379.119,-0.000175933
15,alpha,399.85,-0.000180901
15,alpha,419.094,-0.0001864159999999
15,alpha,439.83,-0.000190835
15,alpha,459.082,-0.000195252
15,alpha,478.335,-0.000199669
15,alpha,499.071,-0.0002040869999999
15,alpha,516.835,-0.000209052
15,alpha,539.064,-0.000212373
15,alpha,559.8,-0.0002167909999999
15,alpha,577.582,-0.000219558
15,alpha,598.323,-0.0002234269999999
15,alpha,619.072,-0.000226197
15,alpha,638.333,-0.000229515
15,alpha,656.12,-0.000231733
15,alpha,676.882,-0.000232854
15,alpha,699.115,-0.0002356259999999
15,alpha,718.398,-0.000236197
15,alpha,739.165,-0.0002367689999999
15,alpha,756.965,-0.0002373379999999
15,alpha,776.257,-0.00023681
15,alpha,797.033,-0.0002362829999999
15,rho,8.74647,4.086954034027979e-06
15,rho,27.0793,5.036743040480304e-06
15,rho,46.839,5.255661661524878e-06
15,rho,64.9188,5.304758368256326e-06
15,rho,84.6414,5.354781016230341e-06
15,rho,105.997,5.354322276657832e-06
15,rho,125.709,5.353920944003341e-06
15,rho,143.779,5.353519671508033e-06
15,rho,163.505,5.421817393190197e-06
15,rho,181.601,5.564210994880926e-06
15,rho,202.946,5.509307975825156e-06
15,rho,219.394,5.618829822501166e-06
15,rho,237.48,5.713371574833741e-06
15,rho,260.492,5.791125679009486e-06
15,rho,280.218,5.871094254547162e-06
15,rho,298.274,5.790186791425891e-06
15,rho,299.96,6.0600551465018335e-06
15,rho,319.673,6.059541050360846e-06
15,rho,339.422,6.30775538524616e-06
15,rho,359.169,6.55166313968801e-06
15,rho,377.279,6.870727266481157e-06
15,rho,398.664,7.130836589748709e-06
15,rho,418.41,7.444187206419867e-06
15,rho,441.442,7.786160877656054e-06
15,rho,461.185,8.12202530823086e-06
15,rho,482.574,8.530894634920365e-06
15,rho,499.018,8.750896966939111e-06
15,rho,522.042,9.12758538856131e-06
15,rho,540.132,9.432093641825677e-06
15,rho,558.226,9.81431319436266e-06
15,rho,582.89,1.022825370978762e-05
15,rho,599.334,1.0546075805192888e-05
15,rho,620.709,1.0954402300424484e-05
15,rho,642.081,1.1319298158236998e-05
15,rho,661.81,1.1709492182743018e-05
15,rho,681.536,1.2041156673510058e-05
15,rho,702.902,1.2301772316337617e-05
15,rho,717.696,1.2574677868189711e-05
15,rho,739.082,1.3474310553214768e-05
15,rho,760.447,1.3801479518604396e-05
15,rho,780.166,1.4027783427857212e-05
15,rho,798.243,1.4261876577720096e-05
15,kappa,303.274,2.73471
15,kappa,322.495,2.72291
15,kappa,343.195,2.71104
15,kappa,362.408,2.68828
15,kappa,381.603,2.6436
15,kappa,403.774,2.62071
15,kappa,421.499,2.58706
15,kappa,442.191,2.56423
15,kappa,462.874,2.53045
15,kappa,483.557,2.49666
15,kappa,502.761,2.46294
15,kappa,523.435,2.4182
15,kappa,542.63,2.37352
15,kappa,561.851,2.36172
15,kappa,581.055,2.328
15,kappa,601.747,2.30517
15,kappa,620.977,2.30433
15,kappa,640.198,2.29253
15,kappa,660.899,2.28066
15,kappa,680.155,2.31269
15,kappa,700.874,2.32274
15,kappa,720.121,2.34382
15,kappa,739.378,2.37585
15,kappa,760.122,2.41878
15,kappa,780.875,2.47267
15,kappa,800.166,2.54854
15,ZT,300.494,0.466998
15,ZT,318.003,0.508586
15,ZT,338.444,0.550222
15,ZT,360.326,0.604272
15,ZT,380.75,0.654167
15,ZT,399.708,0.704039
15,ZT,420.14,0.749805
15,ZT,440.556,0.80383
15,ZT,460.962,0.861986
15,ZT,481.378,0.916011
15,ZT,498.852,0.974118
15,ZT,519.276,1.02401
15,ZT,539.7,1.07391
15,ZT,560.107,1.13206
15,ZT,580.539,1.17783
15,ZT,599.523,1.21531
15,ZT,619.964,1.25695
15,ZT,638.965,1.28617
15,ZT,657.983,1.30714
15,ZT,678.467,1.32812
15,ZT,698.985,1.33259
15,ZT,718.046,1.33291
15,ZT,735.693,1.30842
15,ZT,756.254,1.29224
15,ZT,776.867,1.25128
15,ZT,797.497,1.20206
16,alpha,322.815,-0.0001449109999999
16,alpha,348.976,-0.000149823
16,alpha,372.82,-0.00015506
16,alpha,397.443,-0.000159645
16,alpha,422.833,-0.000164557
16,alpha,447.466,-0.0001683249999999
16,alpha,472.874,-0.0001717679999999
16,alpha,496.756,-0.000173903
16,alpha,522.198,-0.0001745699999999
16,alpha,547.649,-0.000174421
16,alpha,573.121,-0.000172639
16,rho,322.368,7.176123601552913e-06
16,rho,347.459,7.660311161839394e-06
16,rho,373.332,8.277391959341449e-06
16,rho,397.636,8.96523282709652e-06
16,rho,423.516,9.690391976355446e-06
16,rho,447.828,1.044136702553645e-05
16,rho,472.926,1.1318670373153926e-05
16,rho,497.247,1.208113205039765e-05
16,rho,523.138,1.2954156535436745e-05
16,rho,549.035,1.369832989961864e-05
16,rho,572.579,1.4435617866098096e-05
16,kappa,322.081,1.30222
16,kappa,347.208,1.25333
16,kappa,373.096,1.20444
16,kappa,397.462,1.17333
16,kappa,423.35,1.14667
16,kappa,447.716,1.13333
16,kappa,472.081,1.12889
16,kappa,497.97,1.14667
16,kappa,523.096,1.16444
16,kappa,548.223,1.21778
16,kappa,572.589,1.28444
16,ZT,322.296,0.724646
16,ZT,347.703,0.815756
16,ZT,373.103,0.89773
16,ZT,397.675,0.964485
16,ZT,423.067,1.03428
16,ZT,448.439,1.07666
16,ZT,473.799,1.10381
16,ZT,499.131,1.09137
16,ZT,523.631,1.06067
16,ZT,548.112,1.00255
16,ZT,573.39,0.917016
17,alpha,299.769,5.046779999999999e-05
17,alpha,324.946,6.172529999999999e-05
17,alpha,349.041,6.95237e-05
17,alpha,374.201,8.42393e-05
17,alpha,400.465,9.7659e-05
17,alpha,425.633,0.000110645
17,alpha,450.805,0.000122767
17,alpha,474.881,0.000134889
17,alpha,500.057,0.000146146
17,alpha,525.239,0.000156107
17,alpha,549.329,0.0001652019999999
17,alpha,574.511,0.000175163
17,alpha,597.507,0.000183392
17,alpha,623.799,0.0001907599999999
17,alpha,648.999,0.00019683
17,alpha,673.101,0.000203332
17,alpha,698.307,0.000208105
17,alpha,722.418,0.000212445
17,alpha,747.631,0.0002159219999999
17,alpha,776.136,0.0002189679999999
17,alpha,798.068,0.000220281
17,alpha,824.385,0.000222029
17,alpha,847.42,0.0002220449999999
17,rho,299.87,4.009e-06
17,rho,325.08,4.41631e-06
17,rho,348.091,4.9585800000000006e-06
17,rho,374.394,5.45605e-06
17,rho,399.594,6.08858e-06
17,rho,423.694,6.811120000000002e-06
17,rho,448.89,7.533740000000001e-06
17,rho,474.078,8.43654e-06
17,rho,498.172,9.29421e-06
17,rho,524.453,1.0287200000000002e-05
17,rho,549.639,1.1235e-05
17,rho,573.731,1.21377e-05
17,rho,600.014,1.30857e-05
17,rho,625.202,1.3988499999999997e-05
17,rho,649.3,1.47561e-05
17,rho,674.496,1.54787e-05
17,rho,699.699,1.60662e-05
17,rho,723.806,1.66085e-05
17,rho,747.909,1.7241e-05
17,rho,775.304,1.78736e-05
17,rho,798.302,1.86862e-05
17,rho,824.587,1.95891e-05
17,rho,848.675,2.05819e-05
17,kappa,299.747,2.99228
17,kappa,323.819,2.77771
17,kappa,348.987,2.56312
17,kappa,376.357,2.37708
17,kappa,399.344,2.20538
17,kappa,427.821,2.05504
17,kappa,451.914,1.91903
17,kappa,476.009,1.79017
17,kappa,501.206,1.67559
17,kappa,524.22,1.60388
17,kappa,551.619,1.51784
17,kappa,574.637,1.46043
17,kappa,600.946,1.40297
17,kappa,625.062,1.34554
17,kappa,650.282,1.31667
17,kappa,675.497,1.26637
17,kappa,700.721,1.25178
17,kappa,727.041,1.23004
17,kappa,751.17,1.22261
17,kappa,775.298,1.20804
17,kappa,800.524,1.20059
17,kappa,825.742,1.16458
17,kappa,848.777,1.1643
17,ZT,301.101,0.0645161
17,ZT,324.22,0.102467
17,ZT,348.44,0.140417
17,ZT,373.761,0.197343
17,ZT,397.982,0.280835
17,ZT,424.404,0.368121
17,ZT,450.826,0.462998
17,ZT,475.046,0.56926
17,ZT,499.266,0.675522
17,ZT,524.587,0.785579
17,ZT,549.908,0.88425
17,ZT,574.128,0.998102
17,ZT,599.45,1.10436
17,ZT,625.872,1.21063
17,ZT,648.991,1.3093
17,ZT,674.312,1.41176
17,ZT,700.734,1.50664
17,ZT,724.954,1.59772
17,ZT,750.275,1.66603
17,ZT,775.596,1.70398
17,ZT,799.817,1.73055
17,ZT,824.037,1.75332
17,ZT,849.358,1.73055
18,alpha,300.043,6.54708e-05
18,alpha,326.468,7.18349e-05
18,alpha,350.953,8.381799999999999e-05
18,alpha,374.459,9.50008e-05
18,alpha,400.905,0.000108584
18,alpha,425.4,0.000123776
18,alpha,449.898,0.00013977
18,alpha,475.376,0.000156564
18,alpha,499.873,0.0001725569999999
18,alpha,526.329,0.0001893489999999
18,alpha,549.846,0.000204543
18,alpha,575.312,0.0002173259999999
18,alpha,600.776,0.0002293069999999
18,alpha,625.257,0.000239686
18,alpha,648.752,0.0002476599999999
18,alpha,674.202,0.000254829
18,alpha,699.648,0.000261195
18,alpha,725.088,0.000265154
18,alpha,750.53,0.000269916
18,rho,298.148,3.50126e-06
18,rho,323.148,3.80353e-06
18,rho,348.148,4.25693e-06
18,rho,374.074,5.01259e-06
18,rho,399.074,6.221660000000001e-06
18,rho,424.074,7.128459999999999e-06
18,rho,450.0,8.48867e-06
18,rho,475.0,9.5466e-06
18,rho,498.148,1.10579e-05
18,rho,524.074,1.3022700000000002e-05
18,rho,549.074,1.43829e-05
18,rho,574.074,1.60453e-05
18,rho,599.074,1.77078e-05
18,rho,625.0,1.95214e-05
18,rho,650.926,2.16373e-05
18,rho,675.0,2.37531e-05
18,rho,700.926,2.55667e-05
18,rho,725.0,2.753150000000001e-05
18,rho,750.0,2.96474e-05
18,kappa,300.021,3.87171
18,kappa,325.95,3.49669
18,kappa,350.921,3.14908
18,kappa,375.907,2.85628
18,kappa,399.936,2.59089
18,kappa,424.936,2.35287
18,kappa,448.983,2.16054
18,kappa,474.961,1.9773
18,kappa,499.984,1.83061
18,kappa,525.975,1.70216
18,kappa,549.084,1.61031
18,kappa,574.124,1.52755
18,kappa,600.131,1.46303
18,kappa,625.175,1.39853
18,kappa,650.226,1.36143
18,kappa,674.31,1.31522
18,kappa,700.323,1.26896
18,kappa,724.407,1.22275
18,kappa,750.422,1.18562
18,ZT,298.886,0.0859335
18,ZT,324.513,0.130946
18,ZT,349.025,0.163683
18,ZT,373.538,0.21688
18,ZT,398.05,0.286445
18,ZT,423.677,0.364194
18,ZT,450.418,0.486957
18,ZT,473.816,0.581074
18,ZT,498.329,0.707928
18,ZT,523.955,0.834783
18,ZT,548.468,0.961637
18,ZT,574.095,1.08849
18,ZT,599.721,1.19488
18,ZT,624.234,1.28082
18,ZT,649.861,1.35038
18,ZT,675.487,1.41176
18,ZT,698.886,1.44859
18,ZT,725.627,1.47315
18,ZT,750.139,1.48542
19,alpha,299.6765,0.000187461
19,alpha,323.803,0.0001961519999999
19,alpha,347.9363,0.000205425
19,alpha,375.276,0.000211192
19,alpha,399.994,0.000214925
19,alpha,424.709,0.000218366
19,alpha,451.342,0.000219178
19,alpha,474.674,0.000215334
19,alpha,500.577,0.000209151
19,alpha,525.81,0.00020122
19,rho,298.9123,8.007879753677618e-06
19,rho,324.1024,9.053378720938654e-06
19,rho,348.64649999999995,1.0374939955035013e-05
19,rho,373.852,1.1747747663079297e-05
19,rho,399.064,1.328679412245375e-05
19,rho,424.286,1.4813059192984536e-05
19,rho,450.16,1.6445988905535885e-05
19,rho,473.451,1.8015031742485928e-05
19,rho,498.688,1.964158044012853e-05
19,rho,524.581,2.080338512682784e-05
19,kappa,299.6765,1.10609
19,kappa,323.803,1.05971
19,kappa,347.9363,1.02725
19,kappa,375.276,0.985507
19,kappa,399.994,0.990145
19,kappa,424.709,1.00406
19,kappa,451.342,1.05971
19,kappa,474.674,1.12928
19,kappa,500.577,1.1942
19,kappa,525.81,1.28232
19,ZT,298.7254,1.17771
19,ZT,323.0221,1.29032
19,ZT,346.6794,1.3654
19,ZT,373.534,1.44047
19,ZT,398.47,1.4217
19,ZT,423.406,1.3607
19,ZT,448.342,1.23871
19,ZT,473.278,1.08387
19,ZT,498.853,0.952493
19,ZT,524.429,0.81173
23,alpha,321.362,7.359269999999999e-05
23,alpha,370.055,9.53052e-05
23,alpha,417.827,0.0001258299999999
23,alpha,466.503,0.000155555
23,alpha,514.275,0.00018608
23,alpha,562.05,0.000215003
23,alpha,611.64,0.000239121
23,alpha,661.243,0.0002568279999999
23,alpha,709.049,0.000270526
23,alpha,758.673,0.0002778169999999
23,rho,320.698,4.9781100000000005e-06
23,rho,367.619,5.819800000000001e-06
23,rho,417.235,7.76722e-06
23,rho,465.036,1.05429e-05
23,rho,512.831,1.3871000000000003e-05
23,rho,562.413,1.8719e-05
23,rho,611.995,2.35669e-05
23,rho,659.77,2.85525e-05
23,rho,709.358,3.2848e-05
23,rho,758.958,3.61766e-05
23,kappa,319.892,2.78704
23,kappa,371.429,2.35185
23,kappa,422.966,1.93519
23,kappa,472.694,1.58333
23,kappa,523.327,1.32407
23,kappa,573.056,1.13889
23,kappa,623.689,0.990741
23,kappa,672.514,0.898148
23,kappa,723.146,0.842593
23,kappa,773.779,0.833333
23,ZT,322.311,0.129407
23,ZT,371.802,0.258249
23,ZT,422.154,0.459801
23,ZT,471.713,0.718512
23,ZT,522.111,1.00837
23,ZT,573.328,1.28783
23,ZT,623.727,1.57769
23,ZT,674.071,1.76366
23,ZT,725.233,1.93922
23,ZT,773.87,2.01094
25,alpha,303.147540983606,7.85219399538107e-05
25,alpha,324.0,8.01385681293303e-05
25,alpha,347.606557377049,8.98383371824481e-05
25,alpha,371.606557377049,9.30715935334873e-05
25,alpha,394.819672131147,0.000100076982294
25,alpha,421.573770491803,0.0001060046189376
25,alpha,446.754098360655,0.0001092378752886
25,alpha,471.934426229508,0.0001200153964588
25,alpha,496.327868852459,0.0001286374133949
25,alpha,521.508196721311,0.0001388760585065
25,alpha,547.868852459016,0.0001485758275596
25,alpha,572.655737704918,0.0001582755966127
25,alpha,597.442622950819,0.0001706697459584
25,alpha,623.409836065573,0.000177675134719
25,alpha,648.196721311475,0.0001873749037721
25,alpha,671.803278688524,0.0001976135488837
25,alpha,693.83606557377,0.0002040800615858
25,alpha,723.737704918032,0.0002153964588144
25,alpha,746.950819672131,0.000223479599692
25,alpha,772.131147540983,0.0002347959969207
25,alpha,797.311475409836,0.0002412625096227
25,alpha,820.918032786885,0.0002520400307929
25,alpha,847.672131147541,0.000260662047729
25,alpha,871.27868852459,0.0002692840646651
25,alpha,896.459016393442,0.0002779060816012
25,alpha,929.508196721311,0.0002865280985373
25,rho,303.050108932461,1.017380715155541e-05
25,rho,322.657952069716,1.0866737613811045e-05
25,rho,347.058823529411,1.1732414145282784e-05
25,rho,372.76688453159,1.2663635110927388e-05
25,rho,397.167755991285,1.3854967586310878e-05
25,rho,423.311546840958,1.5112645946390417e-05
25,rho,448.148148148148,1.6513926325247085e-05
25,rho,472.113289760348,1.803021385128508e-05
25,rho,498.257080610021,1.985310002160296e-05
25,rho,523.9651416122,2.1896592804384114e-05
25,rho,548.801742919389,2.410175714660376e-05
25,rho,573.202614379084,2.6894937079309328e-05
25,rho,598.474945533769,3.0062152437029783e-05
25,rho,623.747276688452,3.3188876850848754e-05
25,rho,648.148148148147,3.6863217007621314e-05
25,rho,672.549019607842,4.079005770084333e-05
25,rho,696.949891067537,4.485114690092736e-05
25,rho,722.657952069716,4.9488422186321857e-05
25,rho,747.494553376906,5.402704291593192e-05
25,rho,773.489010989011,5.5293405928614806e-05
25,rho,798.626373626373,6.021080368906482e-05
25,rho,823.076923076923,6.38268156424583e-05
25,rho,848.626373626373,6.64727272727277e-05
25,rho,873.351648351648,6.892911010558089e-05
25,rho,897.93956043956,7.163009404388758e-05
25,rho,930.631868131868,7.442996742671024e-05
25,kappa,303.361344537815,2.01511627906976
25,kappa,323.109243697478,1.97151162790697
25,kappa,347.058823529411,1.90348837209302
25,kappa,372.689075630252,1.84418604651162
25,kappa,397.899159663865,1.78313953488372
25,kappa,422.689075630252,1.70988372093023
25,kappa,447.058823529411,1.64360465116279
25,kappa,473.109243697479,1.57558139534883
25,kappa,497.058823529411,1.5110465116279
25,kappa,521.848739495798,1.44651162790697
25,kappa,547.058823529411,1.37674418604651
25,kappa,572.268907563025,1.31744186046511
25,kappa,596.218487394958,1.25465116279069
25,kappa,622.268907563025,1.19883720930232
25,kappa,647.899159663865,1.14127906976744
25,kappa,673.529411764705,1.08720930232558
25,kappa,697.899159663865,1.04360465116279
25,kappa,722.689075630252,0.996511627906977
25,kappa,747.478991596638,0.951162790697675
25,kappa,773.109243697479,0.912790697674418
25,kappa,797.899159663865,0.881395348837209
25,kappa,822.689075630252,0.869186046511627
25,kappa,847.058823529411,0.85
25,kappa,872.268907563025,0.837790697674419
25,kappa,896.638655462184,0.820348837209302
25,kappa,929.831932773109,0.809883720930233
25,ZT,300.898876404494,0.0814457831325303
25,ZT,322.471910112359,0.0866666666666666
25,ZT,347.640449438202,0.0991967871485945
25,ZT,374.606741573033,0.111726907630522
25,ZT,397.977528089887,0.132610441767068
25,ZT,423.14606741573,0.157670682730923
25,ZT,446.516853932584,0.182730923694779
25,ZT,471.685393258426,0.207791164658634
25,ZT,496.853932584269,0.241204819277108
25,ZT,522.022471910112,0.274618473895582
25,ZT,545.393258426966,0.316385542168674
25,ZT,570.561797752809,0.358152610441767
25,ZT,597.52808988764,0.408273092369477
25,ZT,620.898876404494,0.458393574297188
25,ZT,647.865168539325,0.512690763052209
25,ZT,676.629213483146,0.583694779116466
25,ZT,696.404494382022,0.646345381526104
25,ZT,721.573033707865,0.72570281124498
25,ZT,744.943820224719,0.78
25,ZT,770.112359550561,0.842650602409638
25,ZT,797.078651685393,0.938714859437751
25,ZT,822.247191011235,1.02329317269076
25,ZT,847.415730337078,1.09847389558232
25,ZT,870.786516853932,1.16843373493975
25,ZT,895.955056179775,1.23734939759036
25,ZT,930.112359550561,1.30522088353413
28,alpha,303.246753246753,0.0001618226600985
28,alpha,324.350649350649,0.000165763546798
28,alpha,373.457792207792,0.0001889162561576
28,alpha,423.782467532467,0.0002091133004926
28,alpha,472.88961038961,0.0002273399014778
28,alpha,523.620129870129,0.0002426108374384
28,alpha,573.538961038961,0.0002598522167487
28,alpha,623.051948051948,0.000281527093596
28,alpha,673.782467532467,0.0003160098522167
28,alpha,723.701298701298,0.0003248768472906
28,alpha,773.620129870129,0.0003110837438423
28,rho,304.526748971193,6.8952209181399725e-06
28,rho,323.456790123456,7.517875320107356e-06
28,rho,374.074074074074,9.743969590014112e-06
28,rho,424.279835390946,1.2849496417420273e-05
28,rho,473.662551440329,1.67989292874924e-05
28,rho,523.045267489711,2.1962263425637573e-05
28,rho,573.251028806584,2.896191563399183e-05
28,rho,623.868312757201,3.819244587565135e-05
28,rho,673.251028806584,5.350698906686984e-05
28,rho,723.456790123456,6.527824359352284e-05
28,rho,772.839506172839,6.875378643216862e-05
28,kappa,301.672240802675,1.64503816793893
28,kappa,323.829431438127,1.5473282442748
28,kappa,374.414715719063,1.35190839694656
28,kappa,424.581939799331,1.17328244274808
28,kappa,474.331103678929,1.03129770992365
28,kappa,523.662207357859,0.916793893129762
28,kappa,574.665551839464,0.82061068702289
28,kappa,623.578595317725,0.729007633587774
28,kappa,673.327759197324,0.641984732824414
28,kappa,723.494983277591,0.582442748091589
28,kappa,774.080267558528,0.542748091603039
28,ZT,300.816326530612,0.723684210526323
28,ZT,322.448979591836,0.785172064777335
28,ZT,372.653061224489,1.02656882591093
28,ZT,423.265306122448,1.24291497975709
28,ZT,472.653061224489,1.42282388663968
28,ZT,522.448979591836,1.55490890688259
28,ZT,573.469387755102,1.6664979757085
28,ZT,622.857142857142,1.83274291497976
28,ZT,672.653061224489,2.00581983805668
28,ZT,722.04081632653,2.04681174089069
28,ZT,773.061224489795,2.03770242914979
31,alpha,319.170984455958,-0.0001677628032345
31,alpha,344.041450777202,-0.000172884097035
31,alpha,371.243523316062,-0.0001747708894878
31,alpha,390.155440414507,-0.0001775202156334
31,alpha,409.067357512953,-0.0001809164420485
31,alpha,427.979274611399,-0.0001805929919137
31,alpha,447.150259067357,-0.0001766037735849
31,alpha,475.906735751295,-0.0001695417789757
31,alpha,504.663212435233,-0.0001616711590296
31,rho,319.14893617021306,1.885912101143892e-05
31,rho,344.00000000000074,1.957812500000001e-05
31,rho,371.1162255466057,2.032770927968853e-05
31,rho,389.963724304717,2.074503311258279e-05
31,rho,409.0044388078644,2.1194181326116374e-05
31,rho,428.0026542800268,2.158855961405929e-05
31,rho,446.67590027700845,2.1890286512928036e-05
31,rho,476.0147601476014,2.2247869318181838e-05
31,rho,504.6948356807536,2.279839883551675e-05
31,kappa,319.179986101459,0.816071428571428
31,kappa,344.058373870743,0.824362244897959
31,kappa,371.021542738012,0.832015306122448
31,kappa,390.062543432939,0.837755102040816
31,kappa,409.103544127866,0.836479591836734
31,kappa,428.005559416261,0.807142857142857
31,kappa,446.907574704656,0.776530612244897
31,kappa,475.955524669909,0.729336734693877
31,kappa,505.003474635163,0.676403061224489
31,ZT,318.905472636815,0.583251714005876
31,ZT,344.029850746268,0.638589618021547
31,ZT,371.144278606965,0.669931439764936
31,ZT,390.049751243781,0.707639569049951
31,ZT,408.706467661691,0.755631733594515
31,ZT,427.860696517413,0.802644466209598
31,ZT,447.014925373134,0.821253672869735
31,ZT,476.119402985074,0.844270323212536
31,ZT,504.975124378109,0.856023506366307
32,alpha,319.084,0.000182026
32,alpha,334.269,0.0001854269999999
32,alpha,353.655,0.000186375
32,alpha,370.518,0.000188305
32,alpha,389.915,0.000191211
32,alpha,419.425,0.000194589
32,alpha,448.055,0.000190137
32,alpha,477.514,0.000182746
32,alpha,506.123,0.000173888
32,alpha,534.725,0.000163562
32,rho,319.1183517010066,1.9546377516118086e-05
32,rho,334.0020060180546,2.013884605691317e-05
32,rho,353.1283138918348,2.085279458460644e-05
32,rho,370.6176961602682,2.152053312974212e-05
32,rho,388.7915936952718,2.235752016472205e-05
32,rho,418.8679245283032,2.3615592556775437e-05
32,rho,447.8816408876939,2.482062311332696e-05
32,rho,476.0543245175127,2.591460947762823e-05
32,rho,504.9279757391965,2.687786774861482e-05
32,rho,533.2265812650136,2.787693078437801e-05
32,kappa,319.691,0.721473
32,kappa,333.974,0.718513
32,kappa,353.615,0.716961
32,kappa,370.887,0.726934
32,kappa,389.95,0.742651
32,kappa,419.751,0.782767
32,kappa,448.957,0.822887
32,kappa,475.818,0.898991
32,kappa,506.254,0.979391
32,kappa,534.313,1.06268
32,ZT,318.13,0.751367
32,ZT,333.617,0.798951
32,ZT,351.952,0.830753
32,ZT,369.602,0.844761
32,ZT,388.66,0.862736
32,ZT,417.635,0.863023
32,ZT,446.687,0.802045
32,ZT,475.091,0.695605
32,ZT,504.2,0.589173
32,ZT,533.31,0.482741
33,alpha,322.853,-0.000139311
33,alpha,372.914,-0.0001454099999999
33,alpha,422.973,-0.000152882
33,alpha,472.671,-0.000157882
33,alpha,522.747,-0.0001562889999999
33,rho,322.233,1.1487215303727716e-05
33,rho,372.463,1.2471984804133717e-05
33,rho,423.058,1.344020988231752e-05
33,rho,472.555,1.4728711856318468e-05
33,rho,522.782,1.5911126810089563e-05
33,kappa,322.943,1.00042
33,kappa,372.727,0.973814
33,kappa,423.235,1.01144
33,kappa,473.374,1.07658
33,kappa,523.504,1.21053
33,ZT,323.131,0.541997
33,ZT,372.877,0.643423
33,ZT,422.624,0.709984
33,ZT,472.687,0.729002
33,ZT,523.067,0.641838
34,alpha,302.2198,0.000209107
34,alpha,315.92409999999995,0.0002232139999999
34,alpha,350.3925,0.000233571
34,alpha,390.675,0.000230357
34,alpha,430.127,0.0002210709999999
34,alpha,473.316,0.000199286
34,alpha,512.768,0.000174464
34,rho,302.4073,1.209292201274594e-05
34,rho,315.28029999999995,1.3151353668833131e-05
34,rho,350.5612,1.588360494297786e-05
34,rho,390.396,1.919216345581772e-05
34,rho,430.633,2.220781181988576e-05
34,rho,473.351,2.4752168908800635e-05
34,rho,512.7439999999999,2.6168899309926127e-05
34,kappa,302.9594,0.662977
34,kappa,316.225,0.668452
34,kappa,351.0487,0.676824
34,kappa,390.846,0.690582
34,kappa,431.051,0.731011
34,kappa,473.738,0.795467
34,kappa,513.5219999999999,0.862559
34,ZT,303.189,1.65879
34,ZT,316.46349999999995,1.80229
34,ZT,351.2261,1.77509
34,ZT,390.505,1.56741
34,ZT,430.597,1.28955
34,ZT,473.574,0.954845
34,ZT,512.843,0.697041
35,alpha,300.567,-0.0001067249999999
35,alpha,317.422,-0.0001096489999999
35,alpha,366.006,-0.0001178359999999
35,alpha,415.581,-0.000126608
35,alpha,463.173,-0.0001383039999999
35,alpha,511.756,-0.000137719
35,rho,302.562,8.634832915983076e-05
35,rho,317.571,8.509262332048434e-05
35,rho,366.636,7.649178095813605e-05
35,rho,414.656,7.423904974016334e-05
35,rho,463.627,7.761624973804515e-05
35,rho,513.681,7.156198341193225e-05
35,kappa,324.117,0.293542
35,kappa,373.265,0.285722
35,kappa,424.411,0.286122
35,kappa,474.577,0.264639
35,kappa,523.731,0.25135
35,kappa,572.868,0.254469
35,ZT,316.916,0.14784
35,ZT,365.369,0.221801
35,ZT,414.36,0.304712
35,ZT,462.799,0.398808
35,ZT,511.789,0.482837
36,alpha,301.286,0.000236066
36,alpha,322.641,0.000238449
36,alpha,342.032,0.00024138
36,alpha,361.982,0.0002434949999999
36,alpha,381.078,0.000241816
36,alpha,400.45,0.000238238
36,rho,301.296,1.604222313128153e-05
36,rho,322.335,1.7053060598050836e-05
36,rho,341.964,1.8439059829217427e-05
36,rho,361.318,1.978654277652683e-05
36,rho,380.955,2.1162184868614576e-05
36,rho,400.312,2.274329641338216e-05
36,kappa,301.276,0.964507
36,kappa,322.035,0.917647
36,kappa,341.947,0.861209
36,kappa,361.576,0.803405
36,kappa,380.926,0.746976
36,kappa,400.571,0.716569
36,ZT,300.675,1.09241
36,ZT,321.762,1.17644
36,ZT,341.725,1.26051
36,ZT,361.69,1.35136
36,ZT,381.088,1.4185
36,ZT,400.745,1.39411
37,alpha,300.228,0.000212871
37,alpha,310.137,0.000218541
37,alpha,320.663,0.0002234439999999
37,alpha,330.567,0.0002274259999999
37,alpha,340.468,0.0002304869999999
37,alpha,350.676,0.000232781
37,alpha,359.954,0.000234155
37,alpha,370.158,0.000235222
37,alpha,380.36,0.0002355209999999
37,alpha,390.251,0.000235053
37,alpha,399.829,0.0002336639999999
37,alpha,410.643,0.000232121
37,alpha,419.909,0.0002296589999999
37,alpha,429.483,0.0002267359999999
37,alpha,439.981,0.0002230449999999
37,alpha,449.55,0.000218434
37,alpha,459.427,0.000213823
37,alpha,469.614,0.000209365
37,alpha,480.105,0.0002030659999999
37,alpha,489.977,0.0001969199999999
37,alpha,500.157,0.0001901599999999
37,rho,300.192,1.361572343742554e-05
37,rho,310.368,1.4465102217644825e-05
37,rho,320.547,1.535470913574484e-05
37,rho,330.422,1.6224889954683883e-05
37,rho,340.297,1.7169356818724213e-05
37,rho,350.487,1.8062050367833657e-05
37,rho,360.677,1.9052663467089383e-05
37,rho,370.251,1.9992842562362674e-05
37,rho,380.137,2.094056648420453e-05
37,rho,390.026,2.1835109983448984e-05
37,rho,400.223,2.286304805584071e-05
37,rho,410.116,2.3701119403869444e-05
37,rho,420.318,2.4603211703255744e-05
37,rho,430.215,2.531120121898745e-05
37,rho,440.113,2.592271918955211e-05
37,rho,450.32,2.6637259132584293e-05
37,rho,460.22,2.7163431501974784e-05
37,rho,469.812,2.7632095231253004e-05
37,rho,480.023,2.811776846142383e-05
37,rho,489.926,2.8453711502128336e-05
37,rho,500.139,2.8798027911048653e-05
37,kappa,299.381,0.900272
37,kappa,309.598,0.887193
37,kappa,320.124,0.876294
37,kappa,329.721,0.867575
37,kappa,339.938,0.856676
37,kappa,350.464,0.858856
37,kappa,359.443,0.861035
37,kappa,369.969,0.871935
37,kappa,379.567,0.882834
37,kappa,389.783,0.902452
37,kappa,400.0,0.922071
37,kappa,410.217,0.948229
37,kappa,419.195,0.972207
37,kappa,430.341,1.0049
37,kappa,439.938,1.04196
37,kappa,449.845,1.07684
37,kappa,460.062,1.11826
37,kappa,469.969,1.16403
37,kappa,479.876,1.21853
37,kappa,489.783,1.28174
37,kappa,500.0,1.33624
37,ZT,300.286,1.11058
37,ZT,310.547,1.16424
37,ZT,320.176,1.19458
37,ZT,330.11,1.21594
37,ZT,340.968,1.22652
37,ZT,350.578,1.22096
37,ZT,360.491,1.20283
37,ZT,370.087,1.17394
37,ZT,380.61,1.13606
37,ZT,390.82,1.0946
37,ZT,400.405,1.04417
37,ZT,410.3,0.991938
37,ZT,420.5,0.930729
37,ZT,430.389,0.869525
37,ZT,440.588,0.806521
37,ZT,450.793,0.754286
37,ZT,460.684,0.694877
37,ZT,470.571,0.630084
37,ZT,481.086,0.577843
37,ZT,490.668,0.522029
37,ZT,500.874,0.471589
38,alpha,299.282,-0.000185901
38,alpha,312.213,-0.0001898259999999
38,alpha,328.736,-0.0001915699999999
38,alpha,342.385,-0.000194186
38,alpha,357.471,-0.000197238
38,alpha,371.121,-0.000198983
38,alpha,385.488,-0.0002002909999999
38,alpha,399.856,-0.000201163
38,alpha,415.661,-0.000201163
38,alpha,429.31,-0.000201163
38,alpha,444.397,-0.0002002909999999
38,alpha,459.483,-0.00019811
38,alpha,473.132,-0.000195058
38,alpha,487.5,-0.0001915699999999
38,alpha,502.586,-0.000186773
38,alpha,516.236,-0.000181977
38,alpha,532.04,-0.000175436
38,rho,298.141,8.329168748958854e-06
38,rho,312.949,8.829710208910944e-06
38,rho,327.049,9.44867009968347e-06
38,rho,342.566,1.0035848049231858e-05
38,rho,357.378,1.0630630247544855e-05
38,rho,371.489,1.1145128520049528e-05
38,rho,386.305,1.1712193916452236e-05
38,rho,400.415,1.2339783338084148e-05
38,rho,415.238,1.2732268406403824e-05
38,rho,429.35,1.3366553674732935e-05
38,rho,444.172,1.3828294072501746e-05
38,rho,458.291,1.419756767270631e-05
38,rho,472.411,1.445732270623732e-05
38,rho,487.941,1.4862219791423608e-05
38,rho,500.653,1.4869136727659869e-05
38,rho,515.484,1.4877210939510749e-05
38,rho,530.312,1.5022909937654925e-05
38,kappa,298.631,1.14279
38,kappa,328.027,1.10493
38,kappa,371.409,1.104
38,kappa,428.812,1.22513
38,kappa,473.738,1.40502
38,kappa,531.953,1.71762
38,ZT,298.948,1.09804
38,ZT,312.896,1.13083
38,ZT,327.668,1.1543
38,ZT,342.851,1.17545
38,ZT,356.804,1.18724
38,ZT,371.174,1.18271
38,ZT,385.545,1.16884
38,ZT,399.51,1.14331
38,ZT,414.3,1.10378
38,ZT,429.091,1.05958
38,ZT,443.475,1.00372
38,ZT,457.859,0.947853
38,ZT,472.655,0.887324
38,ZT,487.452,0.819796
38,ZT,501.838,0.759263
38,ZT,516.223,0.698731
38,ZT,531.018,0.642869
39,alpha,308.873,0.000247818
39,alpha,323.662,0.000250086
39,alpha,362.606,0.000251976
39,alpha,403.521,0.000238935
39,alpha,442.958,0.000212285
39,rho,310.07,1.9156023899055418e-05
39,rho,323.686,2.052667338573109e-05
39,rho,363.586,2.4701726650692884e-05
39,rho,403.517,2.866339712850087e-05
39,rho,443.491,3.0520651799039817e-05
39,kappa,309.032,0.685174
39,kappa,323.484,0.673817
39,kappa,363.226,0.666246
39,kappa,402.968,0.711672
39,kappa,443.161,0.787382
39,ZT,309.366,1.46653
39,ZT,322.676,1.47025
39,ZT,362.606,1.40702
39,ZT,403.028,1.1281
39,ZT,443.451,0.82686
40,alpha,298.633,-0.000133113
40,alpha,320.147,-0.000138133
40,alpha,359.713,-0.000145483
40,alpha,400.962,-0.0001497949999999
40,alpha,439.617,-0.0001524269999999
40,alpha,479.094,-0.000151686
40,rho,300.0,7.836622102408978e-06
40,rho,320.513,8.432271991365354e-06
40,rho,359.829,9.466648995588545e-06
40,rho,400.0,1.0660662581500763e-05
40,rho,440.171,1.1794024439577445e-05
40,rho,479.487,1.2815879387195912e-05
40,kappa,299.66,1.05198
40,kappa,320.173,1.05314
40,kappa,359.496,1.03276
40,kappa,399.662,1.04633
40,kappa,438.959,1.10505
40,kappa,479.944,1.23166
40,ZT,301.141,0.624426
40,ZT,320.773,0.669096
40,ZT,360.037,0.758436
40,ZT,400.091,0.80001
40,ZT,440.897,0.765727
40,ZT,480.803,0.69213
41,alpha,297.991,-0.00010104
41,alpha,322.5,-0.000114495
41,alpha,348.214,-0.0001211009999999
41,alpha,373.527,-0.0001299079999999
41,alpha,397.634,-0.000135046
41,alpha,423.348,-0.000137737
41,alpha,447.857,-0.0001406729999999
41,alpha,472.768,-0.000137737
41,rho,298.396,3.559592924953102e-05
41,rho,323.252,3.382423574139342e-05
41,rho,348.508,3.056449567053919e-05
41,rho,372.962,2.7634844222383115e-05
41,rho,398.218,2.495315046001133e-05
41,rho,423.073,2.263764822000172e-05
41,rho,447.929,2.049230718788167e-05
41,rho,473.185,1.875528664642346e-05
41,kappa,298.264,0.409434
41,kappa,323.441,0.454717
41,kappa,348.617,0.488679
41,kappa,373.215,0.532075
41,kappa,398.103,0.569811
41,kappa,423.28,0.6
41,kappa,448.167,0.590566
41,kappa,472.765,0.626415
41,ZT,298.022,0.212984
41,ZT,322.848,0.274717
41,ZT,347.964,0.339545
41,ZT,373.374,0.426053
41,ZT,397.918,0.507921
41,ZT,423.616,0.591329
41,ZT,448.464,0.728947
41,ZT,472.995,0.767453
42,alpha,308.446,-0.0001298
42,alpha,328.581,-0.0001336519999999
42,alpha,348.259,-0.000137504
42,alpha,368.39,-0.0001409859999999
42,alpha,388.045,-0.000142801
42,alpha,408.621,-0.000145356
42,alpha,428.742,-0.000147911
42,alpha,447.5,-0.00015121
42,alpha,468.506,-0.0001513559999999
42,alpha,488.587,-0.000150393
42,alpha,508.657,-0.0001485039999999
42,rho,306.881,7.661308858005301e-06
42,rho,316.972,8.242935804015958e-06
42,rho,327.064,8.755724054600695e-06
42,rho,337.615,9.245733094177035e-06
42,rho,347.248,9.669216116649425e-06
42,rho,357.339,1.0133334414222338e-05
42,rho,367.431,1.0497232929399813e-05
42,rho,377.982,1.0795452091942706e-05
42,rho,387.615,1.0982662768553564e-05
42,rho,397.706,1.141140866993185e-05
42,rho,407.798,1.1692309850887972e-05
42,rho,417.431,1.1949687037696484e-05
42,rho,427.523,1.2297733035892163e-05
42,rho,437.615,1.25e-05
42,rho,447.706,1.2709031800539373e-05
42,rho,457.798,1.3013699521486269e-05
42,rho,467.89,1.3427558990623536e-05
42,rho,477.982,1.3768111951271898e-05
42,rho,487.615,1.3768111951271898e-05
42,rho,498.165,1.3919414939151276e-05
42,rho,507.798,1.4179107652039026e-05
42,kappa,307.745,0.97769
42,kappa,317.768,0.944882
42,kappa,327.79,0.892388
42,kappa,337.813,0.872703
42,kappa,348.292,0.85958
42,kappa,358.77,0.826772
42,kappa,367.882,0.813648
42,kappa,378.815,0.800525
42,kappa,387.472,0.793963
42,kappa,397.95,0.793963
42,kappa,407.517,0.787402
42,kappa,417.54,0.793963
42,kappa,428.018,0.787402
42,kappa,437.585,0.793963
42,kappa,448.064,0.800525
42,kappa,458.087,0.807087
42,kappa,468.109,0.826772
42,kappa,478.132,0.839895
42,kappa,489.066,0.853018
42,kappa,497.722,0.872703
42,kappa,508.2,0.879265
42,ZT,307.771,0.700813
42,ZT,327.893,0.747547
42,ZT,348.484,0.813213
42,ZT,368.15,0.859961
42,ZT,387.828,0.925656
42,ZT,407.929,0.940811
42,ZT,428.045,0.97807
42,ZT,448.157,1.00901
42,ZT,468.684,0.976787
42,ZT,487.842,0.947761
42,ZT,507.904,0.902916
43,alpha,322.597,0.0002006829999999
43,alpha,372.468,0.000214334
43,alpha,423.117,0.00021843
43,alpha,472.987,0.000211604
43,alpha,523.636,0.000192491
43,alpha,572.727,0.0001651879999999
43,rho,322.5,1.2177776045827406e-05
43,rho,372.5,1.543662493632392e-05
43,rho,423.333,1.957142493673537e-05
43,rho,473.333,2.3319155286918888e-05
43,rho,524.167,2.609521622496164e-05
43,rho,575.0,2.6731678107824892e-05
43,kappa,322.923,0.996028
43,kappa,373.168,0.9397
43,kappa,423.431,0.945441
43,kappa,472.93,1.02017
43,kappa,522.451,1.17075
43,kappa,572.762,1.33511
43,ZT,322.826,1.08296
43,ZT,371.739,1.20404
43,ZT,422.283,1.09641
43,ZT,472.826,0.908072
43,ZT,523.37,0.64574
43,ZT,573.098,0.457399
44,alpha,320.123,0.00020574
44,alpha,360.128,0.000210704
44,alpha,399.33,0.0002132239999999
44,alpha,440.19,0.00021135
44,alpha,481.077,0.000204589
44,alpha,520.346,0.000194894
44,rho,321.158,1.105956126720453e-05
44,rho,361.273,1.3027890107141367e-05
44,rho,399.743,1.5127677598935011e-05
44,rho,441.581,1.7719123541273156e-05
44,rho,480.907,2.1151263259198157e-05
44,rho,520.256,2.492472732348308e-05
44,kappa,320.9,1.03846
44,kappa,362.701,1.00641
44,kappa,400.482,1.00641
44,kappa,439.871,1.01923
44,kappa,480.064,1.0641
44,kappa,520.257,1.14744
44,ZT,319.265,1.20133
44,ZT,359.059,1.23056
44,ZT,398.892,1.18385
44,ZT,438.752,1.08967
44,ZT,480.259,0.89109
44,ZT,519.368,0.711451
45,alpha,295.439,-0.0001134609999999
45,alpha,312.982,-0.0001158959999999
45,alpha,333.333,-0.0001205569999999
45,alpha,354.386,-0.00012313
45,alpha,376.14,-0.000124313
45,alpha,398.596,-0.000126748
45,alpha,421.053,-0.0001250089999999
45,alpha,444.211,-0.0001255649999999
45,alpha,468.07,-0.00012153
45,rho,296.14,1.862048290360362e-05
45,rho,312.281,1.921790801540508e-05
45,rho,332.632,1.982757936980021e-05
45,rho,353.684,2.0565087473599565e-05
45,rho,374.737,2.1233361007480516e-05
45,rho,396.491,2.208139201095237e-05
45,rho,420.351,2.2963272541896488e-05
45,rho,442.807,2.3918466730608704e-05
45,rho,467.368,2.47418191175088e-05
45,kappa,298.947,1.34408
45,kappa,319.298,1.28042
45,kappa,339.649,1.24356
45,kappa,360.702,1.21592
45,kappa,379.649,1.2
45,kappa,400.0,1.1933
45,kappa,419.649,1.19665
45,kappa,442.105,1.20838
45,kappa,464.561,1.23853
45,ZT,296.842,0.152908
45,ZT,316.491,0.17012
45,ZT,336.14,0.195936
45,ZT,357.193,0.214582
45,ZT,378.947,0.227968
45,ZT,401.404,0.243745
45,ZT,423.86,0.240398
45,ZT,447.018,0.244223
45,ZT,468.772,0.227968
46,alpha,295.9408,-0.000190525
46,alpha,320.5057,-0.000196673
46,alpha,346.24429999999995,-0.0002038579999999
46,alpha,371.9611,-0.000206876
46,alpha,397.678,-0.000209894
46,alpha,423.356,-0.00020562
46,alpha,447.85,-0.000198226
46,alpha,472.339,-0.0001897899999999
46,alpha,495.654,-0.000180317
46,alpha,523.636,-0.0001697839999999
46,rho,297.7979,1.0443722435100098e-05
46,rho,323.6195,1.1488099477750995e-05
46,rho,347.0937,1.2565102939605832e-05
46,rho,374.089,1.3864933365130247e-05
46,rho,399.911,1.475535619429853e-05
46,rho,425.732,1.5924099372749726e-05
46,rho,450.38,1.658075074323215e-05
46,rho,476.202,1.7481875665403894e-05
46,rho,498.502,1.767399607283807e-05
46,rho,525.497,1.767399607283807e-05
46,kappa,297.7979,1.17068
46,kappa,323.6195,1.1445
46,kappa,349.4411,1.13403
46,kappa,372.9153,1.13403
46,kappa,399.911,1.13927
46,kappa,426.906,1.17068
46,kappa,451.554,1.22304
46,kappa,475.028,1.30681
46,kappa,499.676,1.39058
46,kappa,525.497,1.50576
46,ZT,296.6242,0.904972
46,ZT,322.4458,0.966851
46,ZT,347.0937,1.02099
46,ZT,371.7416,1.02873
46,ZT,398.737,1.03646
46,ZT,424.558,0.959116
46,ZT,449.206,0.881768
46,ZT,473.854,0.758011
46,ZT,498.502,0.672928
46,ZT,525.497,0.572376
47,alpha,322.413,-0.0001318189999999
47,alpha,372.554,-0.000138467
47,alpha,423.812,-0.0001459509999999
47,alpha,472.829,-0.000150366
47,alpha,523.485,-0.000147516
47,rho,323.692,6.290099383570261e-06
47,rho,372.914,7.390655255494952e-06
47,rho,423.229,8.674682072902028e-06
47,rho,473.036,9.988313673002587e-06
47,rho,522.868,1.1183893404075186e-05
47,kappa,322.71,1.19082
47,kappa,372.34,1.14686
47,kappa,423.704,1.15958
47,kappa,473.425,1.24328
47,kappa,524.896,1.40495
47,ZT,321.45,0.750489
47,ZT,373.02,0.845436
47,ZT,422.937,0.892699
47,ZT,473.351,0.857574
47,ZT,523.71,0.718383
48,alpha,322.608,-0.000163011
48,alpha,372.739,-0.000169885
48,alpha,422.87,-0.000176105
48,alpha,473.329,-0.000177741
48,alpha,523.132,-0.0001721769999999
48,rho,322.465,1.8725609893114217e-05
48,rho,372.85,2.0917657640697395e-05
48,rho,422.914,2.2854635377147192e-05
48,rho,472.657,2.424459890947794e-05
48,rho,523.363,2.478738619491313e-05
48,kappa,322.284,0.921002
48,kappa,372.772,0.928709
48,kappa,422.911,0.95183
48,kappa,473.05,1.04432
48,kappa,523.538,1.1869
48,ZT,322.611,0.503185
48,ZT,372.93,0.549363
48,ZT,422.93,0.597134
48,ZT,472.93,0.590764
48,ZT,522.93,0.519108
49,alpha,322.75,-0.0001310389999999
49,alpha,372.759,-0.0001380939999999
49,alpha,423.093,-0.0001467669999999
49,alpha,473.101,-0.000153175
49,alpha,523.099,-0.0001514919999999
49,rho,322.71,5.420142332937663e-06
49,rho,373.268,6.259310724702996e-06
49,rho,422.539,7.379420272743373e-06
49,rho,473.104,8.438391305081599e-06
49,rho,523.671,9.623157165402826e-06
49,kappa,322.132,1.11711
49,kappa,372.212,1.07405
49,kappa,422.283,1.08938
49,kappa,471.986,1.11565
49,kappa,522.767,1.27333
49,ZT,322.202,0.92683
49,ZT,372.498,1.05711
49,ZT,422.482,1.1331
49,ZT,472.805,1.13737
49,ZT,523.168,0.963284
51,alpha,322.861,-0.000130996
51,alpha,373.009,-0.000138376
51,alpha,422.419,-0.000146218
51,alpha,472.566,-0.000150369
51,alpha,522.345,-0.0001480629999999
51,rho,322.38,6.219872492613902e-06
51,rho,372.316,7.231390017789219e-06
51,rho,421.514,8.623960812722066e-06
51,rho,471.817,9.692552242856589e-06
51,rho,523.231,1.0985691137293676e-05
51,kappa,322.444,1.19938
51,kappa,372.943,1.16044
51,kappa,423.441,1.16822
51,kappa,472.07,1.24611
51,kappa,523.815,1.40187
51,ZT,321.687,0.754316
51,ZT,372.153,0.847709
51,ZT,421.804,0.901839
51,ZT,472.728,0.858871
51,ZT,522.443,0.720851
52,alpha,303.0092,-0.000139012
52,alpha,323.38469999999995,-0.000144644
52,alpha,347.70399999999995,-0.000147411
52,alpha,373.1187,-0.000147609
52,alpha,398.314,-0.000146621
52,alpha,423.072,-0.000144842
52,rho,303.006,1.4484293955848977e-05
52,rho,323.166,1.5027402468401127e-05
52,rho,348.03,1.542788466730538e-05
52,rho,372.894,1.5706970753620458e-05
52,rho,398.206,1.5996314449150916e-05
52,rho,422.846,1.6170083405290205e-05
52,kappa,303.1442,1.08715
52,kappa,323.1854,1.1012
52,kappa,348.29819999999995,1.11261
52,kappa,372.9106,1.14344
52,kappa,398.293,1.19884
52,kappa,423.421,1.25554
52,ZT,302.8046,0.371352
52,ZT,322.67999999999995,0.406078
52,ZT,347.9044,0.439781
52,ZT,372.6755,0.452735
52,ZT,397.721,0.446011
52,ZT,423.011,0.438224
53,alpha,307.075,-0.000186524
53,alpha,325.039,-0.000187604
53,alpha,350.029,-0.000189739
53,alpha,375.019,-0.000191874
53,alpha,400.021,-0.000191406
53,alpha,425.807,-0.000190418
53,alpha,450.829,-0.000185782
53,alpha,475.853,-0.000180626
53,alpha,502.442,-0.000174952
53,alpha,527.473,-0.000168234
53,rho,307.27,1.13092e-05
53,rho,326.057,1.19689e-05
53,rho,350.319,1.27602e-05
53,rho,375.358,1.34629e-05
53,rho,400.387,1.3988899999999996e-05
53,rho,426.984,1.4603e-05
53,rho,451.217,1.4863900000000002e-05
53,rho,476.231,1.51247e-05
53,rho,502.803,1.52968e-05
53,rho,527.815,1.55134e-05
53,kappa,306.584,1.17903
53,kappa,325.4,1.16859
53,kappa,349.714,1.14036
53,kappa,374.006,1.14428
53,kappa,400.642,1.15895
53,kappa,426.491,1.17718
53,kappa,449.982,1.20608
53,kappa,475.817,1.24574
53,kappa,500.849,1.31395
53,kappa,525.887,1.37145
53,ZT,307.009,0.751786
53,ZT,324.922,0.780357
53,ZT,350.623,0.848214
53,ZT,374.766,0.869643
53,ZT,400.467,0.869643
53,ZT,425.389,0.867857
53,ZT,450.312,0.830357
53,ZT,476.012,0.8
53,ZT,501.713,0.730357
53,ZT,526.635,0.680357
54,alpha,305.252,-0.0002036289999999
54,alpha,320.49,-0.0002113129999999
54,alpha,360.413,-0.000215066
54,alpha,400.744,-0.000216059
54,alpha,440.25,-0.00021595
54,alpha,479.341,-0.0002136339999999
54,rho,305.393,4.009253356747373e-05
54,rho,320.623,4.010604037074024e-05
54,rho,359.502,3.996403237086622e-05
54,rho,400.385,3.965138502287885e-05
54,rho,440.063,3.985953499866471e-05
54,rho,480.142,4.0070202995648375e-05
54,kappa,304.462,0.672065
54,kappa,320.284,0.663968
54,kappa,359.229,0.674089
54,kappa,400.203,0.694332
54,kappa,439.554,0.732794
54,kappa,479.716,0.777328
54,ZT,304.462,0.472211
54,ZT,319.473,0.53712
54,ZT,360.041,0.623124
54,ZT,400.203,0.68641
54,ZT,440.365,0.701014
54,ZT,479.716,0.705882
55,alpha,301.719,0.0001976649999999
55,alpha,321.776,0.000199725
55,alpha,363.037,0.0002034339999999
55,alpha,404.298,0.000202198
55,alpha,445.559,0.0001939559999999
55,alpha,483.954,0.000169643
55,rho,302.305,1.011029318839217e-05
55,rho,322.478,1.1307561139983082e-05
55,rho,364.553,1.3627357192110305e-05
55,rho,405.475,1.6063095840461335e-05
55,rho,447.55,1.838235294117647e-05
55,rho,487.32,2.0161290322580645e-05
55,kappa,302.222,1.08455
55,kappa,321.667,1.04373
55,kappa,363.889,1.02041
55,kappa,403.333,1.04373
55,kappa,446.111,1.12536
55,kappa,486.111,1.25364
55,ZT,302.693,1.08904
55,ZT,322.697,1.0975
55,ZT,364.356,1.08231
55,ZT,405.968,0.979665
55,ZT,446.996,0.821631
55,ZT,486.858,0.561573
56,alpha,83.8707,-0.0001139809999999
56,alpha,99.3398,-0.0001285399999999
56,alpha,122.132,-0.000147454
56,alpha,140.858,-0.000164924
56,alpha,162.831,-0.000179451
56,alpha,189.693,-0.0002012719999999
56,alpha,219.798,-0.000217223
56,alpha,239.333,-0.000231762
56,alpha,269.433,-0.000244786
56,alpha,298.713,-0.00025196
56,alpha,324.735,-0.000256224
56,rho,84.0906,2.6312000000000003e-06
56,rho,99.4849,3.26523e-06
56,rho,122.978,4.1707600000000005e-06
56,rho,140.809,5.031690000000001e-06
56,rho,161.075,6.07407e-06
56,rho,189.44,7.38796e-06
56,rho,218.624,8.928990000000001e-06
56,rho,238.899,1.01532e-05
56,rho,268.096,1.19669e-05
56,rho,298.9,1.3553200000000004e-05
56,rho,326.465,1.5049e-05
56,kappa,83.2432,3.1
56,kappa,97.8378,2.72222
56,kappa,122.162,2.36667
56,kappa,140.0,2.14444
56,kappa,161.081,2.01111
56,kappa,190.27,1.83333
56,kappa,218.649,1.67778
56,kappa,238.108,1.64444
56,kappa,267.297,1.55556
56,kappa,297.297,1.46667
56,kappa,325.676,1.48889
56,ZT,82.8027,0.136725
56,ZT,99.1686,0.182188
56,ZT,122.118,0.273326
56,ZT,140.969,0.34819
56,ZT,163.09,0.429528
56,ZT,190.98,0.556559
56,ZT,221.324,0.690083
56,ZT,240.188,0.774765
56,ZT,270.452,0.849379
56,ZT,300.699,0.910903
56,ZT,327.675,0.965953
57,alpha,82.6087,5.19062e-05
57,alpha,99.7283,5.92375e-05
57,alpha,120.924,7.39003e-05
57,alpha,141.304,8.56305e-05
57,alpha,159.239,9.736069999999998e-05
57,alpha,190.217,0.00012522
57,alpha,217.12,0.000145748
57,alpha,222.011,0.000150147
57,alpha,242.391,0.000167742
57,alpha,267.663,0.000183871
57,alpha,294.565,0.000195601
57,alpha,297.011,0.000197067
57,alpha,337.772,0.000216129
57,rho,83.2144,1.2222400000000002e-06
57,rho,101.017,1.49227e-06
57,rho,120.439,1.80751e-06
57,rho,149.58,2.4394600000000003e-06
57,rho,191.691,3.751260000000001e-06
57,rho,221.667,4.92853e-06
57,rho,240.313,5.9257000000000016e-06
57,rho,267.054,7.10347e-06
57,rho,297.858,8.689710000000002e-06
57,rho,340.85,1.15014e-05
57,kappa,84.0541,3.0
57,kappa,101.081,2.74444
57,kappa,120.541,2.41111
57,kappa,140.0,2.25556
57,kappa,157.838,2.12222
57,kappa,190.27,1.92222
57,kappa,215.405,1.78889
57,kappa,219.459,1.75556
57,kappa,242.162,1.64444
57,kappa,266.486,1.47778
57,kappa,294.865,1.38889
57,kappa,298.108,1.35556
57,kappa,337.838,1.33333
57,ZT,85.0543,0.0652174
57,ZT,102.989,0.0913043
57,ZT,119.293,0.136957
57,ZT,139.674,0.192391
57,ZT,159.239,0.26413
57,ZT,191.033,0.407609
57,ZT,216.304,0.551087
57,ZT,221.196,0.551087
57,ZT,243.207,0.691304
57,ZT,266.033,0.825
57,ZT,295.38,0.926087
57,ZT,297.826,0.968478
57,ZT,339.402,1.03043
59,alpha,14.8335745296671,-1.0801393728223e-05
59,alpha,27.1345875542691,-1.81184668989547e-05
59,alpha,37.6266280752532,-2.45644599303136e-05
59,alpha,49.9276410998552,-3.2404181184669e-05
59,alpha,62.5904486251809,-3.9198606271777e-05
59,alpha,73.0824891461649,-4.5993031358885e-05
59,alpha,87.5542691751085,-5.36585365853658e-05
59,alpha,101.664254703328,-6.16724738675958e-05
59,alpha,116.136034732272,-6.881533101045289e-05
59,alpha,133.502170767004,-7.85714285714286e-05
59,alpha,151.23010130246,-8.745644599303139e-05
59,alpha,165.34008683068,-9.40766550522648e-05
59,alpha,179.811866859623,-0.0001005226480836
59,alpha,194.283646888567,-0.0001073170731707
59,alpha,210.202604920405,-0.0001135888501742
59,alpha,223.227206946454,-0.0001174216027874
59,alpha,236.251808972503,-0.0001212543554006
59,alpha,249.276410998552,-0.0001240418118466
59,alpha,262.301013024602,-0.000127700348432
59,alpha,275.325615050651,-0.0001317073170731
59,alpha,289.797395079594,-0.0001365853658536
59,alpha,302.821997105644,-0.0001414634146341
59,alpha,324.529667149059,-0.000148606271777
59,alpha,374.095513748191,-0.0001644599303135
59,alpha,425.832127351664,-0.0001716027874564
59,alpha,474.674384949348,-0.00017212543554
59,alpha,476.121562952243,-0.0001712543554006
59,rho,14.7694524495677,7.23055934515692e-07
59,rho,26.2968299711815,7.77626193724425e-07
59,rho,34.9423631123919,8.867667121418861e-07
59,rho,50.7925072046109,1.15961800818554e-06
59,rho,70.9654178674351,1.5416098226466498e-06
59,rho,95.4610951008645,1.9781718963165e-06
59,rho,118.515850144092,2.46930422919509e-06
59,rho,140.129682997118,2.9058663028649404e-06
59,rho,171.829971181556,3.5334242837653404e-06
59,rho,203.530259365994,4.2837653478854e-06
59,rho,214.697406340057,4.5566166439290605e-06
59,rho,228.386167146974,4.81582537517053e-06
59,rho,248.198847262247,5.306957708049111e-06
59,rho,268.371757925071,5.74351978171896e-06
59,rho,285.662824207492,6.234652114597541e-06
59,rho,294.668587896253,6.521145975443381e-06
59,rho,338.976945244956,8.30832196452933e-06
59,rho,385.806916426513,9.84993178717599e-06
59,rho,431.195965417867,1.12551159618008e-05
59,rho,466.498559077809,1.22100954979536e-05
59,kappa,22.3116313094367,4.37956204379561
59,kappa,38.0395025603511,3.35766423357663
59,kappa,51.2070226773957,3.21167883211678
59,kappa,66.5691294806144,3.05109489051094
59,kappa,81.1997073884418,2.90510948905108
59,kappa,96.1960497439649,2.78832116788321
59,kappa,113.386978785662,2.58394160583941
59,kappa,128.74908558888,2.51094890510948
59,kappa,143.379663496708,2.40875912408758
59,kappa,158.376005852231,2.32116788321167
59,kappa,173.372348207754,2.24817518248174
59,kappa,188.002926115581,2.14598540145985
59,kappa,202.999268471104,2.10218978102189
59,kappa,217.629846378931,1.99999999999999
59,kappa,233.357717629846,1.92700729927006
59,kappa,247.988295537673,1.88321167883211
59,kappa,262.984637893196,1.81021897810218
59,kappa,278.346744696415,1.72262773722627
59,kappa,292.611558156547,1.66423357664233
59,kappa,306.876371616678,1.57664233576641
59,kappa,324.603773584905,1.20449264136328
59,kappa,374.264150943396,1.20449264136328
59,kappa,399.622641509433,1.21998450813323
59,kappa,425.283018867924,1.24515879163439
59,kappa,450.037735849056,1.28969790859798
59,kappa,474.792452830188,1.35166537567776
59,ZT,21.4117,0.00428266
59,ZT,38.1645,0.0127387
59,ZT,51.1929,0.0211791
59,ZT,65.1541,0.0275269
59,ZT,80.962,0.0527505
59,ZT,96.775,0.0716848
59,ZT,113.51,0.101105
59,ZT,128.394,0.117939
59,ZT,142.333,0.151541
59,ZT,158.127,0.193536
59,ZT,173.003,0.218755
59,ZT,187.865,0.262843
59,ZT,202.729,0.302738
59,ZT,216.657,0.348918
59,ZT,231.522,0.388813
59,ZT,247.307,0.44129
59,ZT,262.172,0.481185
59,ZT,277.021,0.539947
59,ZT,290.946,0.59032
59,ZT,307.66,0.644898
59,ZT,322.48,0.7393
59,ZT,372.615,0.913515
59,ZT,396.827,0.909424
59,ZT,424.732,0.943084
59,ZT,448.02,0.930603
59,ZT,472.265,0.886679
60,alpha,39.2015,-3.57006e-05
60,alpha,59.3466,-4.60653e-05
60,alpha,80.0363,-5.02879e-05
60,alpha,99.637,-6.06526e-05
60,alpha,139.927,-7.75432e-05
60,alpha,179.673,-9.71209e-05
60,alpha,219.964,-0.0001166989999999
60,alpha,259.165,-0.0001335889999999
60,alpha,299.456,-0.0001435699999999
60,rho,39.8195,7.881214337505123e-06
60,rho,59.9202,8.339240295209106e-06
60,rho,100.127,9.066511931529702e-06
60,rho,140.332,1.001877518469612e-05
60,rho,179.995,1.1087089084760796e-05
60,rho,220.204,1.2023884243661607e-05
60,rho,259.87,1.3133356097817237e-05
60,rho,300.083,1.3945737136800707e-05
60,kappa,47.626,0.821547
60,kappa,100.189,1.12395
60,kappa,149.769,1.21476
60,kappa,198.73,1.37606
60,kappa,248.922,1.42841
60,kappa,299.73,1.41668
60,ZT,49.0644,0.012881
60,ZT,98.5777,0.0362721
60,ZT,148.989,0.0806814
60,ZT,199.856,0.143019
60,ZT,249.872,0.228851
60,ZT,299.448,0.313448
62,alpha,300.085,-0.00014266
62,alpha,324.966,-0.0001479389999999
62,alpha,350.055,-0.000151164
62,alpha,374.954,-0.0001514209999999
62,alpha,400.047,-0.000153619
62,rho,299.671,2.516179031170425e-05
62,rho,325.179,2.488534079229948e-05
62,rho,350.282,2.4421097874876063e-05
62,rho,375.182,2.416001662209144e-05
62,rho,400.081,2.4089710080339183e-05
62,kappa,300.0,0.559223
62,kappa,325.214,0.559223
62,kappa,349.573,0.605825
62,kappa,375.214,0.605825
62,kappa,400.0,0.613592
62,ZT,301.483,0.431722
62,ZT,325.361,0.509667
62,ZT,350.48,0.529324
62,ZT,375.611,0.569369
62,ZT,399.897,0.618176
63,alpha,299.721,0.000270235
63,alpha,324.647,0.000273694
63,alpha,375.854,0.000271172
63,alpha,425.078,0.000251146
63,alpha,474.693,0.000217644
63,alpha,525.175,0.000172011
63,alpha,574.283,0.0001322239999999
63,rho,296.48,2.36323e-05
63,rho,323.144,2.52475e-05
63,rho,372.235,3.0352799999999995e-05
63,rho,422.748,3.40514e-05
63,rho,472.82,3.57399e-05
63,rho,521.511,3.55519e-05
63,rho,571.634,3.33543e-05
63,kappa,297.459,0.838511
63,kappa,322.239,0.829209
63,kappa,372.692,0.839228
63,kappa,422.116,0.91362
63,kappa,471.91,1.05359
63,kappa,522.106,1.23887
63,kappa,572.773,1.42177
63,ZT,298.462,1.08571
63,ZT,322.564,1.14476
63,ZT,372.821,1.07238
63,ZT,423.077,0.845714
63,ZT,472.821,0.59619
63,ZT,522.564,0.358095
63,ZT,573.333,0.211429
65,alpha,300.0,0.000163436
65,alpha,308.592,0.0001673619999999
65,alpha,320.048,0.000171288
65,alpha,329.356,0.000174969
65,alpha,339.379,0.0001785279999999
65,alpha,350.119,0.00018184
65,alpha,359.427,0.000184785
65,alpha,370.883,0.0001876069999999
65,alpha,379.475,0.0001895709999999
65,alpha,388.783,0.0001915339999999
65,alpha,399.523,0.00019362
65,alpha,409.547,0.000194724
65,alpha,421.002,0.000195828
65,alpha,429.594,0.0001963189999999
65,alpha,438.902,0.000196442
65,alpha,451.79,0.000196196
65,alpha,459.666,0.000195337
65,alpha,469.69,0.000194233
65,alpha,478.998,0.000192638
65,alpha,489.737,0.0001905519999999
65,alpha,499.045,0.0001876069999999
65,alpha,509.785,0.000184417
65,alpha,519.093,0.000180613
65,alpha,530.549,0.0001763189999999
65,alpha,541.289,0.000171288
65,alpha,550.597,0.000165767
65,rho,297.338,4.433626396038111e-06
65,rho,310.263,4.699822346715294e-06
65,rho,320.323,4.985666209647264e-06
65,rho,328.944,5.243810992076602e-06
65,rho,338.996,5.530086435250983e-06
65,rho,349.051,5.869371272949242e-06
65,rho,359.1,6.185515995744365e-06
65,rho,369.864,6.5128335384875895e-06
65,rho,379.194,6.849455810735837e-06
65,rho,389.958,7.253051721511826e-06
65,rho,400.004,7.672948253636978e-06
65,rho,410.043,7.992902302755154e-06
65,rho,420.086,8.422400215613445e-06
65,rho,429.406,8.720220447172904e-06
65,rho,440.161,9.135673892984716e-06
65,rho,449.482,9.53980004579104e-06
65,rho,458.804,9.981334903730024e-06
65,rho,469.555,1.0401984698680508e-05
65,rho,480.306,1.0791514416384109e-05
65,rho,489.622,1.113903295371509e-05
65,rho,498.94,1.1587284114412844e-05
65,rho,509.69,1.2072716385332133e-05
65,rho,519.724,1.2600822329665237e-05
65,rho,529.753,1.2880987404970516e-05
65,rho,539.069,1.3379215121724098e-05
65,rho,548.382,1.369575965585295e-05
65,kappa,299.286,1.66792
65,kappa,309.286,1.62696
65,kappa,319.286,1.60648
65,kappa,330.0,1.58191
65,kappa,340.0,1.56143
65,kappa,349.286,1.55324
65,kappa,360.0,1.55734
65,kappa,370.714,1.56553
65,kappa,380.714,1.58601
65,kappa,390.714,1.60648
65,kappa,399.286,1.63515
65,kappa,408.571,1.67611
65,kappa,420.0,1.71706
65,kappa,429.286,1.75802
65,kappa,438.571,1.79898
65,kappa,450.0,1.86041
65,kappa,459.286,1.91775
65,kappa,470.0,1.97918
65,kappa,479.286,2.04881
65,kappa,490.0,2.11433
65,kappa,500.0,2.18396
65,kappa,510.714,2.25768
65,kappa,520.714,2.33959
65,kappa,529.286,2.41331
65,kappa,540.0,2.49522
65,kappa,549.286,2.56894
65,ZT,300.714,1.08352
65,ZT,309.286,1.1387
65,ZT,320.0,1.18467
65,ZT,331.429,1.21839
65,ZT,341.429,1.24904
65,ZT,351.429,1.26437
65,ZT,360.714,1.27663
65,ZT,370.714,1.27356
65,ZT,380.714,1.2613
65,ZT,390.0,1.23065
65,ZT,399.286,1.20307
65,ZT,408.571,1.16322
65,ZT,420.0,1.12031
65,ZT,430.0,1.07126
65,ZT,440.714,1.02222
65,ZT,450.714,0.970115
65,ZT,460.714,0.911877
65,ZT,470.0,0.856705
65,ZT,480.0,0.801533
65,ZT,490.0,0.74636
65,ZT,500.0,0.691188
65,ZT,509.286,0.63908
65,ZT,519.286,0.583908
65,ZT,530.714,0.52567
65,ZT,539.286,0.473563
65,ZT,550.714,0.421456
66,alpha,300.117,0.0002110689999999
66,alpha,310.133,0.000212507
66,alpha,319.696,0.000214187
66,alpha,329.264,0.000216228
66,alpha,339.285,0.000218269
66,alpha,349.3,0.000219586
66,alpha,360.684,0.000221505
66,alpha,370.247,0.0002231849999999
66,alpha,380.26,0.000224382
66,alpha,389.812,0.000224978
66,alpha,400.721,0.000224969
66,alpha,410.257,0.000224119
66,alpha,420.239,0.0002224239999999
66,rho,300.484,9.069225397458802e-06
66,rho,310.971,9.658756145383598e-06
66,rho,320.09,1.0228682658189134e-05
66,rho,330.122,1.090821825163078e-05
66,rho,340.614,1.159800838999927e-05
66,rho,350.653,1.223558892336606e-05
66,rho,359.776,1.3000807350136442e-05
66,rho,370.276,1.3627152919821922e-05
66,rho,380.315,1.4515873833830984e-05
66,rho,389.446,1.5152341642877491e-05
66,rho,399.49,1.592825912091938e-05
66,rho,410.451,1.661027478377575e-05
66,rho,419.587,1.7068341639926266e-05
66,kappa,300.273,1.073185026985
66,kappa,310.36,1.0656565282
66,kappa,319.989,1.0600635088905
66,kappa,330.536,1.06003135896
66,kappa,340.626,1.068365291763
66,kappa,350.252,1.049154134864
66,kappa,359.886,1.072533289707
66,kappa,369.977,1.0944717778995
66,kappa,379.608,1.101829496212
66,kappa,390.158,1.125690351468
66,kappa,400.249,1.1462944889025002
66,kappa,409.424,1.176662595032
66,kappa,420.89,1.1990685498
66,ZT,300.396,1.35278
66,ZT,309.943,1.35829
66,ZT,319.94,1.34621
66,ZT,330.393,1.33997
66,ZT,339.934,1.31618
66,ZT,350.839,1.2982
66,ZT,360.834,1.2744
66,ZT,370.37,1.23303
66,ZT,381.272,1.20334
66,ZT,390.807,1.15611
66,ZT,400.343,1.10889
66,ZT,409.42,1.04996
66,ZT,419.863,0.996843
67,alpha,300.0,-0.000191525
67,alpha,320.809,-0.000194068
67,alpha,340.462,-0.0001991529999999
67,alpha,362.428,-0.000202542
67,alpha,379.769,-0.000204237
67,alpha,398.844,-0.000205085
67,alpha,420.231,-0.000205085
67,alpha,439.884,-0.000204237
67,alpha,460.116,-0.0001999999999999
67,alpha,479.769,-0.000195763
67,alpha,500.0,-0.000188136
67,rho,298.889,6.841676758139885e-06
67,rho,318.889,7.445351122758949e-06
67,rho,339.444,8.165865050914168e-06
67,rho,359.444,8.904560916101227e-06
67,rho,379.444,9.578360567805214e-06
67,rho,398.889,1.024277423491598e-05
67,rho,420.0,1.0938274224722468e-05
67,rho,438.889,1.1581701375095404e-05
67,rho,460.556,1.1972979380134912e-05
67,rho,479.444,1.2391604440159705e-05
67,rho,498.889,1.230555682029334e-05
67,kappa,300.0,1.47748
67,kappa,319.337,1.44144
67,kappa,339.227,1.42793
67,kappa,359.116,1.43243
67,kappa,379.558,1.45495
67,kappa,400.0,1.51351
67,kappa,420.442,1.57658
67,kappa,440.331,1.64865
67,kappa,459.669,1.76126
67,kappa,480.111,1.88288
67,kappa,499.448,2.02252
67,ZT,300.0,1.07376
67,ZT,320.109,1.13077
67,ZT,340.217,1.15611
67,ZT,360.87,1.15928
67,ZT,380.978,1.1276
67,ZT,400.543,1.09276
67,ZT,419.565,1.02624
67,ZT,439.674,0.962896
67,ZT,459.783,0.88371
67,ZT,478.804,0.801357
67,ZT,499.457,0.719005
68,alpha,298.584,-0.000138622
68,alpha,322.886,-0.000144729
68,alpha,373.115,-0.0001510409999999
68,alpha,393.284,-0.000152433
68,alpha,413.45,-0.000152645
68,alpha,433.2,-0.0001519139999999
68,alpha,453.358,-0.000150002
68,alpha,473.514,-0.0001476189999999
68,rho,298.222,1.816355555232648e-05
68,rho,323.111,1.8844351311472627e-05
68,rho,372.889,2.001657372304268e-05
68,rho,393.778,2.042312633133255e-05
68,rho,412.889,2.095513505584544e-05
68,rho,433.333,2.1401132119889143e-05
68,rho,452.889,2.1748255246222872e-05
68,rho,472.889,2.210687346909901e-05
68,kappa,372.605,0.758808
68,kappa,392.521,0.643631
68,kappa,412.689,0.542005
68,kappa,432.605,0.697832
68,kappa,452.521,0.826558
68,kappa,472.941,0.921409
68,ZT,372.825,0.572301
68,ZT,392.841,0.694933
68,ZT,413.112,0.857329
68,ZT,433.088,0.673713
68,ZT,452.575,0.569658
68,ZT,473.317,0.509312
71,alpha,299.143,-0.000204651
71,alpha,309.714,-0.000213372
71,alpha,320.0,-0.000217248
71,alpha,329.429,-0.0002201549999999
71,alpha,340.0,-0.000223062
71,alpha,350.286,-0.000227907
71,alpha,360.0,-0.0002298449999999
71,alpha,369.429,-0.0002317829999999
71,alpha,380.571,-0.0002366279999999
71,alpha,390.0,-0.000241473
71,alpha,400.286,-0.0002395349999999
71,rho,300.146,1.969802921217732e-05
71,rho,310.422,2.026186433466116e-05
71,rho,320.129,2.0707449297810396e-05
71,rho,330.407,2.117334191559459e-05
71,rho,340.112,2.177041357254664e-05
71,rho,350.391,2.2228149728816573e-05
71,rho,360.385,2.2705341431571777e-05
71,rho,370.095,2.301628402094482e-05
71,rho,379.804,2.339964011353505e-05
71,rho,390.372,2.3664998284287624e-05
71,rho,400.944,2.3606675023429623e-05
71,kappa,299.549,1.43319
71,kappa,309.859,1.37405
71,kappa,320.167,1.28584
71,kappa,329.611,1.14927
71,kappa,339.63,1.03202
71,kappa,349.939,0.963189
71,kappa,360.252,0.93312
71,kappa,369.706,0.912824
71,kappa,380.311,0.950556
71,kappa,390.634,1.04646
71,kappa,400.387,1.17148
71,ZT,300.349,0.447093
71,ZT,310.358,0.510465
71,ZT,319.794,0.562243
71,ZT,330.378,0.648837
71,ZT,340.394,0.764535
71,ZT,349.832,0.833754
71,ZT,360.411,0.885465
71,ZT,369.562,0.943073
71,ZT,380.421,0.95407
71,ZT,390.132,0.930249
71,ZT,400.404,0.836628
72,alpha,3.8801,-4.11164e-06
72,alpha,8.54634,-1.07949e-05
72,alpha,8.50703,-1.43883e-05
72,alpha,14.3468,-2.21007e-05
72,alpha,16.6715,-2.62123e-05
72,alpha,18.985,-3.13507e-05
72,alpha,26.0602,-3.44453e-05
72,alpha,33.0904,-4.16468e-05
72,alpha,38.9358,-4.884579999999999e-05
72,alpha,42.3779,-5.91201e-05
72,alpha,50.5705,-6.837730000000001e-05
72,alpha,59.9254,-7.969039999999999e-05
72,alpha,70.4371,-9.35727e-05
72,alpha,79.8145,-0.000102832
72,alpha,89.1919,-0.000112092
72,alpha,98.5917,-0.000119298
72,alpha,119.772,-0.000132689
72,alpha,138.606,-0.000144022
72,alpha,160.982,-0.000156388
72,alpha,181.012,-0.000166697
72,alpha,199.907,-0.000172382
72,alpha,219.947,-0.0001816639999999
72,alpha,239.982,-0.000191459
72,alpha,260.074,-0.0001961199999999
72,alpha,279.003,-0.0001987259999999
72,alpha,299.105,-0.0002023609999999
72,alpha,326.361,-0.0002019039999999
72,alpha,348.867,-0.0002024629999999
72,alpha,373.742,-0.0002030279999999
72,alpha,401.015,-0.00020103
72,alpha,425.935,-0.000197488
72,alpha,453.304,-0.000186763
72,alpha,479.533,-0.00017193
72,alpha,502.19,-0.0001586289999999
72,alpha,527.239,-0.00014328
72,alpha,551.087,-0.000129468
72,rho,2.62071,4.41432e-05
72,rho,48.9641,4.87158e-05
72,rho,97.7139,5.8932800000000006e-05
72,rho,148.856,7.22274e-05
72,rho,200.023,9.01422e-05
72,rho,248.798,0.0001049789999999
72,rho,302.338,0.000122378
72,rho,322.565,0.000129031
72,rho,351.085,0.000132082
72,rho,374.86,0.000136164
72,rho,398.61,0.000135627
72,rho,425.918,0.000134059
72,rho,450.824,0.000127873
72,rho,472.154,0.000119124
72,rho,499.41,0.000108316
72,rho,526.667,9.75071e-05
72,rho,550.375,8.926920000000002e-05
72,kappa,301.225,0.41732
72,kappa,326.961,0.407423
72,kappa,350.245,0.405773
72,kappa,375.98,0.400825
72,kappa,401.103,0.405773
72,kappa,425.613,0.41567
72,kappa,451.348,0.440412
72,kappa,475.245,0.456907
72,kappa,500.368,0.486598
72,kappa,525.49,0.519588
72,kappa,550.613,0.554227
72,ZT,298.464,0.22525
72,ZT,323.773,0.251114
72,ZT,350.288,0.265863
72,ZT,374.333,0.278149
72,ZT,398.986,0.287348
72,ZT,424.239,0.290372
72,ZT,450.06,0.273641
72,ZT,475.875,0.254442
72,ZT,499.223,0.233397
72,ZT,524.414,0.211112
72,ZT,550.211,0.184505
73,alpha,324.686,-9.41117e-05
73,alpha,369.874,-9.89848e-05
73,alpha,470.293,-0.0001069039999999
73,alpha,563.18,-0.0001142129999999
73,alpha,658.577,-0.0001148219999999
73,alpha,751.464,-0.000122132
73,alpha,849.372,-0.0001324869999999
73,alpha,942.259,-0.0001410149999999
73,alpha,1047.7,-0.0001489339999999
73,rho,326.382,1.6564793188557037e-05
73,rho,372.161,1.8019803764337003e-05
73,rho,472.706,2.113936975083025e-05
73,rho,566.175,2.3261710526621863e-05
73,rho,657.01,2.267476004435183e-05
73,rho,747.914,2.2634573858877955e-05
73,rho,848.029,2.355368591630904e-05
73,rho,943.684,2.5358120050411943e-05
73,rho,1048.34,2.6514719646611817e-05
73,kappa,323.224,7.89773
73,kappa,366.856,6.0814
73,kappa,558.852,4.36852
73,kappa,753.026,3.45176
73,kappa,942.594,2.83763
73,kappa,1047.77,2.29347
73,ZT,330.769,0.0253906
73,ZT,372.308,0.0351563
73,ZT,561.538,0.0820313
73,ZT,748.462,0.164063
73,ZT,942.308,0.273438
73,ZT,1050.77,0.396484
74,alpha,302.48,-0.000126048
74,alpha,313.458,-0.000126694
74,alpha,323.128,-0.0001272589999999
74,alpha,333.846,-0.000127585
74,alpha,342.473,-0.0001275879999999
74,alpha,352.668,-0.000127833
74,alpha,363.388,-0.000127757
74,alpha,373.584,-0.0001275999999999
74,alpha,383.259,-0.000127203
74,alpha,394.503,-0.000126727
74,alpha,402.872,-0.000126008
74,alpha,413.334,-0.00012505
74,alpha,423.796,-0.000124011
74,alpha,434.52,-0.000122732
74,alpha,444.461,-0.000121212
74,alpha,453.094,-0.0001200919999999
74,alpha,463.297,-0.000118251
74,alpha,472.979,-0.0001163299999999
74,rho,302.795,5.449710075423987e-05
74,rho,312.988,5.355583999657243e-05
74,rho,323.441,5.246920057925998e-05
74,rho,333.374,5.194022718655371e-05
74,rho,342.782,5.108478541835885e-05
74,rho,352.453,5.041974437189604e-05
74,rho,362.908,4.98509456724394e-05
74,rho,373.364,4.945133741142029e-05
74,rho,384.08,4.890406001506245e-05
74,rho,394.013,4.844397938224237e-05
74,rho,402.9,4.814149748942091e-05
74,rho,412.834,4.7842082852919086e-05
74,rho,423.029,4.761927437749704e-05
74,rho,433.746,4.73260766682442e-05
74,rho,443.68,4.7107815657695765e-05
74,rho,452.045,4.696290869471292e-05
74,rho,462.502,4.688870029211661e-05
74,rho,472.698,4.681450687939178e-05
74,kappa,303.079,0.283884
74,kappa,313.475,0.281471
74,kappa,323.873,0.279926
74,kappa,333.494,0.279253
74,kappa,342.331,0.277712
74,kappa,353.255,0.277688
74,kappa,363.398,0.277884
74,kappa,373.021,0.277863
74,kappa,383.427,0.27871
74,kappa,393.832,0.279339
74,kappa,402.419,0.280842
74,kappa,412.83,0.283211
74,kappa,423.24,0.285362
74,kappa,433.65,0.287731
74,kappa,443.803,0.29097
74,kappa,452.134,0.293778
74,kappa,462.55,0.297668
74,kappa,472.446,0.301994
74,ZT,302.727,0.31294
74,ZT,313.377,0.334947
74,ZT,323.507,0.356514
74,ZT,334.156,0.37632
74,ZT,342.208,0.390845
74,ZT,353.117,0.410211
74,ZT,363.247,0.427377
74,ZT,373.377,0.441461
74,ZT,383.766,0.454225
74,ZT,394.416,0.464789
74,ZT,402.727,0.470951
74,ZT,413.377,0.476673
74,ZT,423.766,0.478433
74,ZT,433.896,0.478873
74,ZT,444.026,0.475352
74,ZT,452.857,0.471391
74,ZT,462.987,0.462588
74,ZT,473.117,0.452025
75,alpha,305.381,7.68708e-05
75,alpha,322.422,8.36054e-05
75,alpha,372.646,9.18367e-05
75,alpha,421.076,0.00010568
75,alpha,466.816,0.000116531
75,alpha,517.937,0.00013
75,alpha,564.574,0.0001386049999999
75,alpha,612.108,0.0001415989999999
75,alpha,661.435,0.000140476
75,alpha,710.762,0.000150204
75,rho,305.381,2.20725e-05
75,rho,325.112,2.26859e-05
75,rho,372.646,2.47305e-05
75,rho,422.87,2.6570600000000003e-05
75,rho,468.61,2.91264e-05
75,rho,517.04,3.16822e-05
75,rho,566.368,3.30112e-05
75,rho,614.798,3.61803e-05
75,rho,664.126,3.56691e-05
75,rho,711.659,3.41357e-05
75,kappa,300.203,0.436485
75,kappa,421.392,0.453412
75,kappa,522.225,0.493044
75,kappa,622.058,0.573225
75,kappa,722.896,0.621866
75,ZT,306.241,0.183077
75,ZT,324.965,0.227692
75,ZT,371.489,0.292308
75,ZT,421.418,0.384615
75,ZT,469.078,0.455385
75,ZT,516.738,0.532308
75,ZT,566.667,0.604615
75,ZT,614.894,0.606154
75,ZT,662.553,0.616923
75,ZT,710.78,0.747692
78,alpha,298.131,-8.51948e-05
78,alpha,331.776,-9.87013e-05
78,alpha,378.037,-0.000114286
78,alpha,425.701,-0.000131948
78,alpha,476.168,-0.00014961
78,alpha,521.028,-0.000166234
78,alpha,571.495,-0.000184935
78,alpha,619.159,-0.000198442
78,alpha,666.822,-0.000216104
78,alpha,715.888,-0.000227532
78,rho,295.327,3.4301669462252726e-06
78,rho,331.776,4.263883203711283e-06
78,rho,379.439,5.482155583575462e-06
78,rho,424.299,7.223554566731197e-06
78,rho,473.364,9.446170994587344e-06
78,rho,521.028,1.2039214128258562e-05
78,rho,571.495,1.5349995241501477e-05
78,rho,620.561,2.046668126623264e-05
78,rho,666.822,2.5583364672955057e-05
78,rho,715.888,3.0699990483002954e-05
78,kappa,298.239,3.00266
78,kappa,331.714,2.68097
78,kappa,373.532,2.4079
78,kappa,427.898,2.0384
78,kappa,475.281,1.7816
78,kappa,521.269,1.5409
78,kappa,570.019,1.41318
78,kappa,620.167,1.25324
78,kappa,666.125,1.1577
78,kappa,716.254,1.09453
78,ZT,295.439,0.211475
78,ZT,328.637,0.280698
78,ZT,375.67,0.376846
78,ZT,425.436,0.519019
78,ZT,473.829,0.645847
78,ZT,520.833,0.776501
78,ZT,567.824,0.92249
78,ZT,619.011,1.0225
78,ZT,666.06,1.09948
78,ZT,717.301,1.13431
83,alpha,323.729,-0.000175385
83,alpha,367.797,-0.000184615
83,alpha,417.514,-0.000204615
83,alpha,466.102,-0.0002161539999999
83,alpha,516.949,-0.0002253849999999
83,alpha,559.887,-0.0002299999999999
83,alpha,611.864,-0.0002323079999999
83,alpha,658.192,-0.000234615
83,alpha,705.65,-0.000233077
83,alpha,757.627,-0.000237692
83,rho,321.918,2.77241e-05
83,rho,371.233,3.31034e-05
83,rho,417.26,3.5586199999999995e-05
83,rho,464.384,3.72414e-05
83,rho,515.89,3.84828e-05
83,rho,563.014,3.97241e-05
83,rho,611.233,3.88966e-05
83,rho,660.548,3.88966e-05
83,rho,707.671,4.01379e-05
83,rho,756.986,4.055169999999999e-05
83,kappa,420.241,1.32653
83,kappa,472.53,1.36905
83,kappa,523.133,1.33503
83,kappa,573.735,1.33503
83,kappa,622.651,1.30952
83,kappa,672.41,1.30102
83,kappa,722.169,1.2415
83,ZT,422.554,0.359259
83,ZT,471.838,0.431852
83,ZT,521.957,0.50963
83,ZT,572.912,0.566667
83,ZT,622.196,0.639259
83,ZT,673.15,0.709259
83,ZT,723.27,0.78963
86,alpha,80.0,-3.60851e-05
86,alpha,85.0,-3.68781e-05
86,alpha,90.0,-4.01224e-05
86,alpha,95.0,-4.25504e-05
86,alpha,100.0,-4.41644e-05
86,alpha,105.0,-4.74111e-05
86,alpha,110.0,-4.82087e-05
86,alpha,115.0,-5.22694e-05
86,alpha,120.0,-5.30647e-05
86,alpha,125.0,-5.63067e-05
86,alpha,130.0,-5.9551e-05
86,alpha,135.0,-6.1165e-05
86,alpha,140.0,-6.35953e-05
86,alpha,145.0,-6.76536e-05
86,alpha,150.0,-6.926999999999999e-05
86,alpha,155.0,-7.169799999999999e-05
86,alpha,160.0,-7.41259e-05
86,alpha,165.0,-7.65516e-05
86,alpha,170.0,-8.06146e-05
86,alpha,175.0,-8.38589e-05
86,alpha,180.0,-8.71032e-05
86,alpha,185.0,-8.95312e-05
86,alpha,190.0,-9.19545e-05
86,alpha,195.0,-9.52012e-05
86,alpha,200.0,-9.68175e-05
86,alpha,205.0,-9.84292e-05
86,alpha,210.0,-0.0001024899999999
86,alpha,215.0,-0.000104101
86,alpha,220.0,-0.000108164
86,alpha,225.0,-0.000109778
86,alpha,230.0,-0.000113025
86,alpha,235.0,-0.000115453
86,alpha,240.0,-0.0001186949999999
86,alpha,245.0,-0.0001219419999999
86,alpha,250.0,-0.000125186
86,alpha,255.0,-0.000127616
86,alpha,260.0,-0.00013004
86,alpha,265.0,-0.0001332839999999
86,alpha,270.0,-0.000135714
86,alpha,275.0,-0.0001389629999999
86,alpha,280.0,-0.000141391
86,alpha,285.0,-0.000145447
86,alpha,290.0,-0.000147061
86,alpha,295.0,-0.00015031
86,alpha,300.0,-0.000151922
86,rho,80.0,2.5092025001693712e-06
86,rho,85.0,2.6446700641861424e-06
86,rho,90.0,2.7957013296355524e-06
86,rho,95.0,2.9650187092680554e-06
86,rho,100.0,3.13367636643958e-06
86,rho,105.0,3.322733812471549e-06
86,rho,110.0,3.453205610768476e-06
86,rho,115.0,3.59425207208632e-06
86,rho,120.0,3.74731130413928e-06
86,rho,125.0,3.94904156761154e-06
86,rho,130.0,4.134708813131835e-06
86,rho,135.0,4.338677137340825e-06
86,rho,140.0,4.517181098307412e-06
86,rho,145.0,4.661178905368746e-06
86,rho,150.0,4.922204556976979e-06
86,rho,155.0,5.093672639846783e-06
86,rho,160.0,5.341480872156997e-06
86,rho,165.0,5.475131950680011e-06
86,rho,170.0,5.477081153911458e-06
86,rho,175.0,5.840814443165955e-06
86,rho,180.0,6.083835249741437e-06
86,rho,185.0,6.348480808542515e-06
86,rho,190.0,6.538169835499647e-06
86,rho,195.0,6.54150585464774e-06
86,rho,200.0,6.743406634163447e-06
86,rho,205.0,6.850300385671912e-06
86,rho,210.0,7.187005893344832e-06
86,rho,215.0,7.190003019801268e-06
86,rho,220.0,7.435331206828608e-06
86,rho,225.0,7.56555553874321e-06
86,rho,230.0,7.978362680410725e-06
86,rho,235.0,7.981610369708191e-06
86,rho,240.0,8.132263127505754e-06
86,rho,245.0,8.136564091715351e-06
86,rho,250.0,8.616455707109438e-06
86,rho,255.0,8.620318089737512e-06
86,rho,260.0,8.624630218979361e-06
86,rho,265.0,8.978514415004894e-06
86,rho,270.0,8.983757366681042e-06
86,rho,275.0,9.174985320023488e-06
86,rho,280.0,9.375146486663852e-06
86,rho,285.0,9.379719171208011e-06
86,rho,290.0,1.0023324275589296e-05
86,rho,295.0,1.0027877499448467e-05
86,rho,300.0,1.0035032297751451e-05
86,kappa,85.0,7.22476615083333
86,kappa,90.0,6.84737752666666
86,kappa,95.0,6.688986615
86,kappa,100.0,6.36049596666666
86,kappa,105.0,6.192878549166661
86,kappa,110.0,5.93776760333333
86,kappa,115.0,5.791890485
86,kappa,120.0,5.53656252
86,kappa,125.0,5.4315046250000005
86,kappa,130.0,5.260974841666661
86,kappa,135.0,5.0609958041666605
86,kappa,140.0,4.95665644333333
86,kappa,145.0,4.8048129116666605
86,kappa,150.0,4.65595000833333
86,kappa,155.0,4.50553279499999
86,kappa,160.0,4.36587887999999
86,kappa,165.0,4.27433837
86,kappa,170.0,4.17377486833333
86,kappa,175.0,4.083391920833329
86,kappa,180.0,3.93020503333333
86,kappa,185.0,3.86595033499999
86,kappa,190.0,3.81063960666666
86,kappa,195.0,3.722336425
86,kappa,200.0,3.63330236666666
86,kappa,205.0,3.59717952749999
86,kappa,210.0,3.5158753
86,kappa,215.0,3.44728110166666
86,kappa,220.0,3.34358393666666
86,kappa,225.0,3.34196455833333
86,kappa,230.0,3.25561859833333
86,kappa,235.0,3.2013456600000003
86,kappa,240.0,3.09104596
86,kappa,245.0,3.07905258833333
86,kappa,250.0,2.96684912499999
86,kappa,255.0,2.94340790416666
86,kappa,260.0,2.91991572333333
86,kappa,265.0,2.85644850583333
86,kappa,270.0,2.81099554666666
86,kappa,275.0,2.7503335999999905
86,kappa,280.0,2.7157219
86,kappa,285.0,2.70709193916666
86,kappa,290.0,2.6235133331666605
86,kappa,295.0,2.5980740883333304
86,kappa,300.0,2.57776744833333
86,ZT,80.0,0.00739274
86,ZT,85.0,0.00831683
86,ZT,90.0,0.00924092
86,ZT,95.0,0.0120132
86,ZT,100.0,0.0129373
86,ZT,105.0,0.0129373
86,ZT,110.0,0.0147855
86,ZT,115.0,0.0157096
86,ZT,120.0,0.0175578
86,ZT,125.0,0.0194059
86,ZT,130.0,0.0221782
86,ZT,135.0,0.0249505
86,ZT,140.0,0.0267987
86,ZT,145.0,0.029571
86,ZT,150.0,0.0323432
86,ZT,155.0,0.0369637
86,ZT,160.0,0.039736
86,ZT,165.0,0.0434323
86,ZT,170.0,0.0471287
86,ZT,175.0,0.0517492
86,ZT,180.0,0.0554455
86,ZT,185.0,0.0609901
86,ZT,190.0,0.0656106
86,ZT,195.0,0.0730033
86,ZT,200.0,0.0785479
86,ZT,205.0,0.0840924
86,ZT,210.0,0.0924092
86,ZT,215.0,0.0979538
86,ZT,220.0,0.104422
86,ZT,225.0,0.112739
86,ZT,230.0,0.122904
86,ZT,235.0,0.129373
86,ZT,240.0,0.140462
86,ZT,245.0,0.148779
86,ZT,250.0,0.157096
86,ZT,255.0,0.169109
86,ZT,260.0,0.176502
86,ZT,265.0,0.189439
86,ZT,270.0,0.200528
86,ZT,275.0,0.213465
86,ZT,280.0,0.222706
86,ZT,285.0,0.235644
86,ZT,290.0,0.244884
86,ZT,295.0,0.260594
86,ZT,300.0,0.272607
87,alpha,327.022,-6.3468e-05
87,alpha,376.028,-7.72529e-05
87,alpha,426.542,-9.10326e-05
87,alpha,474.042,-0.000106373
87,alpha,525.307,-0.000117049
87,alpha,574.316,-0.0001339349999999
87,alpha,622.569,-0.0001492729999999
87,alpha,672.33,-0.0001646059999999
87,alpha,721.333,-0.0001737389999999
87,rho,327.143,3.93031e-06
87,rho,375.714,5.0083e-06
87,rho,427.857,6.114740000000001e-06
87,rho,476.429,7.57281e-06
87,rho,525.714,9.2458e-06
87,rho,575.714,1.16149e-05
87,rho,624.286,1.4180900000000003e-05
87,rho,673.571,1.7313700000000003e-05
87,rho,720.714,2.08394e-05
87,kappa,326.561,3.11137
87,kappa,376.053,2.80016
87,kappa,426.248,2.52182
87,kappa,475.735,2.25167
87,kappa,525.212,2.05545
87,kappa,574.681,1.91672
87,kappa,623.441,1.80262
87,kappa,672.9,1.73781
87,kappa,723.058,1.73052
87,ZT,328.355,0.0971181
87,ZT,376.546,0.147922
87,ZT,426.849,0.218168
87,ZT,476.125,0.307872
87,ZT,525.371,0.368397
87,ZT,575.691,0.455664
87,ZT,624.955,0.533211
87,ZT,675.233,0.57914
87,ZT,723.409,0.615355
88,alpha,174.863,-2.92035e-05
88,alpha,224.59,-3.849560000000001e-05
88,alpha,274.317,-4.64602e-05
88,alpha,325.82,-8.09734e-05
88,alpha,375.546,-9.02655e-05
88,alpha,423.497,-0.000100885
88,alpha,475.0,-0.0001154869999999
88,alpha,524.727,-0.000140708
88,alpha,574.454,-0.000167257
88,alpha,625.956,-0.000200442
88,alpha,677.459,-0.000215044
88,alpha,727.186,-0.000215044
88,alpha,776.913,-0.000209735
88,rho,123.333,8.370232106536313e-06
88,rho,183.611,1.0393767896769096e-05
88,rho,224.444,1.182291635877822e-05
88,rho,282.778,1.4223051584163486e-05
88,rho,321.667,2.4567127218411587e-05
88,rho,374.167,2.3945156014664016e-05
88,rho,422.778,2.3945156014664016e-05
88,rho,469.444,2.591324762958567e-05
88,rho,523.889,2.9557290896945544e-05
88,rho,570.556,3.439392740817681e-05
88,rho,623.056,4.2037118775879104e-05
88,rho,671.667,4.503977011701332e-05
88,rho,720.278,4.503977011701332e-05
88,rho,770.833,4.850436781832204e-05
88,kappa,322.598,0.944187
88,kappa,371.167,0.888575
88,kappa,422.448,0.812984
88,kappa,472.338,0.785382
88,kappa,520.892,0.74577
88,kappa,570.793,0.706168
88,kappa,622.002,0.710578
88,kappa,671.878,0.698977
88,kappa,720.399,0.695365
88,kappa,771.615,0.691775
88,ZT,322.788,0.0969163
88,ZT,373.727,0.15022
88,ZT,424.665,0.242291
88,ZT,475.603,0.339207
88,ZT,523.861,0.484582
88,ZT,573.458,0.649339
88,ZT,623.056,0.838326
88,ZT,673.995,0.969163
88,ZT,722.252,1.05154
88,ZT,773.19,1.06123
89,alpha,301.378,0.000107925
89,alpha,349.912,0.000141042
89,alpha,400.602,0.000182598
89,alpha,451.267,0.000202203
89,alpha,500.229,0.000234757
89,alpha,550.899,0.000258864
89,alpha,600.268,0.0002700289999999
89,rho,300.189,2.233025101435165e-05
89,rho,348.965,1.5113845037746828e-05
89,rho,399.947,1.5400299997843958e-05
89,rho,450.55,1.7864894945485273e-05
89,rho,500.342,2.373554801820042e-05
89,rho,550.542,3.309285856112251e-05
89,rho,599.882,4.3119804063610336e-05
89,kappa,299.264,1.82643
89,kappa,350.404,1.71566
89,kappa,399.891,1.57256
89,kappa,450.222,1.383
89,kappa,500.546,1.21768
89,kappa,550.03,1.08468
89,kappa,599.917,0.994105
89,ZT,299.224,0.081984
89,ZT,349.136,0.269733
89,ZT,399.897,0.554773
89,ZT,449.811,0.749008
89,ZT,499.724,0.943243
89,ZT,549.607,1.01856
89,ZT,599.882,1.02252
90,alpha,309.619,-0.000288246
90,alpha,329.826,-0.000288716
90,alpha,340.265,-0.000290889
90,alpha,349.434,-0.0002996019999999
90,alpha,359.21,-0.000299596
90,alpha,369.652,-0.000302253
90,alpha,379.411,-0.000298855
90,alpha,389.836,-0.000298121
90,alpha,400.283,-0.0003019889999999
90,alpha,409.419,-0.000304163
90,alpha,428.947,-0.0002990629999999
90,alpha,440.004,-0.0002944529999999
90,alpha,448.475,-0.0002942049999999
90,alpha,459.528,-0.0002886259999999
90,alpha,469.976,-0.000292737
90,alpha,480.393,-0.0002903079999999
90,alpha,490.178,-0.000291996
90,alpha,499.954,-0.00029199
90,alpha,509.706,-0.000287138
90,alpha,518.849,-0.0002907649999999
90,alpha,529.284,-0.000291969
90,alpha,540.382,-0.000295595
90,alpha,548.832,-0.000290987
90,alpha,559.276,-0.0002941279999999
90,alpha,569.055,-0.000294606
90,alpha,578.835,-0.000295326
90,alpha,589.291,-0.0003008899999999
90,alpha,599.719,-0.0003008829999999
90,alpha,610.151,-0.0003016019999999
90,alpha,620.589,-0.0003035319999999
90,alpha,629.076,-0.000306191
90,rho,310.571,0.0002521839126838
90,rho,320.355,0.0002458675806384
90,rho,330.803,0.0002303091439639
90,rho,340.62,0.0002029101371875
90,rho,349.122,0.000187201413745
90,rho,359.563,0.0001813963528449
90,rho,370.679,0.0001658476556604
90,rho,380.521,0.0001436379175374
90,rho,390.322,0.0001368730529808
90,rho,400.115,0.0001325149211801
90,rho,410.584,0.0001229635695832
90,rho,420.397,0.000115612416311
90,rho,430.188,0.0001129271044248
90,rho,440.648,0.000107491744634
90,rho,451.764,0.0001018342383002
90,rho,462.207,9.974664352544538e-05
90,rho,472.003,9.708455093540966e-05
90,rho,480.495,9.4558176918349e-05
90,rho,491.59,9.275663441827676e-05
90,rho,500.077,9.101831288455238e-05
90,rho,511.167,8.990380293086398e-05
90,rho,520.945,8.964027358211497e-05
90,rho,530.734,8.828618850866971e-05
90,rho,541.162,8.830255989121124e-05
90,rho,548.981,8.858494410290027e-05
90,rho,561.359,8.915119150567448e-05
90,rho,570.482,8.944143821832655e-05
90,rho,581.552,9.058053062074838e-05
90,rho,591.331,9.031302494445748e-05
90,rho,599.142,9.146954978687597e-05
90,rho,610.869,9.207170544419994e-05
90,rho,619.991,9.238131310798452e-05
90,rho,630.4,9.482447988772782e-05
90,rho,641.485,9.422584049449722e-05
90,rho,649.298,9.51701165833928e-05
90,kappa,319.949,0.573857
90,kappa,370.147,0.548599
90,kappa,468.692,0.512608
90,kappa,570.273,0.504482
90,kappa,620.437,0.516766
90,ZT,320.764,0.177995
90,ZT,369.594,0.379111
90,ZT,469.701,0.811355
90,ZT,570.991,1.09766
90,ZT,620.408,1.20435
91,alpha,2.64900662251656,-7.531380753138019e-06
91,alpha,22.7814569536423,-8.535564853556529e-06
91,alpha,33.9072847682119,-7.782426778242659e-06
91,alpha,51.9205298013245,-7.531380753138019e-06
91,alpha,81.0596026490065,-7.531380753138019e-06
91,alpha,89.5364238410596,-7.280334728033429e-06
91,alpha,101.192052980132,-5.271966527196579e-06
91,alpha,120.794701986755,-3.26359832635984e-06
91,alpha,140.92715231788,-7.531380753137559e-07
91,alpha,161.059602649006,2.51046025104597e-06
91,alpha,197.615894039735,7.02928870292885e-06
91,alpha,201.324503311258,1.1046025104602498e-05
91,alpha,220.92715231788,1.6820083682008397e-05
91,alpha,241.059602649006,2.30962343096234e-05
91,alpha,281.324503311258,3.89121338912134e-05
91,alpha,300.92715231788,4.82008368200836e-05
91,alpha,322.119205298013,5.67364016736403e-05
91,alpha,361.324503311258,7.98326359832636e-05
91,alpha,369.271523178807,8.18410041841005e-05
91,alpha,401.059602649006,0.0001066945606694
91,alpha,415.364238410596,0.0001124686192468
91,alpha,461.986754966887,0.0001430962343096
91,alpha,507.549668874172,0.000172970711297
91,alpha,554.172185430463,0.0002028451882845
91,alpha,599.735099337748,0.000232970711297
91,alpha,646.357615894039,0.0002653556485355
91,alpha,692.980132450331,0.0002781589958158
91,alpha,739.602649006623,0.0002771548117154
91,rho,4.6367,1.14406e-06
91,rho,18.3835,1.22345e-06
91,rho,36.7083,1.32599e-06
91,rho,52.7539,1.45667e-06
91,rho,64.2019,1.51643e-06
91,rho,80.241,1.6435900000000002e-06
91,rho,100.864,1.8299000000000005e-06
91,rho,119.189,1.98327e-06
91,rho,139.819,2.23802e-06
91,rho,160.436,2.4583800000000003e-06
91,rho,199.378,2.92678e-06
91,rho,219.988,3.17196e-06
91,rho,242.878,3.391580000000001e-06
91,rho,279.547,4.14815e-06
91,rho,300.158,4.495650000000001e-06
91,rho,325.352,5.004880000000001e-06
91,rho,371.19,6.4591000000000006e-06
91,rho,419.314,8.33555e-06
91,rho,462.873,1.09038e-05
91,rho,508.717,1.4262800000000002e-05
91,rho,554.569,1.89095e-05
91,rho,602.673,2.34368e-05
91,rho,646.225,3.02478e-05
91,rho,694.29,3.4579800000000004e-05
91,rho,740.043,3.7460800000000006e-05
91,kappa,324.718,2.65073
91,kappa,376.442,2.23401
91,kappa,473.685,1.58536
91,kappa,520.816,1.43414
91,kappa,574.191,1.17893
91,kappa,624.485,1.06225
91,kappa,673.239,1.01485
91,kappa,723.566,0.967402
91,kappa,772.33,0.943074
91,ZT,323.673,0.0833152
91,ZT,369.384,0.171603
91,ZT,413.588,0.331023
91,ZT,462.523,0.502233
91,ZT,506.804,0.744615
91,ZT,554.215,0.969179
91,ZT,600.07,1.21154
91,ZT,645.913,1.44205
91,ZT,693.231,1.56587
91,ZT,741.968,1.52375
97,alpha,297.567,-0.000122353
97,alpha,374.209,-0.000144412
97,alpha,472.749,-0.000185
97,alpha,573.723,-0.000223824
97,alpha,672.263,-0.000247647
97,alpha,773.236,-0.000258235
97,rho,298.792,8.59649e-06
97,rho,374.879,1.2280699999999996e-05
97,rho,472.705,2.04678e-05
97,rho,571.739,3.47953e-05
97,rho,673.188,5.362569999999999e-05
97,rho,772.222,7.40936e-05
97,kappa,297.561,1.18343
97,kappa,371.951,0.974586
97,kappa,473.171,0.78895
97,kappa,573.171,0.702762
97,kappa,671.951,0.662983
97,kappa,773.171,0.646409
97,ZT,296.305,0.469341
97,ZT,372.66,0.692837
97,ZT,473.645,1.03181
97,ZT,572.167,1.1957
97,ZT,671.921,1.16963
97,ZT,772.906,1.09513
99,alpha,299.854,9.8374e-05
99,alpha,349.862,0.0001071209999999
99,alpha,399.873,0.000116134
99,alpha,449.906,0.000127148
99,alpha,500.754,0.000136027
99,alpha,551.172,0.00014384
99,rho,299.486,4.786498245748393e-06
99,rho,350.307,5.853841290654928e-06
99,rho,399.906,6.792186268916239e-06
99,rho,449.524,7.656147120523068e-06
99,rho,500.825,8.772006771989228e-06
99,rho,549.615,9.774788864560526e-06
99,kappa,300.334,3.48265
99,kappa,350.12,3.26255
99,kappa,399.931,3.08384
99,kappa,449.298,2.87104
99,kappa,499.515,2.66554
99,kappa,550.149,2.44785
99,ZT,299.871,0.172234
99,ZT,350.362,0.208563
99,ZT,399.235,0.258748
99,ZT,448.866,0.329734
99,ZT,500.096,0.397263
99,ZT,550.103,0.480731
100,alpha,298.029,8.236889999999999e-05
100,alpha,319.636,0.0001007169999999
100,alpha,370.04,0.000139073
100,alpha,420.447,0.000178265
100,alpha,462.628,0.0002124559999999
100,alpha,511.977,0.000239115
100,alpha,564.418,0.0002707819999999
100,alpha,612.731,0.0002941
100,alpha,662.074,0.000318252
100,alpha,709.308,0.00032068
100,alpha,758.612,0.00032979
100,rho,299.383,7.075388261930874e-06
100,rho,318.892,8.147436001890204e-06
100,rho,366.086,1.1559878436318364e-05
100,rho,418.343,1.6324505041007155e-05
100,rho,465.453,2.266602295161484e-05
100,rho,513.56,3.057271874015941e-05
100,rho,564.716,3.906570460858117e-05
100,rho,613.817,4.791222480415878e-05
100,rho,660.864,5.5394296603221725e-05
100,rho,709.954,6.364278577201881e-05
100,rho,756.997,7.221102951264775e-05
100,kappa,296.401,2.24073
100,kappa,325.151,2.06757
100,kappa,375.454,1.78697
100,kappa,422.675,1.53027
100,kappa,472.947,1.33942
100,kappa,523.2,1.20241
100,kappa,573.447,1.08335
100,kappa,624.703,1.00618
100,kappa,674.929,0.946956
100,kappa,724.118,0.923613
100,kappa,775.351,0.91226
100,ZT,299.049,0.121663
100,ZT,322.648,0.17891
100,ZT,368.847,0.336473
100,ZT,417.109,0.519141
100,ZT,466.382,0.676682
100,ZT,513.588,0.80553
100,ZT,564.91,0.963056
100,ZT,613.135,1.08113
100,ZT,660.346,1.21716
100,ZT,709.53,1.22398
100,ZT,757.736,1.30976
101,alpha,473.485,-7.440829999999999e-05
101,alpha,483.225,-7.81065e-05
101,alpha,494.048,-8.106509999999999e-05
101,alpha,503.247,-8.69822e-05
101,alpha,513.528,-9.14201e-05
101,alpha,524.351,-9.43787e-05
101,alpha,534.091,-9.881659999999998e-05
101,alpha,543.831,-0.000101775
101,alpha,554.654,-0.000106213
101,alpha,563.853,-0.000111391
101,alpha,573.593,-0.000116568
101,alpha,583.874,-0.000123225
101,alpha,593.615,-0.000127663
101,alpha,604.437,-0.00013358
101,alpha,614.177,-0.000139497
101,alpha,623.377,-0.000146893
101,alpha,633.658,-0.000149852
101,alpha,643.939,-0.0001550299999999
101,alpha,653.139,-0.000160207
101,alpha,663.961,-0.000166864
101,alpha,674.242,-0.000172781
101,alpha,683.442,-0.000177959
101,alpha,693.723,-0.000186095
101,alpha,705.087,-0.000192012
101,alpha,713.203,-0.0001949699999999
101,alpha,724.026,-0.0002001479999999
101,alpha,732.684,-0.0002038459999999
101,alpha,742.965,-0.000207544
101,alpha,753.247,-0.000212722
101,alpha,762.446,-0.000220118
101,alpha,772.727,-0.000223077
101,rho,472.843,2.6335055645972586e-05
101,rho,483.759,2.6482139121269655e-05
101,rho,494.129,2.6630520173950555e-05
101,rho,503.41,2.6493294547150117e-05
101,rho,513.781,2.6499121554120483e-05
101,rho,523.609,2.6223867915622085e-05
101,rho,533.98,2.6229645794863185e-05
101,rho,543.806,2.609678252768216e-05
101,rho,554.175,2.6380769474284025e-05
101,rho,562.91,2.624575474916932e-05
101,rho,573.828,2.611334235114089e-05
101,rho,584.201,2.584627154609812e-05
101,rho,594.574,2.5717584913035983e-05
101,rho,603.853,2.5722546326305933e-05
101,rho,614.772,2.546369386528688e-05
101,rho,623.507,2.533788063831189e-05
101,rho,633.88,2.521419458298244e-05
101,rho,644.251,2.521953606141461e-05
101,rho,652.984,2.522398902251997e-05
101,rho,663.902,2.5101661730006527e-05
101,rho,674.822,2.485509479733156e-05
101,rho,684.648,2.4735760241223134e-05
101,rho,693.385,2.4374608482851244e-05
101,rho,703.213,2.4141527289582448e-05
101,rho,713.587,2.391314744846717e-05
101,rho,722.868,2.368848692158637e-05
101,rho,733.789,2.3358046146155963e-05
101,rho,745.254,2.314461216573394e-05
101,rho,755.085,2.2619982039734262e-05
101,rho,765.459,2.2419312892898457e-05
101,rho,772.557,2.222088896888409e-05
101,kappa,473.913,2.43507
101,kappa,523.37,2.19156
101,kappa,573.37,2.04058
101,kappa,623.37,1.92857
101,kappa,672.826,1.87013
101,kappa,722.826,1.79708
101,kappa,772.283,1.84091
101,ZT,473.306,0.0453668
101,ZT,524.083,0.0804471
101,ZT,572.687,0.144798
101,ZT,622.952,0.27086
101,ZT,672.692,0.455413
101,ZT,722.447,0.678955
101,ZT,773.858,0.954461
103,alpha,297.836,6.258899999999999e-05
103,alpha,324.382,7.06478e-05
103,alpha,350.935,8.051059999999999e-05
103,alpha,374.188,9.48913e-05
103,alpha,399.651,0.000109267
103,alpha,425.108,0.000121839
103,alpha,448.373,0.000139827
103,alpha,474.951,0.000156907
103,alpha,500.414,0.000171282
103,alpha,523.679,0.0001892709999999
103,alpha,552.457,0.0002036399999999
103,alpha,574.602,0.000217121
103,alpha,598.951,0.000228793
103,alpha,625.507,0.0002395579999999
103,alpha,650.942,0.000245815
103,alpha,678.6,0.000255675
103,alpha,698.507,0.000261043
103,alpha,727.252,0.000265488
103,alpha,750.471,0.000269946
103,rho,295.909,3.90112e-06
103,rho,323.963,4.0591100000000005e-06
103,rho,350.984,4.55734e-06
103,rho,375.927,5.05646e-06
103,rho,399.842,6.235619999999999e-06
103,rho,425.829,7.0741e-06
103,rho,448.705,8.2537e-06
103,rho,475.74,9.60144e-06
103,rho,500.699,1.1120000000000002e-05
103,rho,522.544,1.28097e-05
103,rho,550.623,1.44968e-05
103,rho,574.54,1.5845899999999997e-05
103,rho,597.427,1.77051e-05
103,rho,624.472,1.97324e-05
103,rho,649.437,2.15908e-05
103,rho,674.404,2.3619e-05
103,rho,699.371,2.56472e-05
103,rho,724.333,2.73357e-05
103,rho,751.378,2.9363000000000003e-05
103,kappa,300.0,3.86667
103,kappa,324.932,3.50769
103,kappa,348.78,3.15897
103,kappa,374.797,2.87179
103,kappa,400.813,2.5641
103,kappa,424.661,2.34872
103,kappa,450.678,2.17436
103,kappa,475.61,1.96923
103,kappa,499.458,1.81538
103,kappa,524.39,1.72308
103,kappa,548.238,1.62051
103,kappa,575.339,1.54872
103,kappa,598.103,1.46667
103,kappa,625.203,1.39487
103,kappa,650.135,1.3641
103,kappa,673.984,1.32308
103,kappa,701.084,1.27179
103,kappa,724.932,1.23077
103,kappa,749.865,1.2
103,ZT,300.073,0.08663
103,ZT,326.206,0.141189
103,ZT,352.312,0.163748
103,ZT,373.473,0.213792
103,ZT,398.379,0.286651
103,ZT,423.312,0.39151
103,ZT,449.468,0.473498
103,ZT,474.409,0.5875
103,ZT,498.115,0.710658
103,ZT,526.795,0.838332
103,ZT,550.516,0.979776
103,ZT,576.688,1.08005
103,ZT,600.387,1.19407
103,ZT,624.062,1.28065
103,ZT,650.195,1.33521
103,ZT,676.348,1.41263
103,ZT,701.219,1.44434
103,ZT,726.083,1.46692
103,ZT,749.697,1.48036
104,alpha,298.242,-6.97608e-05
104,alpha,325.482,-8.35394e-05
104,alpha,347.982,-9.44157e-05
104,alpha,374.023,-0.0001038319999999
104,alpha,396.515,-0.000112527
104,alpha,422.551,-0.000120489
104,alpha,448.583,-0.0001277239999999
104,alpha,473.425,-0.000132779
104,alpha,497.085,-0.000137835
104,alpha,523.112,-0.000143615
104,alpha,549.137,-0.000148668
104,alpha,573.973,-0.000152269
104,alpha,599.997,-0.000157322
104,alpha,623.654,-0.000161651
104,alpha,647.323,-0.000168889
104,alpha,673.353,-0.000175397
104,alpha,699.382,-0.0001819039999999
104,alpha,721.869,-0.000189144
104,alpha,749.092,-0.0001985589999999
104,alpha,773.956,-0.0002094319999999
104,rho,299.034,1.55447e-05
104,rho,323.946,1.6314e-05
104,rho,348.876,1.7504900000000002e-05
104,rho,372.67,1.99606e-05
104,rho,401.227,2.29777e-05
104,rho,422.644,2.52229e-05
104,rho,448.73,2.57111e-05
104,rho,475.983,2.57775e-05
104,rho,500.856,2.55632e-05
104,rho,525.732,2.54192e-05
104,rho,550.599,2.50644e-05
104,rho,575.458,2.4498900000000004e-05
104,rho,600.3,2.35118e-05
104,rho,623.958,2.25248e-05
104,rho,653.547,2.1747800000000005e-05
104,rho,673.692,2.18153e-05
104,rho,697.38,2.16012e-05
104,rho,722.267,2.17382e-05
104,rho,749.53,2.20154e-05
104,rho,774.419,2.22227e-05
104,kappa,299.057,1.87007
104,kappa,321.799,1.78572
104,kappa,348.128,1.69084
104,kappa,374.449,1.60652
104,kappa,400.751,1.54684
104,kappa,423.469,1.49066
104,kappa,448.574,1.4345
104,kappa,473.685,1.3713
104,kappa,501.163,1.33276
104,kappa,525.052,1.30476
104,kappa,547.744,1.28027
104,kappa,574.02,1.25229
104,kappa,597.92,1.2102
104,kappa,624.213,1.16109
104,kappa,649.295,1.1331
104,kappa,676.764,1.10512
104,kappa,701.861,1.05952
104,kappa,723.375,1.01742
104,kappa,748.463,0.982386
104,kappa,774.753,0.936796
104,ZT,301.198,0.0525001
104,ZT,323.951,0.0765582
104,ZT,352.39,0.1046
104,ZT,375.142,0.128658
104,ZT,400.155,0.140503
104,ZT,424.044,0.164545
104,ZT,447.942,0.19671
104,ZT,475.253,0.232889
104,ZT,500.304,0.281283
104,ZT,526.487,0.325599
104,ZT,550.402,0.374008
104,ZT,574.335,0.43866
104,ZT,600.57,0.531708
104,ZT,624.536,0.628848
104,ZT,650.793,0.742201
104,ZT,674.777,0.855584
104,ZT,701.068,1.00142
104,ZT,727.393,1.17975
104,ZT,751.48,1.3906
104,ZT,776.738,1.63392
105,alpha,298.033,-0.000322645
105,alpha,330.219,-0.0003253009999999
105,alpha,361.387,-0.000325327
105,alpha,388.46,-0.0003181159999999
105,alpha,420.726,-0.00031091
105,alpha,449.874,-0.0003040299999999
105,alpha,481.099,-0.000297151
105,alpha,509.216,-0.000289284
105,alpha,541.48,-0.000282406
105,alpha,571.699,-0.000271582
105,alpha,601.904,-0.000262401
105,alpha,627.953,-0.000253217
105,alpha,661.265,-0.000245354
105,alpha,690.425,-0.00023683
105,alpha,717.519,-0.000226989
105,alpha,750.841,-0.000217811
105,rho,294.570135746606,0.0001357364822871
105,rho,299.095022624434,0.0001357364822871
105,rho,304.826546003016,0.0001348980852378
105,rho,325.641025641025,0.0001296912114014
105,rho,350.980392156862,0.0001266821345707
105,rho,376.018099547511,0.0001184381778741
105,rho,399.547511312217,0.0001126353790613
105,rho,425.188536953242,0.0001050505050505
105,rho,451.131221719457,9.776186213070752e-05
105,rho,474.057315233785,9.258160237388768e-05
105,rho,499.095022624434,8.618784530386742e-05
105,rho,525.037707390648,8.032364840014711e-05
105,rho,549.47209653092,7.45646978490956e-05
105,rho,574.208144796379,6.880907372400772e-05
105,rho,600.150829562594,6.286701208981005e-05
105,rho,624.585218702865,5.741324921135653e-05
105,rho,650.52790346908,5.182724252491693e-05
105,rho,674.660633484162,4.672657252888319e-05
105,rho,698.793363499245,4.1410693970421017e-05
105,rho,724.736048265459,3.637574950033323e-05
105,rho,749.773755656108,3.1383819514298044e-05
105,kappa,298.356,1.40426
105,kappa,324.46,1.31064
105,kappa,349.517,1.22518
105,kappa,373.518,1.16012
105,kappa,400.642,1.09917
105,kappa,425.677,1.04637
105,kappa,451.735,1.02214
105,kappa,475.723,0.97749
105,kappa,502.823,0.953276
105,kappa,525.753,0.933102
105,kappa,548.68,0.917009
105,kappa,572.646,0.905008
105,kappa,598.701,0.884866
105,kappa,623.707,0.876958
105,kappa,648.706,0.877213
105,kappa,675.803,0.857081
105,kappa,701.85,0.849183
105,kappa,722.683,0.849396
105,kappa,749.769,0.84559
105,ZT,298.947,0.170992
105,ZT,324.211,0.210178
105,ZT,352.632,0.260051
105,ZT,374.737,0.284987
105,ZT,401.053,0.331298
105,ZT,424.211,0.374046
105,ZT,449.474,0.420356
105,ZT,474.737,0.470229
105,ZT,500.0,0.523664
105,ZT,523.158,0.573537
105,ZT,550.526,0.626972
105,ZT,573.684,0.691094
105,ZT,597.895,0.748092
105,ZT,625.263,0.822901
105,ZT,648.421,0.894148
105,ZT,674.737,0.979644
105,ZT,697.895,1.09364
105,ZT,725.263,1.20051
105,ZT,749.474,1.33944
106,alpha,301.309,0.0001038239999999
106,alpha,327.487,0.000117989
106,alpha,349.738,0.000130737
106,alpha,373.298,0.000139235
106,alpha,399.476,0.000154108
106,alpha,425.654,0.0001654389999999
106,alpha,449.215,0.000178187
106,alpha,474.084,0.0001895179999999
106,alpha,498.953,0.000205807
106,alpha,527.749,0.000219972
106,alpha,548.691,0.000229178
106,alpha,572.251,0.0002390929999999
106,alpha,598.429,0.0002468839999999
106,alpha,623.298,0.00025255
106,alpha,652.094,0.0002582149999999
106,alpha,676.963,0.000261756
106,alpha,701.832,0.000267422
106,alpha,728.01,0.000270255
106,alpha,750.262,0.000270255
106,alpha,773.822,0.000267422
106,alpha,798.691,0.000268839
106,rho,299.892,6.772010000000002e-06
106,rho,324.951,7.233289999999999e-06
106,rho,348.687,7.91898e-06
106,rho,373.732,9.28027e-06
106,rho,397.468,9.96596e-06
106,rho,422.509,1.15523e-05
106,rho,450.193,1.29147e-05
106,rho,473.922,1.4050400000000002e-05
106,rho,497.651,1.5186100000000002e-05
106,rho,524.001,1.7448e-05
106,rho,549.043,1.90343e-05
106,rho,574.088,2.03956e-05
106,rho,597.817,2.15313e-05
106,rho,626.809,2.35694e-05
106,rho,649.222,2.44794e-05
106,rho,676.892,2.67419e-05
106,rho,697.989,2.74264e-05
106,rho,724.35,2.90133e-05
106,rho,752.03,3.06008e-05
106,rho,773.114,3.21853e-05
106,rho,796.825,3.4446e-05
106,kappa,301.385,2.51671
106,kappa,323.546,2.29387
106,kappa,349.861,2.08774
106,kappa,374.792,1.93175
106,kappa,399.723,1.80362
106,kappa,427.424,1.68106
106,kappa,450.97,1.58078
106,kappa,477.285,1.49164
106,kappa,500.831,1.41365
106,kappa,527.147,1.3468
106,kappa,549.307,1.27994
106,kappa,575.623,1.21309
106,kappa,600.554,1.16852
106,kappa,624.1,1.12953
106,kappa,650.416,1.0961
106,kappa,673.961,1.08496
106,kappa,697.507,1.0571
106,kappa,725.208,1.02368
106,kappa,748.753,1.01811
106,kappa,772.299,1.01253
106,kappa,798.615,1.01253
106,ZT,299.867,0.184864
106,ZT,324.575,0.270961
106,ZT,347.906,0.357048
106,ZT,375.375,0.430276
106,ZT,398.694,0.533547
106,ZT,423.404,0.615348
106,ZT,448.099,0.718628
106,ZT,471.411,0.830491
106,ZT,496.097,0.94666
106,ZT,522.139,1.08861
106,ZT,548.191,1.21768
106,ZT,572.889,1.31666
106,ZT,597.59,1.41135
106,ZT,622.294,1.50175
106,ZT,648.378,1.58785
106,ZT,673.123,1.6224
106,ZT,699.21,1.70421
106,ZT,721.2,1.74303
106,ZT,748.732,1.73034
106,ZT,772.142,1.70903
106,ZT,795.562,1.67483
108,alpha,300.0,0.000101316
108,alpha,324.804,0.000113947
108,alpha,348.303,0.000128947
108,alpha,374.413,0.000143947
108,alpha,400.522,0.000158947
108,alpha,425.326,0.0001747369999999
108,alpha,450.131,0.000189737
108,alpha,476.24,0.000205526
108,alpha,499.739,0.0002181579999999
108,alpha,524.543,0.0002299999999999
108,alpha,550.653,0.000239474
108,alpha,574.151,0.000249737
108,alpha,597.65,0.000255263
108,alpha,623.76,0.000260789
108,alpha,648.564,0.000263947
108,alpha,673.368,0.000265526
108,alpha,702.089,0.000263947
108,alpha,724.282,0.000259211
108,alpha,747.781,0.000256053
108,rho,300.157,7.38095e-06
108,rho,324.978,8.19471e-06
108,rho,349.806,9.33724e-06
108,rho,374.63,1.03154e-05
108,rho,402.076,1.17858e-05
108,rho,425.608,1.34219e-05
108,rho,449.144,1.5222399999999998e-05
108,rho,477.906,1.71856e-05
108,rho,501.452,1.94792e-05
108,rho,524.988,2.12797e-05
108,rho,549.826,2.29154e-05
108,rho,573.366,2.4880300000000006e-05
108,rho,598.204,2.6516e-05
108,rho,625.653,2.8150800000000005e-05
108,rho,650.477,2.91289e-05
108,rho,675.305,3.02715e-05
108,rho,702.73,3.0755599999999994e-05
108,rho,726.239,3.1241e-05
108,rho,748.435,3.13981e-05
108,kappa,299.442,2.13781
108,kappa,322.988,1.95254
108,kappa,349.159,1.76722
108,kappa,374.038,1.63235
108,kappa,398.924,1.51428
108,kappa,423.813,1.40462
108,kappa,450.025,1.32015
108,kappa,473.62,1.25253
108,kappa,499.846,1.20166
108,kappa,523.447,1.15085
108,kappa,550.989,1.10837
108,kappa,574.6,1.08276
108,kappa,599.521,1.04873
108,kappa,625.753,1.01467
108,kappa,650.684,1.00585
108,kappa,675.611,0.988626
108,kappa,701.848,0.962976
108,kappa,722.848,0.971026
108,kappa,751.719,0.970541
108,ZT,299.266,0.193414
108,ZT,324.22,0.271404
108,ZT,349.908,0.352513
108,ZT,374.128,0.455459
108,ZT,399.817,0.561525
108,ZT,424.037,0.67695
108,ZT,450.459,0.795494
108,ZT,475.413,0.907799
108,ZT,500.367,1.02322
108,ZT,524.587,1.12929
108,ZT,549.541,1.22288
108,ZT,575.229,1.31334
108,ZT,599.45,1.40381
108,ZT,625.138,1.48492
108,ZT,650.092,1.54107
108,ZT,675.046,1.57539
108,ZT,700.0,1.59411
108,ZT,724.954,1.60035
108,ZT,750.642,1.57539
109,alpha,298.868,-7.61089e-05
109,alpha,321.509,-8.16532e-05
109,alpha,346.415,-8.92137e-05
109,alpha,371.321,-9.62702e-05
109,alpha,397.358,-0.000103327
109,alpha,423.396,-0.0001103829999999
109,alpha,449.434,-0.0001184479999999
109,alpha,474.34,-0.000125504
109,alpha,499.245,-0.000134073
109,alpha,523.019,-0.0001411289999999
109,alpha,547.924,-0.000147681
109,alpha,573.962,-0.000154738
109,alpha,597.736,-0.000159274
109,alpha,620.377,-0.0001658269999999
109,alpha,648.679,-0.0001708669999999
109,alpha,672.453,-0.000177419
109,alpha,698.491,-0.00018246
109,alpha,723.396,-0.000186996
109,alpha,749.434,-0.0001890119999999
109,alpha,769.811,-0.00019254
109,alpha,799.245,-0.000195565
109,alpha,824.151,-0.000198085
109,alpha,849.057,-0.000199597
109,rho,297.781,3.30605e-06
109,rho,321.606,3.73276e-06
109,rho,347.706,4.59136e-06
109,rho,371.53,5.018070000000001e-06
109,rho,395.355,5.44478e-06
109,rho,421.453,6.15923e-06
109,rho,448.687,7.017560000000002e-06
109,rho,470.243,7.444809999999999e-06
109,rho,496.339,8.01512e-06
109,rho,522.436,8.729580000000002e-06
109,rho,548.53,9.15574e-06
109,rho,574.629,1.00143e-05
109,rho,596.192,1.0873999999999998e-05
109,rho,623.426,1.17324e-05
109,rho,644.993,1.2880300000000004e-05
109,rho,669.954,1.34509e-05
109,rho,698.333,1.5029699999999998e-05
109,rho,723.303,1.61768e-05
109,rho,746.009,1.7612800000000002e-05
109,rho,772.121,1.93363e-05
109,rho,797.096,2.0771700000000003e-05
109,rho,824.34,2.2350800000000003e-05
109,rho,847.054,2.43634e-05
109,kappa,298.627,3.70277
109,kappa,323.221,3.37866
109,kappa,347.821,3.08587
109,kappa,374.402,2.83479
109,kappa,399.02,2.63595
109,kappa,422.655,2.458
109,kappa,447.281,2.30091
109,kappa,473.888,2.19597
109,kappa,499.506,2.07017
109,kappa,523.149,1.93398
109,kappa,549.759,1.83948
109,kappa,572.424,1.74506
109,kappa,599.033,1.65056
109,kappa,622.69,1.58743
109,kappa,645.365,1.54521
109,kappa,672.961,1.45068
109,kappa,699.58,1.40837
109,kappa,722.254,1.36615
109,kappa,748.876,1.33428
109,kappa,773.527,1.31288
109,kappa,796.205,1.29153
109,kappa,822.83,1.28054
109,kappa,848.473,1.29044
109,ZT,295.472,0.160452
109,ZT,322.642,0.20113
109,ZT,346.415,0.241808
109,ZT,371.321,0.291525
109,ZT,398.491,0.336723
109,ZT,422.264,0.39774
109,ZT,446.038,0.454237
109,ZT,473.208,0.522034
109,ZT,500.377,0.585311
109,ZT,520.755,0.648588
109,ZT,545.66,0.723164
109,ZT,571.698,0.79096
109,ZT,596.604,0.858757
109,ZT,622.641,0.928814
109,ZT,648.679,0.987571
109,ZT,671.321,1.05311
109,ZT,696.226,1.09379
109,ZT,723.396,1.12768
109,ZT,749.434,1.13898
109,ZT,774.34,1.13446
109,ZT,806.038,1.11186
109,ZT,846.792,1.05085
111,alpha,296.279,-8.06435e-05
111,alpha,321.877,-9.5056e-05
111,alpha,347.478,-0.0001121819999999
111,alpha,373.791,-0.00013021
111,alpha,398.675,-0.000142816
111,alpha,422.852,-0.000157231
111,alpha,448.448,-0.000170739
111,alpha,471.205,-0.0001860629999999
111,alpha,496.799,-0.0001986659999999
111,alpha,521.69,-0.000215794
111,alpha,548.003,-0.0002338219999999
111,alpha,572.182,-0.000250047
111,alpha,598.492,-0.000266267
111,alpha,622.674,-0.0002842999999999
111,rho,297.518,4.78261e-06
111,rho,323.05,5.21739e-06
111,rho,347.163,6.521740000000002e-06
111,rho,373.404,7.173909999999999e-06
111,rho,396.099,8.69565e-06
111,rho,422.34,9.56522e-06
111,rho,446.454,1.1087e-05
111,rho,472.695,1.30435e-05
111,rho,497.518,1.45652e-05
111,rho,522.34,1.69565e-05
111,rho,549.291,1.8913e-05
111,rho,574.113,2.1087e-05
111,rho,597.518,2.32609e-05
111,rho,624.468,2.56522e-05
111,kappa,297.661,2.22373
111,kappa,322.429,2.08346
111,kappa,347.897,1.96502
111,kappa,373.361,1.86836
111,kappa,397.412,1.77163
111,kappa,422.873,1.68587
111,kappa,447.618,1.64365
111,kappa,472.37,1.56874
111,kappa,498.533,1.5048
111,kappa,523.982,1.47351
111,kappa,547.308,1.45299
111,kappa,573.466,1.41084
111,kappa,597.502,1.37947
111,kappa,622.244,1.34814
111,ZT,297.936,0.206839
111,ZT,323.611,0.282969
111,ZT,348.594,0.362743
111,ZT,372.896,0.478886
111,ZT,399.263,0.551374
111,ZT,422.86,0.634797
111,ZT,448.535,0.710928
111,ZT,474.223,0.823422
111,ZT,498.51,0.895929
111,ZT,522.805,0.990254
111,ZT,547.802,1.11366
111,ZT,573.49,1.2298
111,ZT,598.488,1.35321
111,ZT,624.184,1.49479
112,alpha,321.225147770016,7.582978723404249e-05
112,alpha,367.436861902203,0.0001095319148936
112,alpha,414.72326706072,0.0001452765957446
112,alpha,464.159054271896,0.0001779574468085
112,alpha,512.520150456743,0.0002144680851063
112,alpha,561.149919398173,0.0002456170212765
112,alpha,610.048361096184,0.0002754893617021
112,alpha,658.946802794196,0.0002892765957446
112,alpha,707.845244492208,0.0003053617021276
112,alpha,757.549704459967,0.0002933617021276
112,rho,321.396396396396,5.3089244851258605e-06
112,rho,368.412162162162,7.27688787185355e-06
112,rho,416.835585585585,9.885583524027462e-06
112,rho,464.132882882882,1.4096109839816896e-05
112,rho,513.400900900901,1.9588100686498804e-05
112,rho,561.824324324324,2.7276887871853504e-05
112,rho,610.81081081081,3.519450800915331e-05
112,rho,658.952702702702,4.2929061784897e-05
112,rho,707.657657657657,4.81006864988558e-05
112,rho,757.77027027027,4.64530892448512e-05
112,kappa,323.566155593412,2.95076923076923
112,kappa,372.685973878478,2.53230769230769
112,kappa,423.793299261783,2.12615384615384
112,kappa,474.048835888699,1.77846153846153
112,kappa,524.588302101079,1.50461538461538
112,kappa,574.275979557069,1.28615384615384
112,kappa,623.679727427598,1.12307692307692
112,kappa,673.935264054514,1.00307692307692
112,kappa,724.474730266893,0.892307692307691
112,kappa,773.878478137421,0.833846153846154
112,ZT,323.401826484018,0.110684089162183
112,ZT,371.917808219178,0.244427363566487
112,ZT,423.002283105022,0.425826287471176
112,ZT,473.801369863013,0.598001537279016
112,ZT,524.029680365296,0.810146041506533
112,ZT,573.401826484018,0.991544965411222
112,ZT,622.773972602739,1.21137586471944
112,ZT,673.858447488584,1.33282090699461
112,ZT,724.086757990867,1.59415833973866
112,ZT,774.029680365296,1.73712528823981
115,alpha,303.905,7.14493e-05
115,alpha,327.333,8.25588e-05
115,alpha,368.833,0.000109559
115,alpha,422.977,0.000146888
115,alpha,473.524,0.000183425
115,alpha,520.483,0.000220763
115,alpha,572.783,0.000250932
115,alpha,621.457,0.0002763319999999
115,alpha,670.083,0.0002945699999999
115,alpha,724.056,0.000306434
115,alpha,772.58,0.000309553
115,alpha,826.466,0.0003086859999999
115,alpha,873.14,0.0003038489999999
115,alpha,923.391,0.0002966209999999
115,rho,301.791,6.825379491099705e-06
115,rho,323.284,7.465304995035572e-06
115,rho,373.433,9.471401104365369e-06
115,rho,425.373,1.2356326810016532e-05
115,rho,470.149,1.6412222510347907e-05
115,rho,523.881,2.263160277010818e-05
115,rho,570.448,3.028164962314487e-05
115,rho,622.388,3.981478163583011e-05
115,rho,670.746,4.886367523246893e-05
115,rho,720.896,5.374985890662037e-05
115,rho,763.881,5.810811596055621e-05
115,rho,821.194,6.142845734715064e-05
115,rho,867.761,6.142845734715064e-05
115,rho,919.701,6.142845734715064e-05
115,kappa,300.818,1.57029
115,kappa,324.257,1.46769
115,kappa,369.355,1.24316
115,kappa,419.82,1.04441
115,kappa,470.248,0.890661
115,kappa,520.655,0.762625
115,kappa,572.815,0.686039
115,kappa,623.162,0.62872
115,kappa,673.483,0.603544
115,kappa,721.996,0.591206
115,kappa,770.52,0.566011
115,kappa,818.996,0.598674
115,kappa,874.684,0.599271
115,kappa,917.786,0.61259
115,ZT,298.204,0.137255
115,ZT,323.353,0.196078
115,ZT,366.467,0.362745
115,ZT,420.359,0.715686
115,ZT,470.659,1.10784
115,ZT,522.755,1.43137
115,ZT,571.258,1.69608
115,ZT,619.76,1.85294
115,ZT,670.06,1.9902
115,ZT,720.359,2.09804
115,ZT,770.659,2.17647
115,ZT,819.162,2.21569
115,ZT,874.85,2.21569
115,ZT,919.76,2.21569
118,alpha,299.896,0.0001958559999999
118,alpha,310.158,0.0002169099999999
118,alpha,320.0,0.00023309
118,alpha,330.258,0.000246015
118,alpha,340.303,0.000253251
118,alpha,349.725,0.0002678079999999
118,alpha,360.186,0.000268536
118,alpha,370.438,0.000270892
118,alpha,380.271,0.000270812
118,alpha,390.103,0.000269919
118,rho,299.791,0.0005612239171184
118,rho,310.438,0.0005
118,rho,319.833,0.0004508200416557
118,rho,330.063,0.0004104483738035
118,rho,340.083,0.0003699551984254
118,rho,350.313,0.0003313255007984
118,rho,360.125,0.000297833558694
118,rho,370.146,0.0002687297948785
118,rho,379.958,0.0002448070308579
118,rho,390.188,0.0002285317293453
118,kappa,300.0,0.2875
118,kappa,310.273,0.278571
118,kappa,320.545,0.269643
118,kappa,329.769,0.264286
118,kappa,340.042,0.255357
118,kappa,349.476,0.244643
118,kappa,359.958,0.229464
118,kappa,370.65,0.213393
118,kappa,379.874,0.200893
118,kappa,390.356,0.1875
118,ZT,300.209,0.075
118,ZT,310.251,0.0993243
118,ZT,320.293,0.141892
118,ZT,330.126,0.186486
118,ZT,340.377,0.231081
118,ZT,350.0,0.302027
118,ZT,360.46,0.383108
118,ZT,370.084,0.462162
118,ZT,380.126,0.569595
118,ZT,390.167,0.666892
119,alpha,322.19719999999995,9.89965e-05
119,alpha,467.901,0.000119671
119,alpha,568.779,0.000132915
119,alpha,668.034,0.0001494259999999
119,alpha,773.736,0.000160226
119,alpha,869.837,0.0001685569999999
119,alpha,916.275,0.0001743549999999
119,alpha,970.705,0.000183436
119,alpha,1020.348,0.00018924
119,alpha,1068.368,0.00019831
119,alpha,1117.944,0.00021474
119,alpha,1169.061,0.000240982
119,rho,320.037,5.514837670753161e-06
119,rho,469.176,6.923625487250144e-06
119,rho,571.8979999999999,7.829688613283849e-06
119,rho,671.425,8.847913219667142e-06
119,rho,774.179,1.0067735725964288e-05
119,rho,868.9449999999999,1.10284346129626e-05
119,rho,925.173,1.154851763227672e-05
119,rho,973.358,1.2193263222069809e-05
119,rho,1026.355,1.308522011303013e-05
119,rho,1074.54,1.3919163068563017e-05
119,rho,1119.467,1.581252668363878e-05
119,rho,1173.995,1.996059777998232e-05
119,kappa,323.795,4.2315
119,kappa,472.216,4.34763
119,kappa,572.207,4.31962
119,kappa,668.997,4.37296
119,kappa,773.828,4.3449
119,kappa,872.178,4.21751
119,kappa,925.391,4.17184
119,kappa,973.775,4.16237
119,kappa,1022.144,4.09868
119,kappa,1070.513,4.03499
119,kappa,1122.068,3.83573
119,kappa,1180.096,3.70869
119,ZT,315.0331,0.13785
119,ZT,465.194,0.231113
119,ZT,565.295,0.300275
119,ZT,665.384,0.384407
119,ZT,768.711,0.459567
119,ZT,870.42,0.537715
119,ZT,918.843,0.585764
119,ZT,970.497,0.633823
119,ZT,1020.544,0.672895
119,ZT,1067.336,0.738903
119,ZT,1122.1799999999998,0.834875
119,ZT,1168.956,0.918848
121,alpha,298.271,-0.000119217
121,alpha,372.168,-0.000139582
121,alpha,421.835,-0.000159983
121,alpha,474.953,-0.000176819
121,alpha,523.45,-0.00019099
121,alpha,570.796,-0.000206053
121,alpha,621.602,-0.0002211119999999
121,alpha,674.719,-0.000237057
121,alpha,723.231,-0.00025746
121,alpha,771.679,-0.000252047
121,alpha,820.119,-0.000243073
121,alpha,852.415,-0.000238574
121,rho,301.248,7.88071e-06
121,rho,372.059,9.47707e-06
121,rho,421.991,1.20931e-05
121,rho,473.084,1.47088e-05
121,rho,520.695,1.73257e-05
121,rho,572.969,2.17637e-05
121,rho,624.091,2.70123e-05
121,rho,671.756,3.44899e-05
121,rho,724.103,4.56115e-05
121,rho,776.354,4.80243e-05
121,rho,827.367,4.33488e-05
121,rho,856.369,4.23264e-05
121,kappa,298.758,2.27347
121,kappa,370.807,2.00408
121,kappa,421.739,1.8
121,kappa,470.186,1.61224
121,kappa,519.876,1.47347
121,kappa,574.534,1.33469
121,kappa,624.224,1.18776
121,kappa,673.913,1.06531
121,kappa,724.845,0.983673
121,kappa,774.534,0.95102
121,kappa,825.466,0.934694
121,kappa,852.795,0.885714
121,ZT,300.0,0.234783
121,ZT,371.753,0.378261
121,ZT,423.711,0.517391
121,ZT,474.433,0.630435
121,ZT,521.443,0.73913
121,ZT,572.165,0.843478
121,ZT,621.649,0.978261
121,ZT,674.845,1.04783
121,ZT,724.33,1.1
121,ZT,775.052,1.15652
121,ZT,825.773,1.23913
121,ZT,852.99,1.29565
123,alpha,297.0,-0.000105917
123,alpha,372.0,-0.000126331
123,alpha,421.0,-0.0001440829999999
123,alpha,471.0,-0.000160059
123,alpha,522.0,-0.0001742599999999
123,alpha,573.0,-0.000194675
123,alpha,621.0,-0.0002088759999999
123,alpha,670.0,-0.000214201
123,alpha,722.0,-0.000207988
123,alpha,774.0,-0.000200888
123,rho,302.345,5.529169131754571e-06
123,rho,373.673,6.676904587033451e-06
123,rho,422.187,7.683265080328536e-06
123,rho,472.58,9.370051441582414e-06
123,rho,522.037,1.167189372974197e-05
123,rho,572.463,1.503045169513434e-05
123,rho,621.021,1.9000894942151776e-05
123,rho,670.584,2.2030507847266892e-05
123,rho,723.064,2.207914933453444e-05
123,rho,770.784,2.1445743341632834e-05
123,kappa,302.778,3.06953
123,kappa,372.753,2.60809
123,kappa,424.208,2.27738
123,kappa,473.625,2.03109
123,kappa,522.004,1.76181
123,kappa,572.461,1.55387
123,kappa,620.862,1.36131
123,kappa,670.312,1.23779
123,kappa,722.883,1.21397
123,kappa,774.437,1.24387
123,ZT,300.0,0.183529
123,ZT,371.429,0.352941
123,ZT,421.905,0.494118
123,ZT,472.381,0.631765
123,ZT,521.905,0.783529
123,ZT,570.476,0.917647
123,ZT,620.952,1.06941
123,ZT,672.381,1.15765
123,ZT,720.952,1.18235
123,ZT,771.429,1.20353
126,alpha,297.505,3.50544e-05
126,alpha,324.012,3.76047e-05
126,alpha,367.069,4.52299e-05
126,alpha,417.853,5.45483e-05
126,alpha,467.526,6.513169999999999e-05
126,alpha,518.293,7.782569999999999e-05
126,alpha,562.445,8.75613e-05
126,alpha,608.775,0.00010405
126,alpha,663.968,0.0001154809999999
126,alpha,710.312,0.0001290159999999
126,alpha,754.449,0.000141705
126,alpha,851.534,0.000173419
126,rho,298.824,3.178962895145088e-06
126,rho,325.882,3.391957668368299e-06
126,rho,369.412,3.770952354017007e-06
126,rho,416.471,4.281188457915917e-06
126,rho,469.412,4.809981673969822e-06
126,rho,515.294,5.547942545506999e-06
126,rho,558.824,5.802281457068919e-06
126,rho,614.118,6.081097516479774e-06
126,rho,664.706,6.553380561362579e-06
126,rho,708.235,7.206428133895434e-06
126,rho,760.0,8.1325276709254e-06
126,rho,854.118,9.16287934320481e-06
126,kappa,296.949,4.93234
126,kappa,325.147,4.79
126,kappa,374.211,4.6943
126,kappa,423.261,4.5042
126,kappa,473.532,4.28261
126,kappa,525.011,3.9351
126,kappa,574.045,3.6506
126,kappa,621.852,3.36612
126,kappa,672.119,3.11306
126,kappa,724.834,2.82846
126,kappa,773.874,2.57542
126,kappa,824.15,2.38529
126,kappa,871.982,2.25816
126,ZT,296.07,0.0262774
126,ZT,318.341,0.0262774
126,ZT,343.231,0.0291971
126,ZT,370.742,0.0379562
126,ZT,393.013,0.0467153
126,ZT,419.214,0.0613139
126,ZT,440.175,0.0788321
126,ZT,466.376,0.0846715
126,ZT,493.886,0.108029
126,ZT,514.847,0.131387
126,ZT,538.428,0.151825
126,ZT,560.699,0.189781
126,ZT,589.52,0.251095
126,ZT,610.48,0.306569
126,ZT,661.572,0.405839
126,ZT,710.044,0.545985
126,ZT,758.515,0.718248
126,ZT,854.148,1.15912
127,alpha,296.253,9.8069e-05
127,alpha,318.942,0.000104643
127,alpha,362.973,0.000109408
127,alpha,414.107,0.000114906
127,alpha,466.636,0.000123321
127,alpha,510.692,0.000125534
127,alpha,561.829,0.000130668
127,alpha,607.282,0.000135433
127,alpha,656.988,0.0001416589999999
127,alpha,710.955,0.000148253
127,alpha,806.094,0.000161431
127,alpha,852.956,0.000167655
127,rho,293.75,5.440193235663731e-06
127,rho,318.75,5.331854632315305e-06
127,rho,367.188,5.36748485027401e-06
127,rho,418.75,5.552995007857488e-06
127,rho,462.5,5.835361121322993e-06
127,rho,510.938,6.101281269066504e-06
127,rho,560.938,6.342119282579466e-06
127,rho,610.938,6.82719682125716e-06
127,rho,654.688,6.945264371488301e-06
127,rho,709.375,7.194037581652326e-06
127,rho,807.813,8.141863835469216e-06
127,rho,853.125,9.163467089407949e-06
127,kappa,305.227,3.49034
127,kappa,325.988,3.47092
127,kappa,373.181,3.39204
127,kappa,424.124,3.39375
127,kappa,476.965,3.35529
127,kappa,527.926,3.29665
127,kappa,575.113,3.23789
127,kappa,622.306,3.15901
127,kappa,673.279,3.06015
127,kappa,728.013,3.00164
127,kappa,831.833,2.8442
127,kappa,875.235,2.82554
127,ZT,298.077,0.0863382
127,ZT,322.503,0.105896
127,ZT,366.302,0.24499
127,ZT,413.509,0.292431
127,ZT,463.951,0.356555
127,ZT,509.527,0.403989
127,ZT,559.986,0.457001
127,ZT,605.545,0.515546
127,ZT,657.585,0.599121
127,ZT,706.321,0.71046
127,ZT,805.493,0.888699
127,ZT,854.277,0.969482
128,alpha,296.937,2.86049e-05
128,alpha,342.391,3.43526e-05
128,alpha,392.107,4.05429e-05
128,alpha,436.122,4.848729999999999e-05
128,alpha,485.787,6.12711e-05
128,alpha,532.618,7.273409999999999e-05
128,alpha,579.423,8.771359999999999e-05
128,alpha,629.027,0.0001084099999999
128,alpha,672.998,0.000122068
128,alpha,721.167,0.0001445209999999
128,alpha,851.666,0.0001846169999999
128,rho,296.486,2.570872528427423e-06
128,rho,342.115,2.6644853413338946e-06
128,rho,387.792,2.993922337654561e-06
128,rho,436.325,3.4629036447060862e-06
128,rho,484.842,3.946205328955676e-06
128,rho,531.927,4.504829176877613e-06
128,rho,583.291,5.302198821851422e-06
128,rho,628.943,6.2065926427050814e-06
128,rho,677.45,7.594513723286298e-06
128,rho,725.936,8.766546857192952e-06
128,rho,852.837,1.2664479933131544e-05
128,kappa,302.343,5.11156
128,kappa,349.913,5.11017
128,kappa,400.513,4.9328
128,kappa,448.028,4.68518
128,kappa,498.6,4.3847
128,kappa,549.157,4.01387
128,kappa,599.717,3.66063
128,kappa,648.732,3.25467
128,kappa,700.835,2.93656
128,kappa,749.865,2.60096
128,kappa,875.558,1.98169
128,ZT,297.555,0.0164962
128,ZT,341.815,0.0283187
128,ZT,388.408,0.0378201
128,ZT,436.147,0.0659669
128,ZT,485.043,0.103439
128,ZT,531.599,0.150222
128,ZT,579.305,0.21332
128,ZT,630.454,0.330024
128,ZT,679.291,0.428079
128,ZT,723.397,0.598349
128,ZT,849.982,1.01593
132,alpha,299.011,9.06946e-06
132,alpha,337.585,1.11938e-05
132,alpha,380.747,1.40166e-05
132,alpha,399.107,1.61176e-05
132,alpha,423.901,1.78794e-05
132,alpha,446.855,1.99856e-05
132,alpha,479.913,2.24502e-05
132,alpha,517.531,2.90795e-05
132,alpha,552.368,3.88252e-05
132,alpha,589.059,4.64933e-05
132,alpha,619.293,5.72736e-05
132,alpha,656.861,7.01421e-05
132,alpha,696.261,8.37059e-05
132,alpha,734.711,0.0001010819999999
132,alpha,769.486,0.000118453
132,alpha,803.358,0.000133743
132,alpha,845.439,0.000156669
132,rho,310.798,1.2630000000000002e-06
132,rho,337.907,1.2646700000000002e-06
132,rho,361.387,1.6364900000000005e-06
132,rho,387.582,1.89737e-06
132,rho,408.363,1.9727200000000003e-06
132,rho,436.369,2.1226e-06
132,rho,475.214,2.4213e-06
132,rho,507.732,2.75664e-06
132,rho,546.576,3.05533e-06
132,rho,605.274,4.058959999999999e-06
132,rho,645.894,5.209620000000001e-06
132,rho,680.196,6.1747e-06
132,rho,715.39,7.47317e-06
132,rho,752.371,9.29027e-06
132,rho,784.822,1.14404e-05
132,rho,825.377,1.43689e-05
132,rho,846.979,1.66665e-05
132,kappa,300.474,4.37438
132,kappa,400.193,3.94379
132,kappa,452.147,3.60682
132,kappa,502.69,3.20912
132,kappa,549.043,3.0548
132,kappa,602.389,2.59617
132,kappa,650.138,2.35059
132,kappa,699.291,2.10494
132,kappa,751.246,1.76796
132,kappa,800.389,1.43112
132,kappa,853.759,1.18526
132,ZT,300.006,0.00809443
132,ZT,328.828,0.0107647
132,ZT,359.615,0.0120625
132,ZT,386.474,0.0174732
132,ZT,414.642,0.021513
132,ZT,444.121,0.0282857
132,ZT,473.599,0.0323225
132,ZT,502.428,0.0473046
132,ZT,531.256,0.0609188
132,ZT,559.436,0.0868464
132,ZT,588.274,0.119612
132,ZT,617.775,0.168793
132,ZT,647.273,0.211133
132,ZT,676.134,0.286307
132,ZT,703.03,0.364221
132,ZT,733.863,0.454438
132,ZT,763.395,0.559706
132,ZT,792.289,0.700543
132,ZT,821.191,0.85506
132,ZT,850.099,1.02189
134,alpha,303.093,9.37895e-05
134,alpha,368.041,0.000108526
134,alpha,417.526,0.0001203159999999
134,alpha,473.196,0.000131263
134,alpha,522.68,0.000140526
134,alpha,570.619,0.0001497889999999
134,alpha,626.289,0.000154842
134,alpha,661.856,0.000159895
134,alpha,715.979,0.0001737889999999
134,alpha,771.649,0.000181789
134,alpha,819.588,0.000188526
134,alpha,864.433,0.000194
134,alpha,913.918,0.000198632
134,rho,295.225,9.01380012799596e-06
134,rho,324.646,9.150302875025163e-06
134,rho,364.971,9.5906701960333e-06
134,rho,417.674,1.0108494471158948e-05
134,rho,471.9,1.0570891570136807e-05
134,rho,519.956,1.116194758126177e-05
134,rho,572.684,1.2014046823546089e-05
134,rho,619.162,1.2566760917373548e-05
134,rho,670.263,1.3055767711780872e-05
134,rho,715.259,1.4238625118358571e-05
134,rho,764.87,1.5411550032056023e-05
134,rho,817.557,1.6605806386261023e-05
134,rho,870.221,1.7678464095039423e-05
134,rho,913.503,1.745511417390181e-05
134,kappa,302.256,2.30788
134,kappa,323.83,2.25126
134,kappa,374.678,2.12548
134,kappa,425.518,2.01233
134,kappa,482.512,1.89924
134,kappa,519.454,1.86805
134,kappa,581.063,1.75502
134,kappa,624.175,1.69863
134,kappa,682.696,1.60451
134,kappa,721.212,1.51649
134,kappa,778.19,1.42867
134,kappa,827.436,1.40392
134,kappa,875.128,1.40442
134,kappa,919.716,1.4491
134,ZT,292.807,0.134282
134,ZT,322.246,0.149512
134,ZT,373.573,0.227163
134,ZT,424.9,0.304814
134,ZT,473.146,0.385652
134,ZT,516.765,0.4697
134,ZT,574.396,0.578635
134,ZT,624.332,0.697106
134,ZT,674.137,0.781057
134,ZT,721.183,0.952923
134,ZT,775.842,1.09329
134,ZT,830.369,1.19913
134,ZT,877.26,1.3302
134,ZT,928.551,1.39844
136,alpha,302.553,0.000253718
136,alpha,332.83,0.000268923
136,alpha,372.909,0.000286471
136,alpha,422.806,0.00029936
136,alpha,473.587,0.000315168
136,alpha,524.359,0.000335062
136,alpha,572.455,0.0003555369999999
136,alpha,621.462,0.000367841
136,alpha,674.956,0.000366726
136,alpha,724.034,0.000347513
136,alpha,773.138,0.000316627
136,alpha,824.002,0.000296249
136,alpha,849.836,0.0003050289999999
136,alpha,872.108,0.000312054
136,rho,304.471,0.0008137226182338
136,rho,329.508,0.0007656850584217
136,rho,369.747,0.0006424134187314
136,rho,425.186,0.0005592997567046
136,rho,470.79,0.0005592997567046
136,rho,524.441,0.0006268885016111
136,rho,574.516,0.0008539126276599
136,rho,625.484,0.0010427137250322
136,rho,677.347,0.0009474900987284
136,rho,724.739,0.0006424134187314
136,rho,775.708,0.0003878509566343
136,rho,825.782,0.0002546012816628
136,rho,850.82,0.0002426901720187
136,rho,873.174,0.0002297894439325
136,kappa,305.349,0.729572
136,kappa,330.312,0.659533
136,kappa,374.889,0.583658
136,kappa,423.031,0.496109
136,kappa,475.632,0.42607
136,kappa,524.666,0.367704
136,kappa,573.7,0.34144
136,kappa,623.626,0.326848
136,kappa,669.985,0.300584
136,kappa,722.585,0.236381
136,kappa,773.403,0.198444
136,kappa,821.545,0.215953
136,kappa,850.074,0.22179
136,kappa,870.579,0.224708
136,ZT,301.959,0.0376947
136,ZT,330.933,0.0422267
136,ZT,373.936,0.0847426
136,ZT,422.552,0.1415
136,ZT,473.037,0.198242
136,ZT,524.451,0.240691
136,ZT,572.115,0.240313
136,ZT,620.716,0.249451
136,ZT,674.007,0.315695
136,ZT,724.556,0.581961
136,ZT,774.208,0.972044
136,ZT,823.832,1.27165
136,ZT,850.067,1.49049
136,ZT,873.497,1.70459
137,alpha,314.92,3.66006e-05
137,alpha,331.264,3.65909e-05
137,alpha,349.11,4.07329e-05
137,alpha,373.639,4.39811e-05
137,alpha,398.177,4.96021e-05
137,alpha,420.482,5.40381e-05
137,alpha,445.023,6.0549e-05
137,alpha,465.847,6.617230000000001e-05
137,alpha,488.16,7.29812e-05
137,alpha,513.447,8.00849e-05
137,alpha,539.474,8.659489999999999e-05
137,alpha,564.026,9.6072e-05
137,alpha,588.574,0.0001043629999999
137,alpha,612.369,0.000109984
137,alpha,636.914,0.000117385
137,alpha,661.451,0.000122709
137,alpha,688.217,0.000128032
137,alpha,712.741,0.0001300939999999
137,alpha,736.532,0.0001345289999999
137,alpha,758.831,0.000137482
137,alpha,783.369,0.000143103
137,rho,318.491,1.4297899999999998e-06
137,rho,333.284,1.46383e-06
137,rho,351.775,1.56596e-06
137,rho,374.704,1.7702100000000005e-06
137,rho,398.373,1.9744700000000003e-06
137,rho,421.302,2.2808500000000004e-06
137,rho,442.751,2.55319e-06
137,rho,467.899,2.7234000000000005e-06
137,rho,490.089,3.1659600000000004e-06
137,rho,515.976,3.54043e-06
137,rho,540.385,4.08511e-06
137,rho,564.053,4.62979e-06
137,rho,587.722,5.24255e-06
137,rho,610.651,6.02553e-06
137,rho,637.278,6.842549999999999e-06
137,rho,657.988,7.523400000000001e-06
137,rho,687.574,8.40851e-06
137,rho,711.243,9.19149e-06
137,rho,735.651,9.97447e-06
137,rho,759.32,1.07574e-05
137,rho,788.166,1.14383e-05
137,kappa,316.179,6.61923
137,kappa,328.088,6.39082
137,kappa,349.672,5.98479
137,kappa,374.954,5.64257
137,kappa,393.572,5.22366
137,kappa,418.121,4.83051
137,kappa,441.926,4.45003
137,kappa,467.951,4.09512
137,kappa,492.48,3.81647
137,kappa,514.782,3.55043
137,kappa,539.302,3.32266
137,kappa,563.822,3.0949
137,kappa,588.331,2.93075
137,kappa,612.842,2.75388
137,kappa,637.349,2.60246
137,kappa,661.843,2.52737
137,kappa,687.078,2.45231
137,kappa,715.273,2.4283
137,kappa,741.252,2.34057
137,kappa,762.028,2.31618
137,kappa,791.708,2.27952
137,ZT,314.859,0.0490446
137,ZT,330.461,0.0490446
137,ZT,349.777,0.0535032
137,ZT,369.837,0.0713376
137,ZT,396.582,0.0861996
137,ZT,420.357,0.114437
137,ZT,445.617,0.144161
137,ZT,470.877,0.178344
137,ZT,492.422,0.219958
137,ZT,512.481,0.258599
137,ZT,539.97,0.310616
137,ZT,565.973,0.368577
137,ZT,590.49,0.419108
137,ZT,615.007,0.453291
137,ZT,635.067,0.493418
137,ZT,662.556,0.523142
137,ZT,684.844,0.555839
137,ZT,714.562,0.555839
137,ZT,735.364,0.58259
137,ZT,762.853,0.603397
137,ZT,788.856,0.633121
138,alpha,299.687,4.89807e-05
138,alpha,370.244,5.62595e-05
138,alpha,470.647,6.78907e-05
138,alpha,575.1,8.45626e-05
138,alpha,675.448,0.000109143
138,alpha,775.792,0.000134443
138,alpha,878.837,0.000163344
138,rho,298.646,2.302630064059168e-06
138,rho,371.783,2.799998880000448e-06
138,rho,473.363,3.7634449069300073e-06
138,rho,576.298,4.929580936324603e-06
138,rho,673.815,6.8627585544285385e-06
138,rho,774.041,8.974324457726444e-06
138,rho,878.33,1.206897175981298e-05
138,kappa,296.561,3.83439
138,kappa,370.945,3.52577
138,kappa,468.307,3.18793
138,kappa,575.134,2.81945
138,kappa,676.569,2.3871
138,kappa,773.943,1.98597
138,kappa,879.401,1.71228
138,ZT,301.451,0.0787516
138,ZT,378.032,0.120895
138,ZT,475.141,0.190277
138,ZT,577.752,0.293049
138,ZT,679.106,0.502156
138,ZT,777.797,0.781149
138,ZT,880.632,1.10265
141,alpha,300.59,8.29688e-05
141,alpha,319.434,8.747539999999999e-05
141,alpha,340.792,9.19903e-05
141,alpha,359.633,9.79784e-05
141,alpha,380.998,9.95303e-05
141,alpha,401.106,0.000101078
141,alpha,422.471,0.0001026299999999
141,alpha,442.572,0.000107141
141,alpha,460.162,0.000110162
141,alpha,481.52,0.000114676
141,alpha,502.889,0.0001147469999999
141,alpha,520.479,0.000117768
141,alpha,543.101,0.000119324
141,alpha,561.949,0.000122349
141,alpha,583.314,0.000123901
141,alpha,603.422,0.0001254479999999
141,alpha,622.27,0.0001284739999999
141,alpha,643.628,0.0001329879999999
141,alpha,663.736,0.000134536
141,alpha,681.337,0.000133113
141,alpha,703.952,0.000137632
141,alpha,724.057,0.000140661
141,rho,301.247,4e-06
141,rho,321.191,3.829788863739942e-06
141,rho,338.643,3.673472386508071e-06
141,rho,359.834,3.5294159169599024e-06
141,rho,378.532,3.396231541481572e-06
141,rho,402.216,3.2727225124036183e-06
141,rho,420.914,3.157891412745881e-06
141,rho,442.105,3.0508453892573632e-06
141,rho,459.557,2.950818704649605e-06
141,rho,478.255,2.9032295525542616e-06
141,rho,500.693,2.8124964843793947e-06
141,rho,520.637,2.769231621302037e-06
141,rho,540.582,2.686568768100757e-06
141,rho,560.526,2.686568768100757e-06
141,rho,581.717,2.5352141241849288e-06
141,rho,599.169,2.571427836734904e-06
141,rho,619.114,2.5352141241849288e-06
141,rho,639.058,2.432433089846781e-06
141,rho,663.989,2.3684222991696312e-06
141,rho,687.673,2.337661123292923e-06
141,rho,711.357,2.307694082841602e-06
141,rho,732.548,2.307694082841602e-06
141,kappa,300.57266666666663,1.9950330408254808
141,kappa,320.59933333333333,2.159180519460893
141,kappa,339.3786666666667,2.2899554899168537
141,kappa,358.565,2.5257345061485275
141,kappa,379.0153333333333,2.5654490018879423
141,kappa,399.8753333333333,2.7086395453235435
141,kappa,419.9043333333333,2.6532547774651047
141,kappa,439.5086666666666,2.8152329857264164
141,kappa,456.614,2.9707538292551114
141,kappa,476.643,3.1550431123414158
141,kappa,502.9283333333333,2.985695607174596
141,kappa,521.281,3.1053508027514773
141,kappa,540.8923333333333,3.1842083844864684
141,kappa,559.2443333333333,3.221746266939848
141,kappa,580.1056666666667,3.421091457227355
141,kappa,602.6323333333333,3.17774660787562
141,kappa,621.8203333333333,3.2978236139905888
141,kappa,641.0100000000001,3.621038537951625
141,kappa,661.8633333333333,3.756022997764031
141,kappa,680.6260000000001,3.611778616781667
141,kappa,706.9013333333332,3.714206903010307
141,kappa,726.0866666666667,3.803777276524407
141,ZT,299.881,0.25928
141,ZT,321.173,0.296668
141,ZT,338.701,0.341401
141,ZT,356.228,0.386134
141,ZT,377.516,0.43093
141,ZT,396.304,0.460869
141,ZT,416.328,0.527865
141,ZT,433.849,0.587414
141,ZT,450.123,0.632126
141,ZT,470.154,0.684308
141,ZT,505.203,0.78859
141,ZT,522.727,0.84073
141,ZT,538.994,0.900258
141,ZT,555.258,0.967193
141,ZT,575.286,1.02678
141,ZT,605.306,1.16061
141,ZT,624.077,1.22759
141,ZT,640.344,1.28711
141,ZT,657.865,1.34666
141,ZT,672.868,1.42839
141,ZT,705.395,1.56226
141,ZT,721.655,1.6366
142,alpha,347.3064,0.000155497
142,alpha,374.472,0.0001661659999999
142,alpha,395.496,0.0001768269999999
142,alpha,421.778,0.000189858
142,alpha,448.059,0.0002034799999999
142,alpha,472.594,0.0002135549999999
142,alpha,497.135,0.0002212649999999
142,alpha,520.8019999999999,0.000227793
142,alpha,548.866,0.00023019
142,alpha,571.698,0.000220763
142,alpha,597.123,0.0002261109999999
142,alpha,621.6610000000001,0.0002350039999999
142,alpha,648.838,0.0002409449999999
142,alpha,671.636,0.000244517
142,alpha,697.938,0.000249866
142,alpha,723.3689999999999,0.000252851
142,alpha,746.1679999999999,0.0002558329999999
142,alpha,774.241,0.000254684
142,rho,347.9739,1.5486564630854503e-05
142,rho,374.382,1.612775764496032e-05
142,rho,399.03,1.6921790866971036e-05
142,rho,423.678,1.7907187049522328e-05
142,rho,448.326,1.8650244504705456e-05
142,rho,471.213,1.93289379328474e-05
142,rho,497.622,1.93289379328474e-05
142,rho,521.389,1.8770072246008077e-05
142,rho,550.439,1.630781323639969e-05
142,rho,575.087,1.1796946242495668e-05
142,rho,599.7349999999999,1.2015273816074995e-05
142,rho,624.3820000000001,1.2890003158050771e-05
142,rho,646.3889999999999,1.3738660453128498e-05
142,rho,674.558,1.4524138391800254e-05
142,rho,698.326,1.5364381675823837e-05
142,rho,722.094,1.599531657130792e-05
142,rho,749.3820000000001,1.6445529118453857e-05
142,rho,772.27,1.6970955906062366e-05
142,kappa,319.6745,1.46097
142,kappa,346.9643,1.39971
142,kappa,371.5377,1.43864
142,kappa,395.257,1.44672
142,kappa,422.482,1.46641
142,kappa,448.881,1.42056
142,kappa,471.728,1.42091
142,kappa,496.332,1.42129
142,kappa,521.812,1.42554
142,kappa,546.336,1.52616
142,kappa,598.116,1.60792
142,kappa,624.508,1.56977
142,kappa,647.383,1.53543
142,kappa,671.99,1.53195
142,kappa,698.37,1.50922
142,kappa,723.838,1.52889
142,kappa,749.306,1.54856
142,kappa,773.894,1.56822
142,ZT,347.9739,0.399093
142,ZT,373.502,0.45805
142,ZT,422.798,0.594104
142,ZT,448.326,0.689342
142,ZT,475.615,0.789116
142,ZT,496.742,0.893424
142,ZT,524.911,1.01587
142,ZT,550.439,1.17007
142,ZT,574.2059999999999,1.44671
142,ZT,598.854,1.56916
142,ZT,624.3820000000001,1.64626
142,ZT,649.9110000000001,1.74603
142,ZT,675.439,1.80499
142,ZT,698.326,1.86395
142,ZT,723.854,1.89116
142,ZT,750.2629999999999,1.90476
142,ZT,775.7909999999999,1.87755
143,alpha,319.6268,1.8925e-05
143,alpha,372.886,3.3265099999999994e-05
143,alpha,424.439,5.27055e-05
143,alpha,471.755,7.46927e-05
143,alpha,522.449,9.87241e-05
143,alpha,573.981,0.0001253069999999
143,alpha,626.376,0.000146279
143,alpha,671.165,0.0001641819999999
143,alpha,713.43,0.0001769799999999
143,rho,322.2153,3.4728400000000007e-06
143,rho,372.9543,5.221960000000001e-06
143,rho,423.695,6.72478e-06
143,rho,471.94,7.980070000000001e-06
143,rho,521.846,9.97508e-06
143,rho,570.9159999999999,1.27086e-05
143,rho,619.981,1.6181e-05
143,rho,673.202,2.03944e-05
143,rho,716.434,2.55881e-05
143,kappa,325.0054,3.1902
143,kappa,376.318,2.97595
143,kappa,423.425,2.77956
143,kappa,472.199,2.48536
143,kappa,525.204,2.32441
143,kappa,574.832,2.10131
143,kappa,626.982,1.86038
143,kappa,675.7919999999999,1.7884
143,kappa,723.76,1.71644
143,ZT,325.51489999999995,0.01174539137925
143,ZT,377.035,0.0306098126959999
143,ZT,422.643,0.0686249665529999
143,ZT,471.63,0.13188614157
143,ZT,524.8389999999999,0.2139936551479999
143,ZT,575.515,0.30629829124
143,ZT,625.346,0.4016397247279999
143,ZT,674.332,0.465949251028
143,ZT,725.008,0.500965302832
144,alpha,329.5136,2.23188e-05
144,alpha,370.4227,3.04348e-05
144,alpha,424.968,4.66667e-05
144,alpha,473.15,6.28986e-05
144,alpha,523.15,8.52174e-05
144,alpha,572.241,0.000108551
144,alpha,620.423,0.000125797
144,alpha,673.15,0.000148116
144,alpha,722.241,0.000161304
144,rho,322.4248,3.51859e-06
144,rho,369.9816,4.532360000000001e-06
144,rho,423.822,5.839760000000001e-06
144,rho,472.28,7.21415e-06
144,rho,524.328,8.91335e-06
144,rho,572.787,1.0783e-05
144,rho,623.935,1.3891899999999998e-05
144,rho,673.287,1.7895800000000002e-05
144,rho,724.443,2.0764300000000004e-05
144,kappa,321.7867,3.32293
144,kappa,373.49,3.21917
144,kappa,424.355,3.01982
144,kappa,473.474,2.80841
144,kappa,522.606,2.56119
144,kappa,574.351,2.34996
144,kappa,624.345,2.13862
144,kappa,672.555,2.01073
144,kappa,720.765,1.88284
144,ZT,320.769,0.0151474178717999
144,ZT,372.9668,0.0290085371770399
144,ZT,421.502,0.0585419912779999
144,ZT,471.868,0.1087919986079999
144,ZT,522.2339999999999,0.1842326660519999
144,ZT,573.516,0.2692336451039999
144,ZT,625.7139999999999,0.3632620169839999
144,ZT,672.4169999999999,0.4426743008609999
144,ZT,720.952,0.520687395344
145,alpha,325.8711,7.9e-05
145,alpha,333.1273,8.06667e-05
145,alpha,344.0117,8.2e-05
145,alpha,352.1749,8.46667e-05
145,alpha,360.3382,8.7e-05
145,alpha,373.0366,9.16667e-05
145,alpha,383.921,9.43333e-05
145,alpha,392.084,9.8e-05
145,alpha,404.783,0.000102333
145,alpha,416.574,0.000105667
145,alpha,425.644,0.0001099999999999
145,alpha,434.715,0.0001139999999999
145,alpha,444.692,0.000118
145,alpha,451.948,0.000122
145,alpha,462.833,0.000125667
145,alpha,473.717,0.000129
145,alpha,480.973,0.000133333
145,alpha,493.672,0.000137667
145,alpha,502.742,0.000140333
145,alpha,512.7189999999999,0.000143667
145,alpha,523.604,0.0001473329999999
145,alpha,534.488,0.000149333
145,alpha,544.4649999999999,0.000152333
145,alpha,553.535,0.000154667
145,alpha,564.42,0.000158
145,alpha,573.49,0.000160333
145,alpha,582.56,0.0001619999999999
145,alpha,593.4449999999999,0.000163667
145,alpha,603.422,0.000164667
145,alpha,612.492,0.000167
145,alpha,623.377,0.000168
145,alpha,631.54,0.000169667
145,alpha,644.238,0.0001709999999999
145,alpha,654.2159999999999,0.0001719999999999
145,alpha,662.3789999999999,0.000173
145,alpha,672.356,0.000173667
145,alpha,684.1479999999999,0.0001753329999999
145,alpha,693.218,0.000176
145,alpha,701.381,0.000177
145,alpha,714.0799999999999,0.000179667
145,alpha,722.2429999999999,0.0001809999999999
145,rho,325.8711,1.12174e-05
145,rho,333.1273,1.1673899999999998e-05
145,rho,344.0117,1.2130399999999998e-05
145,rho,352.1749,1.23261e-05
145,rho,360.3382,1.28478e-05
145,rho,373.0366,1.31087e-05
145,rho,383.921,1.36304e-05
145,rho,392.084,1.4021699999999998e-05
145,rho,404.783,1.4413e-05
145,rho,416.574,1.46087e-05
145,rho,425.644,1.47391e-05
145,rho,434.715,1.5260899999999998e-05
145,rho,444.692,1.5587000000000002e-05
145,rho,451.948,1.5978300000000003e-05
145,rho,462.833,1.6173900000000005e-05
145,rho,473.717,1.6565200000000002e-05
145,rho,480.973,1.70217e-05
145,rho,493.672,1.7478300000000002e-05
145,rho,502.742,1.8e-05
145,rho,512.7189999999999,1.84565e-05
145,rho,523.604,1.89783e-05
145,rho,534.488,1.93696e-05
145,rho,544.4649999999999,1.99565e-05
145,rho,553.535,2.02826e-05
145,rho,564.42,2.06739e-05
145,rho,573.49,2.13261e-05
145,rho,582.56,2.17174e-05
145,rho,593.4449999999999,2.21739e-05
145,rho,603.422,2.26957e-05
145,rho,612.492,2.33478e-05
145,rho,623.377,2.38043e-05
145,rho,631.54,2.4195700000000003e-05
145,rho,644.238,2.46522e-05
145,rho,654.2159999999999,2.48478e-05
145,rho,662.3789999999999,2.52391e-05
145,rho,672.356,2.56304e-05
145,rho,684.1479999999999,2.59565e-05
145,rho,693.218,2.6087e-05
145,rho,701.381,2.62174e-05
145,rho,714.0799999999999,2.61522e-05
145,rho,722.2429999999999,2.61522e-05
145,kappa,324.6964,1.10149
145,kappa,332.42839999999995,1.08168
145,kappa,340.1603,1.05941
145,kappa,350.9851,1.03218
145,kappa,363.3562,1.01485
145,kappa,371.0881,1.00495
145,kappa,381.913,0.985148
145,kappa,391.191,0.977723
145,kappa,415.16,0.95297
145,kappa,422.892,0.95297
145,kappa,433.717,0.95297
145,kappa,444.542,0.950495
145,kappa,454.593,0.955446
145,kappa,463.872,0.967822
145,kappa,475.47,0.975248
145,kappa,485.521,0.992574
145,kappa,491.707,1.0
145,kappa,502.531,1.00495
145,kappa,514.903,1.02723
145,kappa,523.408,1.03465
145,kappa,534.232,1.05941
145,kappa,543.511,1.08168
145,kappa,552.789,1.09901
145,kappa,562.068,1.11139
145,kappa,572.892,1.12624
145,kappa,583.717,1.13861
145,kappa,592.222,1.16089
145,kappa,601.501,1.17327
145,kappa,610.779,1.17822
145,kappa,624.6959999999999,1.19059
145,kappa,631.655,1.19802
145,kappa,644.026,1.20297
145,kappa,654.851,1.20297
145,kappa,665.6759999999999,1.20545
145,kappa,676.501,1.2005
145,kappa,685.779,1.19802
145,kappa,693.511,1.18812
145,kappa,703.5619999999999,1.17079
145,kappa,715.16,1.16832
145,kappa,721.346,1.15099
145,kappa,729.851,1.13861
145,kappa,741.449,1.11634
145,kappa,753.8199999999999,1.11386
145,kappa,761.5519999999999,1.09406
145,kappa,770.057,1.07921
145,ZT,323.8388,0.164436
145,ZT,332.8072,0.175269
145,ZT,340.8767,0.186092
145,ZT,351.63879999999995,0.199091
145,ZT,361.4737,0.227112
145,ZT,375.827,0.242297
145,ZT,382.982,0.261699
145,ZT,390.14,0.278954
145,ZT,403.554,0.315602
145,ZT,409.814,0.332848
145,ZT,422.354,0.356602
145,ZT,432.168,0.395359
145,ZT,441.104,0.423369
145,ZT,453.648,0.444977
145,ZT,463.475,0.477292
145,ZT,474.233,0.492438
145,ZT,484.064,0.522606
145,ZT,493.919,0.53989
145,ZT,502.891,0.548575
145,ZT,510.941,0.570134
145,ZT,523.496,0.5853
145,ZT,532.469,0.593986
145,ZT,541.441,0.602671
145,ZT,551.309,0.613513
145,ZT,561.192,0.615767
145,ZT,569.265,0.624443
145,ZT,580.947,0.626715
145,ZT,589.935,0.626812
145,ZT,601.608,0.633379
145,ZT,611.496,0.633485
145,ZT,622.278,0.635748
145,ZT,631.246,0.646581
145,ZT,641.13,0.648834
145,ZT,651.001,0.657529
145,ZT,659.973,0.666215
145,ZT,672.537,0.677086
145,ZT,681.506,0.687919
145,ZT,691.365,0.703056
145,ZT,699.414,0.724615
145,ZT,709.245,0.754782
145,ZT,717.29,0.778489
146,alpha,296.4213,8.9198e-05
146,alpha,346.9532,0.0001088379999999
146,alpha,358.2564,0.000112111
146,alpha,368.2298,0.0001166119999999
146,alpha,378.203,0.0001190669999999
146,alpha,387.512,0.000123159
146,alpha,397.485,0.0001260229999999
146,alpha,407.459,0.000130115
146,alpha,416.767,0.0001337969999999
146,alpha,427.405,0.000137889
146,alpha,437.379,0.0001423899999999
146,alpha,447.352,0.0001464809999999
146,alpha,456.661,0.000150573
146,alpha,467.299,0.0001546639999999
146,alpha,477.937,0.000158347
146,alpha,487.246,0.000164484
146,alpha,498.549,0.0001685759999999
146,alpha,505.863,0.00017144
146,alpha,516.501,0.0001767589999999
146,alpha,525.145,0.000180851
146,alpha,536.448,0.000182079
146,alpha,547.751,0.00018617
146,alpha,555.065,0.000189853
146,alpha,565.703,0.000193126
146,alpha,575.6769999999999,0.000196809
146,alpha,585.65,0.0001984449999999
146,alpha,597.6179999999999,0.0001984449999999
146,alpha,608.921,0.0001996729999999
146,alpha,618.23,0.0001996729999999
146,alpha,627.538,0.0001984449999999
146,alpha,637.512,0.000198854
146,alpha,648.815,0.000199264
146,alpha,657.4590000000001,0.0001996729999999
146,alpha,666.102,0.0001996729999999
146,alpha,678.0699999999999,0.0001996729999999
146,alpha,685.384,0.000200491
146,alpha,697.352,0.0001996729999999
146,alpha,705.996,0.000202128
146,rho,347.44719999999995,6.38221e-06
146,rho,357.4873,6.645799999999999e-06
146,rho,367.5275,6.843489999999999e-06
146,rho,376.898,7.07413e-06
146,rho,388.947,7.37068e-06
146,rho,396.309,7.66722e-06
146,rho,405.68,8.02965e-06
146,rho,417.728,8.392090000000002e-06
146,rho,426.43,8.688630000000002e-06
146,rho,435.131,9.01812e-06
146,rho,446.51,9.41351e-06
146,rho,454.542,9.84185e-06
146,rho,465.252,1.0368999999999998e-05
146,rho,477.969,1.08633e-05
146,rho,486.001,1.12586e-05
146,rho,495.372,1.17199e-05
146,rho,504.743,1.22142e-05
146,rho,516.122,1.2807200000000003e-05
146,rho,528.17,1.33015e-05
146,rho,535.5329999999999,1.36639e-05
146,rho,546.242,1.3927499999999998e-05
146,rho,557.621,1.42241e-05
146,rho,566.992,1.44547e-05
146,rho,577.0319999999999,1.47842e-05
146,rho,586.403,1.47183e-05
146,rho,597.113,1.43888e-05
146,rho,606.483,1.4026400000000003e-05
146,rho,617.862,1.36639e-05
146,rho,626.564,1.3367400000000004e-05
146,rho,637.2729999999999,1.2939000000000004e-05
146,rho,647.983,1.30379e-05
146,rho,658.0229999999999,1.31038e-05
146,rho,667.394,1.33015e-05
146,rho,678.7719999999999,1.34992e-05
146,rho,686.805,1.3598e-05
146,rho,697.5139999999999,1.36969e-05
146,rho,706.885,1.40593e-05
146,kappa,345.4104,2.37369
146,kappa,356.73749999999995,2.33443
146,kappa,366.0672,2.29516
146,kappa,376.06,2.2677
146,kappa,386.721,2.23237
146,kappa,398.714,2.18919
146,kappa,405.384,2.13809
146,kappa,416.047,2.09096
146,kappa,428.042,2.03991
146,kappa,435.376,1.99275
146,kappa,446.04,1.94169
146,kappa,456.706,1.88276
146,kappa,468.037,1.82776
146,kappa,477.371,1.76882
146,kappa,487.367,1.72562
146,kappa,498.034,1.66275
146,kappa,507.368,1.60381
146,kappa,516.702,1.54487
146,kappa,528.034,1.48594
146,kappa,536.699,1.44273
146,kappa,546.698,1.38773
146,kappa,556.692,1.35633
146,kappa,567.355,1.3092
146,kappa,574.018,1.28565
146,kappa,586.68,1.23066
146,kappa,598.009,1.18354
146,kappa,609.332,1.16002
146,kappa,617.987,1.16009
146,kappa,625.313,1.15228
146,kappa,635.287,1.20744
146,kappa,647.261,1.25081
146,kappa,657.8979999999999,1.32172
146,kappa,665.2059999999999,1.38866
146,kappa,678.509,1.44385
146,kappa,687.16,1.46359
146,kappa,697.81,1.47547
146,kappa,709.7919999999999,1.48344
146,ZT,348.6794,0.269249
146,ZT,358.2088,0.293467
146,ZT,366.3776,0.311638
146,ZT,377.27,0.332844
146,ZT,387.48,0.360087
146,ZT,397.012,0.375246
146,ZT,406.54,0.402484
146,ZT,418.113,0.426715
146,ZT,426.278,0.456966
146,ZT,437.849,0.487237
146,ZT,448.059,0.51448
146,ZT,454.859,0.553783
146,ZT,465.748,0.58707
146,ZT,477.995,0.635467
146,ZT,486.839,0.671762
146,ZT,497.042,0.720146
146,ZT,505.884,0.765501
146,ZT,514.726,0.807837
146,ZT,527.652,0.862277
146,ZT,534.451,0.90762
146,ZT,546.009,0.980173
146,ZT,555.5229999999999,1.05271
146,ZT,566.403,1.1162
146,ZT,577.962,1.18574
146,ZT,588.1479999999999,1.28848
146,ZT,595.6089999999999,1.39423
146,ZT,606.482,1.47886
146,ZT,615.995,1.55744
146,ZT,625.511,1.62394
146,ZT,635.7249999999999,1.63609
146,ZT,645.9639999999999,1.5697
146,ZT,657.567,1.49427
146,ZT,665.759,1.43694
146,ZT,678.034,1.39473
146,ZT,686.887,1.40384
146,ZT,698.473,1.38277
146,ZT,708.0070000000001,1.39491
147,alpha,296.9851,0.000191164
147,alpha,302.8394,0.000192192
147,alpha,323.3292,0.0001983559999999
147,alpha,340.4738,0.000207603
147,alpha,363.8907,0.000217877
147,alpha,376.017,0.0002295209999999
147,alpha,394.835,0.0002346579999999
147,alpha,410.725,0.0002459589999999
147,alpha,437.487,0.000252466
147,alpha,460.904,0.000259658
147,alpha,492.684,0.000260685
147,alpha,517.774,0.000261712
147,alpha,545.79,0.00026
147,alpha,568.371,0.0002545209999999
147,alpha,588.025,0.000252808
147,alpha,598.8969999999999,0.000254863
147,alpha,613.114,0.000255548
147,rho,297.2286,6.618790746930536e-05
147,rho,303.2483,6.642620380887852e-05
147,rho,323.8871,6.571597555365709e-05
147,rho,341.0861,6.642620380887852e-05
147,rho,363.4448,6.690842912390104e-05
147,rho,376.344,6.595131473945933e-05
147,rho,394.403,6.52507259143258e-05
147,rho,411.602,6.52507259143258e-05
147,rho,436.541,6.411612712945687e-05
147,rho,460.619,6.411612712945687e-05
147,rho,493.297,6.367317831036854e-05
147,rho,519.096,6.113889534243895e-05
147,rho,546.184,5.645730416372618e-05
147,rho,569.403,5.185189026065945e-05
147,rho,585.742,4.948535233570863e-05
147,rho,599.501,4.75698920639149e-05
147,rho,611.971,4.557075086926207e-05
147,kappa,295.76033333333334,0.8954160182395892
147,kappa,301.7872,0.9051193876284194
147,kappa,322.25696666666664,0.9061784721410762
147,kappa,339.08566666666667,0.9268268610403102
147,kappa,361.6567,0.946785365328975
147,kappa,376.20866666666666,0.9574458540734082
147,kappa,394.7116666666666,0.9219083905119606
147,kappa,413.608,0.9175322044507606
147,kappa,437.18933333333325,0.9495413420906342
147,kappa,460.1959999999999,0.981825377213602
147,kappa,492.86266666666666,0.8879517367027909
147,kappa,518.1076666666667,0.871670660896028
147,kappa,544.621,0.8693619316639601
147,kappa,563.476,0.905257683812927
147,kappa,581.6846666666667,0.9088230027548596
147,kappa,598.5876666666667,0.936776053444808
147,kappa,613.004,0.961283432965592
147,ZT,293.0673,0.182368
147,ZT,299.2739,0.185407
147,ZT,319.5546,0.212916
147,ZT,335.6971,0.237377
147,ZT,357.6346,0.271011
147,ZT,376.265,0.31386
147,ZT,394.897,0.361308
147,ZT,418.497,0.417934
147,ZT,437.54,0.457714
147,ZT,459.065,0.492884
147,ZT,492.607,0.592396
147,ZT,517.453,0.665882
147,ZT,541.8889999999999,0.750102
147,ZT,552.654,0.777653
147,ZT,571.287,0.826634
147,ZT,597.365,0.872516
147,ZT,613.9269999999999,0.913841
148,alpha,300.0,6.66667e-05
148,alpha,325.526,7.333329999999999e-05
148,alpha,375.075,8.333329999999999e-05
148,alpha,424.625,9.8e-05
148,alpha,472.673,0.000111333
148,alpha,522.222,0.000125333
148,alpha,571.772,0.000135333
148,alpha,621.321,0.0001466669999999
148,alpha,675.375,0.000159333
148,alpha,727.928,0.000166
148,alpha,769.97,0.000168
148,rho,301.497,2.65781e-06
148,rho,323.952,2.75748e-06
148,rho,373.353,3.02326e-06
148,rho,424.251,3.4883700000000004e-06
148,rho,475.15,3.98671e-06
148,rho,521.557,4.45183e-06
148,rho,572.455,5.083059999999999e-06
148,rho,620.359,5.747509999999999e-06
148,rho,675.748,6.6113000000000006e-06
148,rho,722.156,7.47508e-06
148,rho,776.048,7.70764e-06
148,kappa,296.619,3.46723
148,kappa,321.485,3.37082
148,kappa,375.591,3.27632
148,kappa,422.417,2.95259
148,kappa,473.582,2.98861
148,kappa,523.306,2.86114
148,kappa,573.026,2.76635
148,kappa,619.844,2.50798
148,kappa,671.03,2.38061
148,kappa,725.144,2.22075
148,kappa,770.461,2.25639
148,ZT,295.509,0.140502
148,ZT,320.958,0.170609
148,ZT,371.856,0.235842
148,ZT,421.257,0.406452
148,ZT,473.653,0.501792
148,ZT,520.06,0.642294
148,ZT,570.958,0.762724
148,ZT,621.856,0.908244
148,ZT,674.252,1.08889
148,ZT,722.156,1.17419
148,ZT,777.545,1.27455
149,alpha,321.49859999999995,0.000171103
149,alpha,343.8335,0.000176916
149,alpha,367.1847,0.0001827299999999
149,alpha,388.503,0.0001885419999999
149,alpha,406.769,0.0001954029999999
149,alpha,430.129,0.000199112
149,alpha,449.427,0.000201764
149,alpha,468.73,0.000203363
149,alpha,491.077,0.0002060179999999
149,alpha,513.428,0.000207621
149,alpha,534.7639999999999,0.000209222
149,alpha,555.078,0.000211875
149,alpha,573.3589999999999,0.0002150519999999
149,alpha,597.732,0.0002192889999999
149,alpha,619.055,0.000224048
149,alpha,640.3879999999999,0.0002261759999999
149,alpha,657.644,0.000231457
149,alpha,678.979,0.000233058
149,alpha,705.4259999999999,0.00022677
149,alpha,725.7719999999999,0.0002215289999999
149,rho,321.3339,1.9716632556892343e-05
149,rho,344.7907,2.0416121386091312e-05
149,rho,364.1638,2.1295489828209283e-05
149,rho,386.598,2.2254912215498764e-05
149,rho,404.951,2.3303613458302843e-05
149,rho,428.43,2.255549214956096e-05
149,rho,451.904,2.2273550381657284e-05
149,rho,470.292,2.0938286494386444e-05
149,rho,494.78,2.1071307411410955e-05
149,rho,514.1569999999999,2.1734405564007825e-05
149,rho,534.5519999999999,2.258656867107406e-05
149,rho,554.948,2.350822670393505e-05
149,rho,577.395,2.367536341682845e-05
149,rho,598.815,2.4344997833295198e-05
149,rho,619.219,2.4697578155486076e-05
149,rho,640.6469999999999,2.4705083070841823e-05
149,rho,660.031,2.5067934101414835e-05
149,rho,682.476,2.54427030327702e-05
149,rho,702.886,2.5265540834167096e-05
149,rho,723.3,2.473410833539451e-05
149,kappa,323.12239094422966,0.734947368421052
149,kappa,344.10527332965205,0.732
149,kappa,365.3642462727775,0.729052631578947
149,kappa,386.347128658199,0.727578947368421
149,kappa,407.330011043622,0.726105263157894
149,kappa,428.312893429044,0.730526315789473
149,kappa,449.57186637217,0.752631578947368
149,kappa,470.554748757592,0.774736842105263
149,kappa,491.537631143014,0.776210526315789
149,kappa,512.5205135284369,0.776210526315789
149,kappa,533.503395913859,0.773263157894736
149,kappa,554.762368856985,0.77178947368421
149,kappa,575.745251242407,0.770315789473684
149,kappa,596.728133627829,0.76
149,kappa,617.9871065709549,0.757052631578947
149,kappa,638.9699889563769,0.776210526315789
149,kappa,659.9528713418,0.805684210526315
149,kappa,681.211844284925,0.844
149,kappa,702.194726670347,0.892631578947368
149,kappa,723.17760905577,0.941263157894736
149,ZT,321.9305,0.666667
149,ZT,347.337,0.726727
149,ZT,366.6459,0.768769
149,ZT,385.955,0.834835
149,ZT,407.296,0.936937
149,ZT,430.67,1.03303
149,ZT,450.996,1.11712
149,ZT,471.321,1.21321
149,ZT,491.646,1.27327
149,ZT,511.971,1.32733
149,ZT,535.345,1.35736
149,ZT,555.67,1.38739
149,ZT,575.996,1.45946
149,ZT,597.337,1.56757
149,ZT,616.646,1.66366
149,ZT,637.987,1.72372
149,ZT,658.313,1.75375
149,ZT,680.67,1.75375
149,ZT,704.044,1.63363
149,ZT,722.337,1.51952
150,alpha,315.8423,0.000106049
150,alpha,373.787,0.00011868
150,alpha,431.734,0.00013182
150,alpha,490.498,0.000145973
150,alpha,553.327,0.0001545389999999
150,alpha,611.2539999999999,0.000160572
150,alpha,673.252,0.000163554
150,alpha,736.854,0.0001558749999999
150,alpha,767.019,0.0001502609999999
150,rho,315.3345,9.28272392250782e-06
150,rho,370.8659,9.738615558412218e-06
150,rho,430.492,1.0041350280454914e-05
150,rho,492.534,1.1204230717518935e-05
150,rho,552.1389999999999,1.2198141735088077e-05
150,rho,613.392,1.2904741072822744e-05
150,rho,672.1959999999999,1.3645953019712944e-05
150,rho,735.117,1.3152529889124174e-05
150,rho,766.172,1.2826663040996582e-05
150,kappa,314.227,1.05174
150,kappa,374.614,1.1507
150,kappa,430.138,1.36344
150,kappa,492.969,1.45289
150,kappa,550.9,1.5187
150,kappa,612.0899999999999,1.57499
150,kappa,674.92,1.6597
150,kappa,732.0619999999999,1.82504
150,kappa,767.16,1.91001
150,ZT,315.6337,0.352381
150,ZT,374.457,0.466667
150,ZT,434.915,0.552381
150,ZT,491.287,0.633333
150,ZT,550.928,0.714286
150,ZT,613.836,0.780952
150,ZT,671.026,0.804762
150,ZT,737.202,0.757143
150,ZT,765.797,0.714286
153,alpha,324.861,9.98889e-05
153,alpha,370.093,0.0001086629999999
153,alpha,415.38,0.0001264379999999
153,alpha,456.241,0.000141235
153,alpha,508.061,0.000145976
153,alpha,558.79,0.000152723
153,alpha,604.077,0.000170498
153,alpha,653.875,0.000205252
153,alpha,705.616,0.000196993
153,rho,317.942,3.4517800000000003e-05
153,rho,362.153,3.60798e-05
153,rho,409.681,3.80401e-05
153,rho,456.096,3.87967e-05
153,rho,508.017,3.71382e-05
153,rho,552.231,3.9101800000000006e-05
153,rho,606.371,3.86459e-05
153,rho,652.828,4.50249e-05
153,rho,703.684,4.85883e-05
153,kappa,323.474,0.561765
153,kappa,362.911,0.570588
153,kappa,410.798,0.532353
153,kappa,457.746,0.511765
153,kappa,508.451,0.502941
153,kappa,558.216,0.505882
153,kappa,605.164,0.552941
153,kappa,650.235,0.620588
153,ZT,320.046,0.168675
153,ZT,362.87,0.23494
153,ZT,412.984,0.334337
153,ZT,461.276,0.475904
153,ZT,509.567,0.569277
153,ZT,558.77,0.671687
153,ZT,605.239,0.840361
153,ZT,651.708,0.972892
154,alpha,317.358,0.0001960039999999
154,alpha,340.4,0.000211536
154,alpha,366.747,0.0002232619999999
154,alpha,390.492,0.000219631
154,alpha,412.868,0.000237713
154,alpha,435.936,0.000241743
154,alpha,458.998,0.00024833
154,alpha,480.75,0.000251071
154,alpha,506.455,0.0002551239999999
154,alpha,528.907,0.00023998
154,alpha,552.646,0.000238904
154,alpha,576.396,0.000232716
154,alpha,600.135,0.000231641
154,rho,315.737,9.855615236781156e-05
154,rho,341.864,0.000101414735561
154,rho,365.309,0.0001032779384897
154,rho,389.428,0.0001064243030538
154,rho,413.553,0.0001115384272189
154,rho,436.995,0.00011286796367
154,rho,460.443,0.0001161477957471
154,rho,481.873,0.0001166023021958
154,rho,504.642,0.0001170581872837
154,rho,528.739,0.0001136534116481
154,rho,552.82,0.0001062017578514
154,rho,574.887,9.825402595871364e-05
154,rho,599.653,9.584327707332968e-05
154,kappa,304.113,0.662885
154,kappa,373.047,0.666241
154,kappa,475.351,0.647118
154,kappa,526.115,0.643299
154,kappa,572.9,0.754365
154,kappa,625.049,0.82873
154,ZT,316.659,0.19035
154,ZT,365.643,0.264601
154,ZT,483.056,0.406368
154,ZT,531.392,0.414133
154,ZT,579.722,0.413919
154,ZT,599.186,0.42979
155,alpha,327.866,-0.000199197
155,alpha,373.904,-0.000219747
155,alpha,421.506,-0.0002394079999999
155,alpha,470.673,-0.0002581779999999
155,alpha,519.083,-0.000268475
155,alpha,567.513,-0.000271194
155,alpha,615.962,-0.000266778
155,alpha,665.963,-0.000266377
155,alpha,708.159,-0.0002632939999999
155,alpha,760.514,-0.0002593279999999
155,rho,328.771,2.85171e-05
155,rho,373.095,3.65019e-05
155,rho,421.306,4.67681e-05
155,rho,466.407,5.87452e-05
155,rho,519.285,7.07224e-05
155,rho,567.496,7.47148e-05
155,rho,615.708,7.81369e-05
155,rho,666.252,7.87072e-05
155,rho,711.353,8.04182e-05
155,rho,759.565,7.87072e-05
155,kappa,327.997,1.32856
155,kappa,375.572,1.1609
155,kappa,423.175,1.10171
155,kappa,472.32,1.06059
155,kappa,519.154,0.996893
155,kappa,567.525,0.933179
155,kappa,615.135,0.90111
155,kappa,663.508,0.846436
155,kappa,711.88,0.787242
155,kappa,757.961,0.782305
155,ZT,325.879,0.34178
155,ZT,375.673,0.435738
155,ZT,422.427,0.479683
155,ZT,470.721,0.513217
155,ZT,519.782,0.546755
155,ZT,568.829,0.605293
155,ZT,615.587,0.642988
155,ZT,662.325,0.7161
155,ZT,708.29,0.799626
155,ZT,758.127,0.8165
157,alpha,323.273,0.0002506069999999
157,alpha,388.512,0.000260933
157,alpha,440.724,0.000265464
157,alpha,489.976,0.000255074
157,alpha,531.349,0.000252134
157,alpha,560.95,0.000252352
157,alpha,589.696,0.000249772
157,alpha,618.882,0.000246447
157,rho,324.365,5.4000928815975634e-05
157,rho,388.511,5.914884807618372e-05
157,rho,443.42,5.835701655588559e-05
157,rho,488.182,4.994530988567518e-05
157,rho,531.275,4.7001095125516425e-05
157,rho,563.132,4.893636804063676e-05
157,rho,591.923,5.022223338271853e-05
157,rho,621.133,5.0650607047525465e-05
157,kappa,325.18,0.543953
157,kappa,388.539,0.516077
157,kappa,441.821,0.525142
157,kappa,488.474,0.514713
157,kappa,531.621,0.516322
157,kappa,562.879,0.5167
157,kappa,590.623,0.522476
157,kappa,619.686,0.527836
157,ZT,324.52,0.693956
157,ZT,387.209,0.860244
157,ZT,440.646,1.00874
157,ZT,486.552,1.22095
157,ZT,529.066,1.37355
157,ZT,560.177,1.40898
157,ZT,590.842,1.39472
157,ZT,622.345,1.37647
159,alpha,295.967,0.0002268189999999
159,alpha,322.57,0.000236479
159,alpha,345.722,0.0002394139999999
159,alpha,368.02,0.0002430989999999
159,alpha,392.064,0.0002565049999999
159,alpha,416.073,0.0002594379999999
159,alpha,441.814,0.000267603
159,alpha,466.693,0.0002742739999999
159,alpha,491.572,0.000280945
159,alpha,509.599,0.0002891299999999
159,alpha,538.759,0.0002942939999999
159,alpha,563.606,0.00029124
159,alpha,586.785,0.000302404
159,alpha,611.647,0.000303838
159,rho,297.142,0.0001267399815213
159,rho,323.978,0.0001215783298784
159,rho,346.606,0.0001210666944312
159,rho,365.88,0.0001211021751161
159,rho,394.362,0.0001234027062213
159,rho,416.157,0.000121749293854
159,rho,443.803,0.0001234971935262
159,rho,465.586,0.0001246971418168
159,rho,489.885,0.0001253322872265
159,rho,515.008,0.0001296598115524
159,rho,539.293,0.0001342950650592
159,rho,564.423,0.0001371222966339
159,rho,587.887,0.0001371775983494
159,rho,614.7,0.0001379525360504
159,kappa,300.0,0.369266
159,kappa,323.864,0.325688
159,kappa,370.739,0.394495
159,kappa,423.58,0.405963
159,kappa,473.011,0.41055
159,kappa,520.739,0.415138
159,kappa,572.727,0.424312
159,kappa,622.159,0.424312
159,ZT,296.149,0.316138
159,ZT,322.451,0.422224
159,ZT,343.09,0.462348
159,ZT,365.505,0.460873
159,ZT,391.86,0.52534
159,ZT,415.386,0.555093
159,ZT,441.161,0.623022
159,ZT,465.229,0.678792
159,ZT,488.725,0.731088
159,ZT,513.345,0.804206
159,ZT,539.147,0.851326
159,ZT,559.264,0.849824
159,ZT,583.29,0.938542
159,ZT,609.68,0.975264
160,alpha,298.536,6.18327e-05
160,alpha,319.877,6.33785e-05
160,alpha,369.726,7.74291e-05
160,alpha,420.43,8.48208e-05
160,alpha,467.596,9.57409e-05
160,alpha,519.199,0.00010509
160,alpha,567.254,0.000116009
160,alpha,619.742,0.000124574
160,alpha,666.853,0.000124528
160,alpha,716.674,0.000133096
160,rho,299.648,4.191782429724768e-06
160,rho,321.805,4.384003647491034e-06
160,rho,369.65,5.07719880787372e-06
160,rho,418.398,5.682399336295758e-06
160,rho,468.924,6.348077802041542e-06
160,rho,515.023,6.93394721879377e-06
160,rho,568.225,7.357918591988698e-06
160,rho,619.63,8.900518900251885e-06
160,rho,665.761,8.375209380234507e-06
160,rho,714.536,8.603260635780962e-06
160,kappa,300.0,1.80184
160,kappa,319.694,1.80184
160,kappa,371.116,1.80184
160,kappa,415.974,1.76498
160,kappa,467.396,1.69124
160,kappa,518.818,1.63594
160,kappa,569.147,1.58986
160,kappa,617.287,1.56221
160,kappa,663.239,1.54378
160,kappa,715.755,1.56221
160,ZT,297.101,0.155059
160,ZT,320.368,0.170405
160,ZT,366.869,0.249322
160,ZT,414.31,0.315553
160,ZT,465.445,0.42495
160,ZT,518.445,0.531818
160,ZT,566.768,0.66912
160,ZT,616.038,0.783583
160,ZT,663.49,0.834586
160,ZT,714.58,1.00997
161,alpha,311.265,0.0001793189999999
161,alpha,371.739,0.0001977019999999
161,alpha,468.379,0.0002171059999999
161,alpha,566.798,0.0002164259999999
161,rho,313.343,2.7240533914464723e-05
161,rho,371.53,3.017683626048645e-05
161,rho,470.11,3.431873871771465e-05
161,rho,566.894,4.230118443316413e-05
161,kappa,313.673,0.704706
161,kappa,373.995,0.772941
161,kappa,472.922,0.730588
161,kappa,571.85,0.535294
161,ZT,311.745,0.526877
161,ZT,373.151,0.635858
161,ZT,473.43,0.89952
161,ZT,572.937,1.19599
163,alpha,298.655,-7.78066e-05
163,alpha,323.228,-8.21061e-05
163,alpha,375.532,-8.51342e-05
163,alpha,423.078,-8.631249999999999e-05
163,alpha,473.817,-9.92395e-05
163,alpha,522.219,-0.000131345
163,alpha,572.252,-0.0001869529999999
163,alpha,623.72,-0.000168333
163,alpha,672.073,-0.000176933
163,alpha,719.627,-0.000181822
163,alpha,771.936,-0.000187324
163,rho,299.208,3.6233065570978765e-05
163,rho,321.395,3.395666450475903e-05
163,rho,372.108,3.081103897904541e-05
163,rho,420.444,2.9214907783143583e-05
163,rho,472.742,3.4135284961358856e-05
163,rho,521.87,5.316151531583257e-05
163,rho,573.376,0.000109003587308
163,rho,622.504,7.497938067031566e-05
163,rho,670.048,7.497938067031566e-05
163,rho,719.968,7.76735226495992e-05
163,rho,773.851,8.056784215148366e-05
163,kappa,300.363,0.815868
163,kappa,324.943,0.783429
163,kappa,372.563,0.782204
163,kappa,423.137,0.808075
163,kappa,473.669,0.885412
163,kappa,522.794,0.863875
163,kappa,572.879,0.578232
163,kappa,625.724,0.556705
163,kappa,671.136,0.525677
163,kappa,721.009,0.498724
163,kappa,771.607,0.496152
163,ZT,298.527,0.0602459
163,ZT,322.828,0.0831967
163,ZT,374.374,0.116189
163,ZT,422.239,0.142008
163,ZT,473.785,0.154918
163,ZT,522.386,0.20082
163,ZT,574.669,0.317008
163,ZT,623.27,0.42459
163,ZT,673.343,0.533607
163,ZT,722.68,0.629713
163,ZT,772.018,0.692828
164,alpha,305.628517823639,0.0001787524366471
164,alpha,331.097560975609,0.0001904483430799
164,alpha,360.365853658536,0.0001936972059779
164,alpha,390.478424015009,0.0002008447043534
164,alpha,416.510318949343,0.0002065627030539
164,alpha,453.377110694183,0.0002087719298245
164,alpha,484.05253283302,0.0002091617933723
164,alpha,516.416510318949,0.0002083820662768
164,alpha,543.292682926829,0.0002090318388563
164,alpha,569.887429643527,0.0002117608836907
164,alpha,603.658536585365,0.0002190383365821
164,rho,306.673,4.779131759329784e-05
164,rho,333.079,4.570284049526584e-05
164,rho,362.634,4.448777029422209e-05
164,rho,389.661,4.241297735721543e-05
164,rho,414.809,4.1201575837163584e-05
164,rho,453.789,3.975292999683256e-05
164,rho,483.957,3.707533234859683e-05
164,rho,514.752,3.4822419533851384e-05
164,rho,541.792,3.4140369967355886e-05
164,rho,567.579,3.4392984379282086e-05
164,rho,601.544,3.473567672294498e-05
164,kappa,306.291390728476,0.649043611323642
164,kappa,331.622516556291,0.615990818668707
164,kappa,360.596026490066,0.59150726855394
164,kappa,390.894039735099,0.578041315990818
164,kappa,416.887417218543,0.569778117827085
164,kappa,453.64238410596,0.567635807192043
164,kappa,484.1059602649,0.578347360367253
164,kappa,516.390728476821,0.605279265493496
164,kappa,543.046357615894,0.63221117061974
164,kappa,569.867549668874,0.661285386381025
164,kappa,603.807947019867,0.702907421576128
164,ZT,305.693,0.321019
164,ZT,329.711,0.431694
164,ZT,359.855,0.519561
164,ZT,390.01,0.638709
164,ZT,417.375,0.752195
164,ZT,456.457,0.885477
164,ZT,483.25,0.962001
164,ZT,516.178,1.03847
164,ZT,544.08,1.09508
164,ZT,569.182,1.12043
164,ZT,603.754,1.1201
166,alpha,325.974,0.000264372
166,alpha,374.805,0.0002721859999999
166,alpha,425.714,0.000282791
166,alpha,477.662,0.0002593489999999
166,alpha,528.571,0.000258233
166,alpha,575.325,0.000257116
166,alpha,631.429,0.000255442
166,alpha,678.182,0.0002420469999999
166,rho,326.518,0.0001066239999999
166,rho,376.343,9.8324e-05
166,rho,427.568,0.0001070079999999
166,rho,474.898,7.91525e-05
166,rho,524.744,7.18823e-05
166,rho,579.891,6.89804e-05
166,rho,629.852,6.71145e-05
166,rho,675.695,6.75703e-05
166,kappa,321.499,0.289016
166,kappa,372.792,0.302161
166,kappa,421.93,0.311739
166,kappa,474.851,0.319608
166,kappa,512.639,0.334315
166,kappa,568.77,0.363434
166,kappa,618.421,0.392455
166,kappa,674.632,0.365037
166,ZT,320.754,0.709207
166,ZT,371.337,0.923968
166,ZT,421.502,0.999214
166,ZT,470.442,1.23956
166,ZT,512.956,1.41711
166,ZT,568.0,1.47255
166,ZT,619.791,1.54214
166,ZT,672.129,1.6032
167,alpha,305.864,0.0002057829999999
167,alpha,311.919,0.000211567
167,alpha,325.86,0.000209677
167,alpha,342.209,0.0002251009999999
167,alpha,360.984,0.000238608
167,alpha,380.364,0.000253078
167,alpha,399.138,0.0002685069999999
167,alpha,417.876,0.000320476
167,alpha,431.799,0.0003368559999999
167,alpha,456.65,0.000334992
167,alpha,476.037,0.00034177
167,alpha,493.004,0.0003446949999999
167,alpha,508.762,0.000344733
167,alpha,530.589,0.00033517
167,alpha,553.631,0.000322725
167,alpha,568.188,0.0003112219999999
167,alpha,606.376,0.000304583
167,alpha,630.623,0.000299833
167,alpha,650.017,0.00029988
167,alpha,668.2,0.0002980009999999
167,alpha,680.329,0.000290337
167,rho,304.961,0.00012973
167,rho,326.047,0.000135135
167,rho,341.55,0.000143243
167,rho,360.155,0.000145946
167,rho,381.24,0.000151351
167,rho,397.984,0.0001621619999999
167,rho,417.829,0.000177027
167,rho,433.333,0.000210811
167,rho,455.039,0.0002189189999999
167,rho,473.643,0.0002229729999999
167,rho,491.628,0.000224324
167,rho,508.992,0.000221622
167,rho,531.318,0.0001918919999999
167,rho,552.403,0.000158108
167,rho,568.527,0.000131081
167,rho,584.031,0.00012027
167,rho,605.116,0.000117568
167,rho,631.163,0.000121622
167,rho,648.527,0.000122973
167,rho,666.512,0.000125676
167,rho,680.155,0.000121622
167,kappa,338.728,0.477431
167,kappa,379.115,0.435764
167,kappa,418.396,0.421875
167,kappa,458.23,0.394097
167,kappa,498.064,0.404514
167,kappa,537.898,0.413194
167,kappa,579.945,0.428819
167,kappa,617.566,0.387153
167,kappa,656.293,0.362847
167,kappa,677.317,0.338542
167,kappa,696.68,0.340278
167,ZT,302.664,0.178696
167,ZT,339.004,0.265575
167,ZT,381.852,0.37145
167,ZT,419.806,0.512486
167,ZT,459.941,0.612927
167,ZT,501.72,0.659234
167,ZT,540.769,0.762375
167,ZT,580.307,1.06315
167,ZT,619.875,1.25564
167,ZT,657.306,1.32087
167,ZT,686.046,1.41582
168,alpha,311.991,0.000295411
168,alpha,332.548,0.000299521
168,alpha,353.105,0.0003007529999999
168,alpha,371.949,0.000299932
168,alpha,392.505,0.000299932
168,alpha,414.775,0.000299521
168,alpha,433.619,0.00029911
168,alpha,453.319,0.000297466
168,alpha,471.306,0.000297466
168,alpha,495.289,0.0002962329999999
168,alpha,514.133,0.000297466
168,alpha,535.546,0.000298699
168,alpha,553.533,0.000298699
168,alpha,574.09,0.000294589
168,alpha,595.503,0.000290068
168,alpha,615.203,0.0002871919999999
168,alpha,634.904,0.000277329
168,alpha,655.46,0.000268699
168,alpha,676.017,0.000265822
168,rho,312.567,3.749939063490219e-05
168,rho,332.733,3.831711242240785e-05
168,rho,356.398,4.005672031596741e-05
168,rho,373.053,4.117971651883149e-05
168,rho,394.086,4.319449183840077e-05
168,rho,414.254,4.4062957153180464e-05
168,rho,434.427,4.42940415655286e-05
168,rho,456.359,4.408607365019464e-05
168,rho,473.047,4.181021507174633e-05
168,rho,491.475,4.1045679736979286e-05
168,rho,513.393,4.2228124775663085e-05
168,rho,532.67,4.457122481725798e-05
168,rho,555.447,4.848061744914383e-05
168,rho,573.856,5.013637092892668e-05
168,rho,594.905,5.072460092420223e-05
168,rho,612.448,5.073721168579459e-05
168,rho,633.505,5.01786359439605e-05
168,rho,654.565,4.908336810071907e-05
168,rho,675.618,4.9097586362654416e-05
168,kappa,322.929,0.86826
168,kappa,373.887,0.863154
168,kappa,472.002,0.719712
168,kappa,574.798,0.71523
168,kappa,675.987,0.757312
168,ZT,312.645,0.855262
168,ZT,334.063,0.895805
168,ZT,356.294,0.914118
168,ZT,372.766,0.939891
168,ZT,391.725,1.00268
168,ZT,410.675,1.04695
168,ZT,435.406,1.13191
168,ZT,452.737,1.23545
168,ZT,474.216,1.40933
168,ZT,495.628,1.43876
168,ZT,512.924,1.46452
168,ZT,535.144,1.46062
168,ZT,552.413,1.42712
168,ZT,573.805,1.41211
168,ZT,595.186,1.37117
168,ZT,613.277,1.33767
168,ZT,633.835,1.29674
168,ZT,651.107,1.27065
168,ZT,673.321,1.25193
169,alpha,326.271,0.0002773929999999
169,alpha,373.559,0.000242818
169,alpha,420.15,0.000208247
169,alpha,466.743,0.0001761249999999
169,alpha,514.033,0.000146448
169,alpha,562.022,0.000124113
169,alpha,611.397,9.19737e-05
169,alpha,658.704,9.65821e-05
169,rho,326.322,0.0002008536279186
169,rho,372.508,0.0001102731576387
169,rho,417.393,9.37752020855605e-05
169,rho,467.437,6.165456182102914e-05
169,rho,514.911,4.7857194132708e-05
169,rho,561.761,3.6006063421080115e-05
169,rho,607.973,2.849709187177448e-05
169,rho,656.093,2.4690870303796467e-05
169,kappa,325.606,4.45638
169,kappa,371.28,4.03936
169,kappa,418.339,3.77128
169,kappa,465.398,3.1234
169,kappa,513.841,2.97447
169,kappa,561.592,2.54255
169,kappa,610.727,2.26702
169,kappa,657.785,1.94681
169,ZT,325.487,0.0287277755583
169,ZT,371.504,0.049103169696
169,ZT,418.938,0.0519118643939999
169,ZT,467.788,0.077896993336
169,ZT,512.389,0.079977261843
169,ZT,561.947,0.1043265844439999
169,ZT,610.796,0.093743748488
169,ZT,657.522,0.126072610758
171,alpha,349.061,-0.0003090719999999
171,alpha,381.12,-0.0003191009999999
171,alpha,429.975,-0.0003348729999999
171,alpha,478.785,-0.000344779
171,alpha,524.56,-0.0003561749999999
171,alpha,568.789,-0.000364649
171,alpha,617.564,-0.000370156
171,alpha,661.724,-0.000369833
171,alpha,714.869,-0.0003503799999999
171,alpha,761.82,-0.000317776
171,alpha,804.179,-0.000282273
171,alpha,847.979,-0.000236495
171,rho,344.051,5.3861317878725856e-05
171,rho,374.43,5.961145255226434e-05
171,rho,423.038,7.30188169491278e-05
171,rho,468.608,8.588556607176598e-05
171,rho,517.215,9.700261907071492e-05
171,rho,562.785,0.0001118041727553
171,rho,612.911,0.0001237403235067
171,rho,656.962,0.0001397573253802
171,rho,704.051,0.0001455445184295
171,rho,749.62,0.0001315050622873
171,rho,789.114,0.0001212551851748
171,rho,843.797,0.0001118041727553
171,kappa,322.951,8.30189
171,kappa,368.852,6.88302
171,kappa,424.59,5.97736
171,kappa,472.131,5.25283
171,kappa,527.869,4.86038
171,kappa,573.771,4.34717
171,kappa,627.869,4.01509
171,kappa,675.41,3.77358
171,kappa,721.311,3.65283
171,kappa,772.131,3.62264
171,kappa,826.229,3.68302
171,kappa,875.41,3.62264
171,ZT,345.652,0.075188
171,ZT,371.739,0.0952381
171,ZT,422.609,0.115288
171,ZT,468.261,0.12782
171,ZT,520.435,0.142857
171,ZT,563.478,0.157895
171,ZT,609.13,0.16792
171,ZT,654.783,0.175439
171,ZT,701.739,0.175439
171,ZT,743.478,0.162907
171,ZT,793.043,0.142857
171,ZT,834.783,0.12782
173,alpha,287.599,5.87759e-05
173,alpha,308.863,6.2264e-05
173,alpha,338.658,6.89654e-05
173,alpha,366.748,7.5108e-05
173,alpha,393.974,8.013209999999999e-05
173,alpha,421.17,8.31982e-05
173,alpha,452.577,8.40248e-05
173,alpha,478.871,8.345489999999999e-05
173,alpha,502.682,8.70818e-05
173,alpha,533.264,8.9587e-05
173,alpha,560.451,9.19538e-05
173,alpha,591.076,9.73961e-05
173,alpha,615.686,9.7666e-05
173,alpha,644.6,0.0001021299999999
173,alpha,673.498,0.0001054749999999
173,alpha,702.379,0.0001077009999999
173,alpha,731.213,0.0001067109999999
173,alpha,754.962,0.0001061419999999
173,alpha,783.763,0.000102914
173,alpha,808.503,0.000111995
173,alpha,838.22,0.0001133809999999
173,alpha,850.919,0.000111418
173,rho,286.441,1.0134659217016498e-05
173,rho,311.017,1.0711615461574222e-05
173,rho,338.983,1.1145749624109593e-05
173,rho,366.102,1.1847555138521612e-05
173,rho,392.373,1.2338215153795853e-05
173,rho,422.881,1.2666084026801434e-05
173,rho,450.0,1.2825116708562048e-05
173,rho,477.966,1.3477851846061366e-05
173,rho,507.627,1.3816429392519231e-05
173,rho,535.593,1.425722021274624e-05
173,rho,562.712,1.4727085023879969e-05
173,rho,587.288,1.519659839341562e-05
173,rho,615.254,1.5662639280019797e-05
173,rho,643.22,1.5942022054193308e-05
173,rho,674.576,1.6417907997327167e-05
173,rho,700.0,1.7208179391828522e-05
173,rho,727.966,1.767615168966334e-05
173,rho,757.627,1.8170255292086852e-05
173,rho,781.356,1.8840587901704884e-05
173,rho,810.169,1.929823884272321e-05
173,rho,837.288,1.9888742375153396e-05
173,rho,850.0,2.0112509377457497e-05
173,kappa,304.166,4.8564
173,kappa,374.34,4.43294
173,kappa,476.806,4.05391
173,kappa,576.009,3.78751
173,kappa,675.229,3.56614
173,kappa,770.33,3.38987
173,kappa,874.544,3.23594
173,ZT,287.857,0.0197386
173,ZT,310.896,0.022435
173,ZT,341.597,0.0314033
173,ZT,365.473,0.0388762
173,ZT,392.763,0.0466491
173,ZT,420.055,0.0538249
173,ZT,447.352,0.0595082
173,ZT,477.224,0.061312
173,ZT,505.367,0.0693837
173,ZT,532.658,0.076858
173,ZT,561.654,0.0849301
173,ZT,588.073,0.0977772
173,ZT,617.939,0.101074
173,ZT,645.204,0.116011
173,ZT,673.334,0.127664
173,ZT,700.628,0.134243
173,ZT,730.499,0.136345
173,ZT,755.257,0.135759
173,ZT,782.588,0.13189
173,ZT,811.521,0.158171
173,ZT,837.103,0.165943
173,ZT,849.069,0.161769
176,alpha,301.3774,-0.000139897
176,alpha,323.4291,-0.000141314
176,alpha,372.9865,-0.00015638
176,alpha,424.389,-0.000170095
176,alpha,472.135,-0.000179727
176,alpha,523.564,-0.000188011
176,alpha,573.135,-0.0002003629999999
176,alpha,624.565,-0.0002086469999999
176,alpha,676.014,-0.000212859
176,alpha,723.781,-0.000218419
176,rho,299.3843,4.41872e-06
176,rho,326.8017,4.63987e-06
176,rho,374.311,5.080599999999999e-06
176,rho,423.611,5.68315e-06
176,rho,472.911,6.28571e-06
176,rho,522.239,6.780639999999999e-06
176,rho,573.384,7.32977e-06
176,rho,626.3330000000001,7.98693e-06
176,rho,675.6469999999999,8.53567e-06
176,rho,724.947,9.13822e-06
176,kappa,302.3469,3.35435
176,kappa,326.8109,3.26496
176,kappa,371.9725,3.10863
176,kappa,424.646,2.97527
176,kappa,473.546,2.88698
176,kappa,526.212,2.77624
176,kappa,575.0830000000001,2.77845
176,kappa,623.962,2.75804
176,kappa,674.713,2.76034
176,kappa,723.577,2.78517
176,ZT,303.4705,0.406856
176,ZT,326.076,0.457436
176,ZT,376.947,0.580332
176,ZT,424.088,0.732373
176,ZT,474.98,0.877087
176,ZT,525.851,0.999983
176,ZT,574.85,1.13018
176,ZT,627.601,1.25305
176,ZT,676.5360000000001,1.31779
176,ZT,723.5840000000001,1.37529
178,alpha,296.903,-8.0298e-05
178,alpha,324.403,-9.04046e-05
178,alpha,349.135,-9.77495e-05
178,alpha,373.905,-0.000108781
178,alpha,401.386,-0.0001170439999999
178,alpha,426.1,-0.000122546
178,alpha,445.362,-0.0001308189999999
178,alpha,481.072,-0.000139994
178,alpha,522.242,-0.00014732
178,alpha,538.737,-0.0001528309999999
178,alpha,577.158,-0.0001592389999999
178,alpha,604.612,-0.0001647369999999
178,alpha,629.288,-0.000166552
178,alpha,643.061,-0.0001739089999999
178,alpha,673.216,-0.0001757179999999
178,alpha,703.344,-0.000174762
178,alpha,730.797,-0.0001802599999999
178,alpha,758.241,-0.0001848369999999
178,alpha,782.936,-0.000188495
178,alpha,807.593,-0.000188467
178,alpha,843.209,-0.0001884259999999
178,alpha,870.606,-0.0001883939999999
178,alpha,900.724,-0.000186516
178,alpha,925.381,-0.0001864879999999
178,rho,298.969,1.5134300000000002e-05
178,rho,323.711,1.4119400000000002e-05
178,rho,351.203,1.3522399999999998e-05
178,rho,378.694,1.3164199999999998e-05
178,rho,406.186,1.28657e-05
178,rho,428.179,1.23881e-05
178,rho,444.674,1.21493e-05
178,rho,474.914,1.23881e-05
178,rho,499.656,1.2507500000000002e-05
178,rho,527.148,1.2209e-05
178,rho,549.141,1.2507500000000002e-05
178,rho,573.883,1.2507500000000002e-05
178,rho,606.873,1.27463e-05
178,rho,626.117,1.28657e-05
178,rho,650.859,1.31045e-05
178,rho,672.852,1.3403e-05
178,rho,700.344,1.3641800000000002e-05
178,rho,727.835,1.3999999999999998e-05
178,rho,749.828,1.4477600000000002e-05
178,rho,774.57,1.48358e-05
178,rho,802.062,1.60896e-05
178,rho,821.306,1.66866e-05
178,rho,848.797,1.77015e-05
178,rho,873.539,1.87164e-05
178,rho,898.282,2.00299e-05
178,rho,928.522,2.21194e-05
178,kappa,300.136,2.96871
178,kappa,330.28,2.80423
178,kappa,363.174,2.63953
178,kappa,387.896,2.60512
178,kappa,420.884,2.60245
178,kappa,451.048,2.47038
178,kappa,481.193,2.3059
178,kappa,505.934,2.3039
178,kappa,530.618,2.20468
178,kappa,563.587,2.1696
178,kappa,599.268,2.06949
178,kappa,629.507,2.06704
178,kappa,651.442,1.96804
178,kappa,679.008,2.09543
178,kappa,703.598,1.83419
178,kappa,731.126,1.89677
178,kappa,758.616,1.89454
178,kappa,799.813,1.82639
178,kappa,824.536,1.79198
178,kappa,851.988,1.72494
178,kappa,884.938,1.65746
178,kappa,904.181,1.6559
178,kappa,928.96,1.71871
178,ZT,298.121,0.0513668
178,ZT,319.889,0.0738931
178,ZT,349.847,0.0965332
178,ZT,377.038,0.130247
178,ZT,398.768,0.163885
178,ZT,423.154,0.219783
178,ZT,447.539,0.275682
178,ZT,474.711,0.314951
178,ZT,499.116,0.365294
178,ZT,520.716,0.437822
178,ZT,545.102,0.493721
178,ZT,572.18,0.560769
178,ZT,596.454,0.650002
178,ZT,618.222,0.672528
178,ZT,647.882,0.78406
178,ZT,669.687,0.795475
178,ZT,696.691,0.884745
178,ZT,718.44,0.912827
178,ZT,748.342,0.952135
178,ZT,775.589,0.969181
178,ZT,794.663,0.980558
178,ZT,821.965,0.980937
178,ZT,841.152,0.95898
178,ZT,876.757,0.926138
178,ZT,895.999,0.887514
178,ZT,920.72,0.843409
179,alpha,297.049,2.90749e-05
179,alpha,320.656,5.81498e-05
179,alpha,346.885,0.000105727
179,alpha,370.492,0.000124229
179,alpha,396.721,0.000155947
179,alpha,420.328,0.0002035239999999
179,alpha,449.18,0.0002325989999999
179,alpha,470.164,0.000277533
179,alpha,493.77,0.000311894
179,alpha,525.246,0.000367401
179,alpha,546.229,0.000393833
179,alpha,572.459,0.0004176209999999
179,alpha,596.066,0.000428194
179,alpha,619.672,0.000401762
179,alpha,645.902,0.000367401
179,alpha,674.754,0.000348899
179,alpha,698.361,0.000311894
179,alpha,724.59,0.0002933919999999
179,alpha,753.443,0.000288106
179,alpha,777.049,0.000272247
179,alpha,795.41,0.0002643169999999
179,alpha,824.262,0.000253744
179,alpha,850.492,0.000245815
179,alpha,879.344,0.0002352419999999
179,alpha,897.705,0.000229956
179,alpha,929.18,0.0002246699999999
179,rho,300.377675199328,0.0005049542507953
179,rho,320.520352496852,0.0004207108765026
179,rho,349.39152328997,0.0003505221340921
179,rho,378.262694083088,0.0003118189027792
179,rho,403.441040704993,0.0002893224365087
179,rho,426.269408308854,0.0002760939629988
179,rho,447.754930759547,0.0002709735052292
179,rho,469.576164498531,0.0002709735052292
179,rho,491.061686949223,0.0002697082983302
179,rho,510.532941670163,0.0002709735052292
179,rho,531.682752832564,0.0002748048480853
179,rho,556.525388166177,0.0002813111796295
179,rho,581.703734788082,0.0002760939629988
179,rho,605.203524968527,0.0002610157215682
179,rho,630.04616030214,0.0002289581448677
179,rho,654.888795635753,0.000188983011025
179,rho,681.074276122534,0.0001626979623536
179,rho,703.566932438103,0.0001433851136985
179,rho,728.073856483424,0.0001275531114295
179,rho,750.902224087285,0.0001129394135939
179,rho,774.066302979437,0.0001009404044754
179,rho,796.894670583298,9.02162047015681e-05
179,rho,820.058749475451,8.06313748498339e-05
179,rho,845.237096097356,7.17283857134478e-05
179,rho,870.079731430969,6.47106272843744e-05
179,rho,890.558120016785,5.597156879584091e-05
179,rho,896.936634494335,5.39147154043507e-05
179,kappa,296.334,4.10688
179,kappa,320.044,3.73665
179,kappa,348.973,3.45941
179,kappa,377.894,3.2131
179,kappa,406.781,3.0905
179,kappa,427.781,3.02946
179,kappa,446.202,2.81367
179,kappa,472.449,2.75283
179,kappa,498.669,2.78477
179,kappa,522.318,2.63104
179,kappa,545.933,2.60102
179,kappa,574.786,2.60214
179,kappa,606.286,2.51057
179,kappa,629.884,2.54241
179,kappa,653.49,2.54332
179,kappa,677.071,2.63702
179,kappa,703.309,2.60711
179,kappa,734.767,2.67018
179,kappa,774.067,2.82634
179,kappa,829.106,2.98312
179,kappa,852.686,3.07681
179,kappa,873.635,3.20134
179,kappa,905.059,3.38813
179,kappa,926.008,3.51265
179,ZT,302.213,-0.00034979
179,ZT,344.075,0.00231966
179,ZT,372.9,0.00785186
179,ZT,401.726,0.0133841
179,ZT,422.725,0.0203522
179,ZT,448.988,0.0301187
179,ZT,470.175,0.0525789
179,ZT,491.26,0.0665889
179,ZT,525.639,0.0988616
179,ZT,549.475,0.124129
179,ZT,573.328,0.150805
179,ZT,602.358,0.173238
179,ZT,625.989,0.181605
179,ZT,644.408,0.191399
179,ZT,673.234,0.196932
179,ZT,702.025,0.199647
179,ZT,728.219,0.20378
179,ZT,751.798,0.207922
179,ZT,785.886,0.216253
179,ZT,817.377,0.226001
179,ZT,840.974,0.231552
179,ZT,867.185,0.237093
179,ZT,888.167,0.242653
179,ZT,909.167,0.249621
179,ZT,932.781,0.25658
183,alpha,312.996,-9.52381e-05
183,alpha,373.646,-0.0001088439999999
183,alpha,475.451,-0.000133333
183,alpha,570.758,-0.000171429
183,alpha,663.899,-0.000204082
183,alpha,761.372,-0.0002285709999999
183,alpha,856.679,-0.000253061
183,rho,313.938053097345,9.25370796208325e-06
183,rho,379.977876106194,8.94497121554448e-06
183,rho,476.216814159292,9.52680702901983e-06
183,rho,573.119469026548,1.10180633010982e-05
183,rho,666.703539823008,1.30553786902303e-05
183,rho,763.274336283185,1.53946004253619e-05
183,rho,859.181415929203,1.82411675124291e-05
183,kappa,312.319,6.319329999999999
183,kappa,378.316,5.4349300000000005
183,kappa,477.425,4.66833
183,kappa,569.957,4.10216
183,kappa,669.148,3.73554
183,kappa,761.769,3.60937
183,kappa,858.794,3.4429000000000003
183,ZT,314.685,0.0569395
183,ZT,377.622,0.106762
183,ZT,478.322,0.217082
183,ZT,572.727,0.384342
183,ZT,669.231,0.569395
183,ZT,763.636,0.758007
183,ZT,862.238,0.864769
184,alpha,318.843,-0.000159305
184,alpha,378.878,-0.000170818
184,alpha,473.58,-0.000199872
184,alpha,572.916,-0.0002348079999999
184,alpha,669.909,-0.000257947
184,alpha,762.251,-0.000269301
184,alpha,861.48,-0.0002688129999999
184,rho,322.864,1.86668e-05
184,rho,382.845,1.97131e-05
184,rho,477.388,2.43647e-05
184,rho,574.194,3.42927e-05
184,rho,668.746,4.1298e-05
184,rho,767.958,4.36868e-05
184,rho,864.853,4.7425e-05
184,kappa,302.362,10.1912
184,kappa,375.591,8.11765
184,kappa,474.803,6.44118
184,kappa,576.378,5.29412
184,kappa,670.866,4.58824
184,kappa,772.441,4.10294
184,kappa,876.378,4.05882
184,ZT,319.78,0.0436662
184,ZT,380.923,0.0710324
184,ZT,478.819,0.125831
184,ZT,576.735,0.183868
184,ZT,669.813,0.248396
184,ZT,770.238,0.317763
184,ZT,865.398,0.323984
185,alpha,327.342549923195,-9.03394255874673e-05
185,alpha,379.877112135176,-0.0001009138381201
185,alpha,476.036866359447,-0.0001228459530026
185,alpha,570.660522273425,-0.0001451697127937
185,alpha,664.976958525345,-0.0001659268929503
185,alpha,759.907834101382,-0.0001855091383812
185,alpha,853.917050691244,-0.000205091383812
185,rho,327.189409368635,6.741245718703671e-06
185,rho,379.735234215885,7.05383337925326e-06
185,rho,475.967413441955,8.30407644627403e-06
185,rho,570.977596741344,1e-05
185,rho,664.765784114053,1.2374272768847298e-05
185,rho,760.081466395112,1.4436064669133198e-05
185,rho,853.86965376782,1.77827941003892e-05
185,kappa,305.049973698053,6.582352941176469
185,kappa,380.168332456601,5.5235294117647005
185,kappa,475.802209363492,4.86470588235294
185,kappa,571.120462914255,4.323529411764699
185,kappa,664.860599684376,3.9705882352941098
185,kappa,759.547606522882,3.81176470588235
185,kappa,853.603366649132,3.7235294117647
185,ZT,327.013506753376,0.0621310655327663
185,ZT,380.140070035017,0.102651325662831
185,ZT,476.188094047023,0.185492746373186
185,ZT,571.035517758879,0.288144072036018
185,ZT,664.682341170585,0.382991495747873
185,ZT,759.829914957478,0.48144072036018
185,ZT,853.476738369184,0.559479739869935
187,alpha,298.54,-0.000125209
187,alpha,324.619,-0.0001346109999999
187,alpha,349.399,-0.000143042
187,alpha,374.199,-0.0001495299999999
187,alpha,396.378,-0.000156341
187,alpha,421.175,-0.0001631529999999
187,alpha,448.6,-0.000168996
187,alpha,474.727,-0.000173867
187,alpha,499.541,-0.000179061
187,alpha,526.973,-0.000184257
187,alpha,550.488,-0.0001884799999999
187,alpha,570.074,-0.0001930229999999
187,alpha,597.509,-0.000197895
187,alpha,623.649,-0.000201472
187,alpha,648.48,-0.000205048
187,alpha,673.308,-0.000208948
187,alpha,696.844,-0.000211228
187,alpha,724.297,-0.000214482
187,alpha,747.833,-0.000216763
187,alpha,772.681,-0.0002187209999999
187,alpha,798.842,-0.0002203559999999
187,rho,293.712,4.81871976253349e-06
187,rho,320.043,5.0716368708000506e-06
187,rho,348.936,5.272259479522545e-06
187,rho,375.241,5.532717726274323e-06
187,rho,401.512,5.75682039296056e-06
187,rho,427.792,6.016919577852922e-06
187,rho,447.535,6.302269447227947e-06
187,rho,476.42,6.594435615227871e-06
187,rho,496.13,6.848799063084288e-06
187,rho,526.314,7.1706176770066976e-06
187,rho,547.339,7.498725216713158e-06
187,rho,573.567,7.77085308425159e-06
187,rho,598.488,8.06373576750637e-06
187,rho,624.707,8.346200392271419e-06
187,rho,648.338,8.757104200782886e-06
187,rho,674.558,9.091239681442963e-06
187,rho,699.453,9.36838357909726e-06
187,rho,725.673,9.751816275781364e-06
187,rho,746.664,1.0169205408796972e-05
187,rho,778.112,1.062117969442866e-05
187,rho,799.077,1.0945481650447288e-05
187,kappa,294.579,3.17458
187,kappa,319.991,3.08261
187,kappa,348.975,3.01607
187,kappa,370.778,2.92397
187,kappa,397.944,2.86582
187,kappa,425.161,2.7739
187,kappa,450.535,2.70725
187,kappa,474.078,2.65741
187,kappa,501.217,2.61613
187,kappa,524.786,2.54941
187,kappa,548.342,2.49113
187,kappa,573.65,2.46666
187,kappa,600.777,2.43382
187,kappa,626.098,2.40092
187,kappa,649.602,2.3764
187,kappa,676.689,2.36887
187,kappa,700.167,2.36122
187,kappa,725.423,2.37052
187,kappa,752.485,2.37987
187,kappa,777.715,2.40604
187,kappa,802.919,2.44909
187,ZT,296.811,0.307302
187,ZT,322.946,0.385624
187,ZT,347.797,0.444468
187,ZT,372.614,0.527628
187,ZT,397.444,0.601061
187,ZT,423.594,0.669657
187,ZT,445.786,0.752765
187,ZT,471.935,0.821361
187,ZT,495.46,0.889906
187,ZT,520.263,0.982792
187,ZT,550.35,1.05146
187,ZT,572.555,1.12485
187,ZT,594.761,1.19823
187,ZT,620.918,1.26196
187,ZT,645.782,1.31108
187,ZT,670.647,1.3602
187,ZT,696.845,1.39475
187,ZT,720.418,1.42925
187,ZT,745.331,1.44433
187,ZT,768.939,1.45451
187,ZT,792.56,1.45497
188,alpha,319.281,-0.000156144
188,alpha,360.296,-0.0001620119999999
188,alpha,397.262,-0.0001775219999999
188,alpha,436.278,-0.000193005
188,alpha,481.424,-0.0002052139999999
188,alpha,522.422,-0.0002078859999999
188,alpha,557.373,-0.0002298139999999
188,alpha,598.354,-0.00022929
188,alpha,639.385,-0.000238355
188,alpha,674.219,-0.000237909
188,alpha,717.266,-0.000240555
188,alpha,772.623,-0.000246241
188,rho,318.367,9.230797633223486e-06
188,rho,361.224,9.782629962239048e-06
188,rho,400.0,1.0778440532110053e-05
188,rho,434.694,1.1392402179138688e-05
188,rho,481.633,1.2328768812160112e-05
188,rho,520.408,1.3235286332184513e-05
188,rho,557.143,1.4173219418444464e-05
188,rho,597.959,1.4999992500003749e-05
188,rho,638.776,1.607143431122654e-05
188,rho,679.592,1.714286693878111e-05
188,rho,718.367,1.78217857072843e-05
188,rho,777.551,1.935482622269276e-05
188,kappa,297.126,2.81449
188,kappa,374.568,2.69268
188,kappa,474.366,2.46861
188,kappa,572.149,2.27236
188,kappa,670.065,2.22425
188,kappa,772.229,2.36125
188,ZT,321.178,0.296618
188,ZT,358.852,0.369531
188,ZT,399.312,0.442423
188,ZT,438.429,0.568206
188,ZT,477.5,0.645176
188,ZT,515.181,0.726225
188,ZT,559.85,0.831624
188,ZT,598.932,0.920798
188,ZT,643.586,1.00993
188,ZT,679.84,1.05438
188,ZT,723.034,1.07436
188,ZT,774.57,1.07801
189,alpha,320.301,-0.000106474
189,alpha,340.78,-0.000113403
189,alpha,365.992,-0.0001203449999999
189,alpha,394.363,-0.000125921
189,alpha,414.847,-0.000131476
189,alpha,438.486,-0.000137039
189,alpha,454.234,-0.000143955
189,alpha,471.554,-0.00015225
189,alpha,507.807,-0.000159223
189,alpha,537.735,-0.000170302
189,alpha,575.565,-0.000177279
189,alpha,607.08,-0.000185613
189,alpha,638.596,-0.000193947
189,alpha,676.416,-0.000203673
189,alpha,709.513,-0.0002106369999999
189,alpha,755.224,-0.0002190099999999
189,alpha,800.95,-0.0002232589999999
189,alpha,821.45,-0.00022469
189,rho,296.221,1.75792958085685e-05
189,rho,325.059,1.6485790073246368e-05
189,rho,364.508,1.543946110104973e-05
189,rho,416.05,1.4969499644474385e-05
189,rho,485.719,1.5459415170324106e-05
189,rho,556.871,1.6624108947760402e-05
189,rho,618.918,1.831719893393902e-05
189,rho,687.049,1.970311348599305e-05
189,rho,743.063,2.115663313340315e-05
189,rho,809.701,2.214765843881156e-05
189,kappa,297.908,3.12756
189,kappa,370.484,2.88344
189,kappa,447.481,2.68625
189,kappa,522.955,2.60607
189,kappa,598.424,2.53761
189,kappa,673.907,2.43402
189,kappa,744.939,2.36545
189,kappa,805.611,2.30834
189,ZT,308.955,0.0678967
189,ZT,362.687,0.118081
189,ZT,408.955,0.171218
189,ZT,462.687,0.245018
189,ZT,513.433,0.312915
189,ZT,558.209,0.40738
189,ZT,611.94,0.487085
189,ZT,661.194,0.578598
189,ZT,708.955,0.664207
189,ZT,761.194,0.749816
189,ZT,817.91,0.817712
194,alpha,327.4136,0.00011087
194,alpha,474.7,0.000136957
194,alpha,571.5999999999999,0.000153261
194,alpha,672.375,0.000169565
194,alpha,765.3979999999999,0.0001847829999999
194,alpha,877.8009999999999,0.000195652
194,alpha,916.561,0.000204348
194,alpha,970.824,0.000213043
194,alpha,1021.212,0.0002206519999999
194,alpha,1071.6,0.000247826
194,alpha,1118.111,0.000259783
194,alpha,1176.251,0.0002576089999999
194,rho,318.2358,1.132735022694346e-05
194,rho,459.932,1.3675045366963006e-05
194,rho,565.012,1.5003818471801076e-05
194,rho,670.045,1.6266007784911326e-05
194,rho,771.044,1.77606328468696e-05
194,rho,872.028,1.939277347689157e-05
194,rho,920.528,2.0600250087036057e-05
194,rho,977.06,2.155460427902004e-05
194,rho,1025.5929999999998,2.3528415267118092e-05
194,rho,1074.223,2.777692903827938e-05
194,rho,1122.837,3.3405600783027286e-05
194,rho,1167.256,3.544176386570407e-05
194,kappa,322.3072,2.2486
194,kappa,469.779,2.35179
194,kappa,573.363,2.34901
194,kappa,673.026,2.45348
194,kappa,772.626,2.45082
194,kappa,868.242,2.44825
194,kappa,927.986,2.41987
194,kappa,975.778,2.3918
194,kappa,1023.587,2.39052
194,kappa,1075.331,2.30878
194,kappa,1127.123,2.3074
194,kappa,1163.027,2.38679
194,ZT,321.15,0.157205
194,ZT,465.15,0.272489
194,ZT,565.15,0.382533
194,ZT,673.15,0.482096
194,ZT,765.15,0.60262
194,ZT,869.15,0.686463
194,ZT,913.15,0.754585
194,ZT,965.15,0.817467
194,ZT,1021.15,0.869869
194,ZT,1065.15,0.990393
194,ZT,1125.15,0.958952
194,ZT,1173.15,0.922271
196,alpha,312.3691,-0.0001089059999999
196,alpha,473.219,-0.000150506
196,alpha,574.347,-0.000171823
196,alpha,670.8430000000001,-0.00019972
196,alpha,774.963,-0.000237242
196,alpha,873.021,-0.000259063
196,alpha,922.082,-0.000263139
196,alpha,975.796,-0.0002560779999999
196,alpha,1021.834,-0.000250531
196,alpha,1070.937,-0.000245493
196,alpha,1120.024,-0.000243999
196,alpha,1172.185,-0.000240987
196,rho,311.40250000000003,1.212870986913122e-05
196,rho,472.693,1.349119834220155e-05
196,rho,571.0029999999999,1.449703970449234e-05
196,rho,670.8489999999999,1.622515320600915e-05
196,rho,770.696,2.00490801482028e-05
196,rho,869.006,2.2854478677914115e-05
196,rho,919.697,2.4209499323344494e-05
196,rho,970.389,2.298311660254377e-05
196,rho,1022.616,2.0976013928073244e-05
196,rho,1071.771,1.9382925193538503e-05
196,rho,1123.998,1.8759579110083087e-05
196,rho,1171.617,1.7779389775784118e-05
196,kappa,314.2844,2.31667
196,kappa,473.306,2.45833
196,kappa,572.694,2.48333
196,kappa,672.0830000000001,2.525
196,kappa,771.471,2.51667
196,kappa,870.859,2.425
196,kappa,921.318,2.40833
196,kappa,970.248,2.425
196,kappa,1028.352,2.53333
196,kappa,1074.223,2.64167
196,kappa,1120.095,2.75
196,kappa,1172.083,2.91667
196,ZT,316.0134,0.149332
196,ZT,475.098,0.328235
196,ZT,577.662,0.488379
196,ZT,674.134,0.656728
196,ZT,775.25,0.863184
196,ZT,874.845,1.07237
196,ZT,926.804,1.10205
196,ZT,974.183,1.13175
196,ZT,1026.222,1.20774
196,ZT,1076.696,1.26194
196,ZT,1125.611,1.29708
196,ZT,1174.508,1.32133
197,alpha,300.692340977931,-0.0002504780114722
197,alpha,323.885763738641,-0.0002592734225621
197,alpha,371.311120726958,-0.0002776290630975
197,alpha,418.909562959757,-0.0002982791586998
197,alpha,468.065772392903,-0.0003120458891013
197,alpha,516.183470359151,-0.0003304015296367
197,alpha,564.128083080917,-0.0003483747609942
197,alpha,613.284292514063,-0.0003537284894837
197,alpha,661.228905235828,-0.0003369024856596
197,rho,300.853242320819,5.3209109730849e-05
197,rho,324.232081911262,5.61135371179041e-05
197,rho,371.501706484641,6.377171215880924e-05
197,rho,419.112627986348,7.301136363636368e-05
197,rho,468.088737201365,8.65319865319868e-05
197,rho,516.040955631399,0.0001032128514056
197,rho,564.163822525597,0.0001311224489795
197,rho,613.310580204778,0.0001374331550802
197,rho,660.921501706484,0.000122966507177
197,kappa,301.5260703688,1.0795156407669
197,kappa,320.178041543026,1.03979818365287
197,kappa,369.181856718948,0.925973763874874
197,kappa,423.950826621449,0.811180625630676
197,kappa,474.480712166172,0.757901109989909
197,kappa,524.501907587961,0.729808274470232
197,kappa,574.353539635438,0.689606458123107
197,kappa,623.866044934294,0.661997981836528
197,kappa,673.208986858838,0.643107971745711
197,ZT,300.798084596967,0.324797570850202
197,ZT,324.261771747805,0.370141700404858
197,ZT,371.348762968874,0.487044534412955
197,ZT,418.914604948124,0.635829959514169
197,ZT,467.757382282522,0.69746963562753
197,ZT,515.961691939345,0.748481781376518
197,ZT,564.325618515562,0.757692307692307
197,ZT,613.328012769353,0.852631578947368
197,ZT,661.21308858739,0.960323886639676
200,alpha,299.614749587231,7.09106984969054e-05
200,alpha,350.467804072647,8.15207780725022e-05
200,alpha,400.990643918547,9.142351900972588e-05
200,alpha,450.192625206384,0.0001013262599469
200,alpha,500.385250412768,0.0001112290008841
200,alpha,550.577875619152,0.0001216622458001
200,alpha,600.440286186021,0.0001312113174182
200,alpha,650.632911392405,0.0001405835543766
200,alpha,700.165107319757,0.0001501326259946
200,alpha,750.027517886626,0.0001586206896551
200,alpha,800.22014309301,0.0001671087533156
200,alpha,850.412768299394,0.0001747126436781
200,alpha,900.275178866263,0.000182139699381
200,alpha,949.807374793616,0.0001885057471264
200,alpha,1000.0,0.0001948717948717
200,alpha,1049.86241056686,0.0002005305039787
200,alpha,1099.72482113373,0.0002044208664898
200,rho,10.0391197284854,1.0639418702511651e-06
200,rho,20.0756965765033,1.0839101184988782e-06
200,rho,30.0724433580973,1.1008363092978352e-06
200,rho,40.0680120467691,1.1180268171559982e-06
200,rho,49.9575466007781,1.1425454518999413e-06
200,rho,60.137269451843,1.1639889460002784e-06
200,rho,70.3022224796811,1.1785077316307706e-06
200,rho,90.2588122640638,1.2269562333786807e-06
200,rho,107.175988790417,1.246116212563027e-06
200,rho,129.267074023674,1.30541010965724e-06
200,rho,154.69884484881,1.3675253858469016e-06
200,rho,186.585328058444,1.4504654968550958e-06
200,rho,223.293788726828,1.5770540133666702e-06
200,rho,259.006536771027,1.741466837289314e-06
200,rho,301.606322195814,2.090850662738249e-06
200,rho,350.52769737988,2.3963066650442475e-06
200,rho,401.855133858607,2.754911624701805e-06
200,rho,451.791996661938,3.1573814455189758e-06
200,rho,503.983453401833,3.574068347197291e-06
200,rho,606.678886349162,4.551375473732034e-06
200,rho,709.225317853815,5.5498333986809374e-06
200,rho,858.756987868676,6.873005675848506e-06
200,rho,967.357745144972,7.780052065302431e-06
200,rho,1102.53108670773,9.254492855749905e-06
200,kappa,300.388672959467,7.4863387978142
200,kappa,350.360910605219,7.01639344262295
200,kappa,400.0,6.63387978142076
200,kappa,449.972237645752,6.29508196721311
200,kappa,499.944475291504,5.9672131147541
200,kappa,550.249861188228,5.73770491803278
200,kappa,600.222098833981,5.53005464480874
200,kappa,649.52803997779,5.33333333333333
200,kappa,700.166574125485,5.16939890710382
200,kappa,750.138811771238,5.02732240437158
200,kappa,799.777901166018,4.91803278688524
200,kappa,849.416990560799,4.81967213114754
200,kappa,899.722376457523,4.7103825136612
200,kappa,949.694614103276,4.63387978142076
200,kappa,999.666851749028,4.60109289617485
200,kappa,1049.63908939478,4.51366120218579
200,kappa,1099.61132704053,4.51366120218579
200,ZT,300.358680057388,0.0944567627494457
200,ZT,350.215208034433,0.137694013303769
200,ZT,400.071736011477,0.180266075388026
200,ZT,449.569583931133,0.235476718403547
200,ZT,499.426111908177,0.291352549889135
200,ZT,550.0,0.352549889135255
200,ZT,599.856527977044,0.414412416851441
200,ZT,650.430416068866,0.47760532150776
200,ZT,700.286944045911,0.544124168514412
200,ZT,750.143472022955,0.614634146341463
200,ZT,800.0,0.68980044345898
200,ZT,849.856527977044,0.766962305986696
200,ZT,900.071736011477,0.851441241685144
200,ZT,949.928263988522,0.930598669623059
200,ZT,999.784791965566,1.00044345898004
200,ZT,1050.0,1.05565410199556
200,ZT,1100.21520803443,1.09423503325942
201,alpha,299.0121,0.000259024
201,alpha,317.1155,0.000270732
201,alpha,337.8052,0.000277317
201,alpha,360.219,0.0002817069999999
201,alpha,386.943,0.0002787799999999
201,alpha,404.184,0.0002758539999999
201,alpha,423.15,0.0002692679999999
201,alpha,442.978,0.000262683
201,alpha,458.495,0.000259024
201,alpha,474.874,0.000250976
201,alpha,492.116,0.000243659
201,alpha,510.219,0.000236341
201,alpha,517.116,0.0002334149999999
201,rho,297.84709999999995,3.889e-05
201,rho,312.6097,4.35553e-05
201,rho,329.0784,4.62484e-05
201,rho,352.44949999999994,4.74569e-05
201,rho,375.785,4.57098e-05
201,rho,396.519,4.34726e-05
201,rho,418.971,4.02485e-05
201,rho,434.503,3.70313e-05
201,rho,454.357,3.35634e-05
201,rho,467.293,3.03487e-05
201,rho,482.831,2.7624099999999995e-05
201,rho,500.964,2.48969e-05
201,rho,515.643,2.26657e-05
201,kappa,298.8255,0.835969
201,kappa,317.7433,0.777598
201,kappa,332.3538,0.758469
201,kappa,350.4008,0.739475
201,kappa,366.7207,0.74997
201,kappa,383.043,0.750614
201,kappa,404.506,0.800723
201,kappa,426.831,0.841013
201,kappa,447.437,0.881236
201,kappa,467.182,0.931278
201,kappa,489.498,1.00113
201,kappa,501.51,1.05086
201,kappa,515.2439999999999,1.09081
201,ZT,298.99159999999995,0.608379
201,ZT,316.0854,0.657304
201,ZT,331.4697,0.701337
201,ZT,349.4197,0.755171
201,ZT,363.1034,0.809089
201,ZT,374.23,0.867984
201,ZT,389.6,0.887385
201,ZT,407.55,0.94122
201,ZT,420.357,0.955746
201,ZT,434.88,0.985017
201,ZT,453.674,1.02406
201,ZT,471.612,1.05819
201,ZT,489.551,1.09231
201,ZT,500.657,1.11673
201,ZT,510.914,1.14608
202,alpha,322.66264375018,-0.0003980910425844
202,alpha,368.617716898498,-0.0003992657856093
202,alpha,415.602618108907,-0.000376945668135
202,alpha,462.636520498558,-0.0003725403817914
202,alpha,510.154811594482,-0.000345227606461
202,alpha,557.164615043522,-0.0003320117474302
202,alpha,605.83322890459,-0.0003252569750367
202,alpha,652.826966393224,-0.000306167400881
202,alpha,702.578425985727,-0.0002953010279001
202,rho,323.156722751498,0.0089228551185533
202,rho,369.25346780487,0.0053022996605588
202,rho,416.441399519468,0.001690121728342
202,rho,463.259967110711,0.000597666226594
202,rho,511.218389312859,0.000277866590536
202,rho,558.063596202875,0.0001605060667555
202,rho,607.162897604341,9.99775900923076e-05
202,rho,654.019887261121,7.17496717166678e-05
202,rho,703.130971429352,5.55256005150293e-05
202,kappa,318.789521228545,1.14530878851436
202,kappa,369.73803071364,1.01076891878285
202,kappa,423.93857271906,0.876218838588176
202,kappa,474.164408310749,0.835872760611436
202,kappa,524.390243902439,0.799294343545214
202,kappa,573.893405600722,0.776532952142708
202,kappa,623.035230352303,0.753772695236109
202,kappa,673.261065943992,0.742312017573341
202,kappa,709.756097560975,0.735917998635768
202,ZT,324.386382257828,0.0081795908027597
202,ZT,369.413119802407,0.0119240344995468
202,ZT,419.683661796778,0.0409296194996062
202,ZT,469.554427032825,0.135340265435935
202,ZT,514.905735806935,0.274102382431988
202,ZT,565.097905723932,0.511969553635395
202,ZT,614.872882865409,0.861655471598038
202,ZT,664.654984741194,1.1923539726331
202,ZT,704.69836645675,1.47674170067407
203,alpha,384.247,-0.000213723
203,alpha,478.767,-0.0002271279999999
203,alpha,579.452,-0.00023383
203,alpha,682.192,-0.00023383
203,alpha,778.767,-0.0002256379999999
203,alpha,879.452,-0.000209255
203,rho,383.045,6.127826459954654e-05
203,rho,480.623,3.862554848278845e-05
203,rho,580.277,2.8200710093880165e-05
203,rho,679.931,2.239009820297072e-05
203,rho,779.585,1.85649308456326e-05
203,rho,883.391,1.549429112843373e-05
203,kappa,384.391,3.48244
203,kappa,477.622,3.2874
203,kappa,579.064,3.19089
203,kappa,680.421,3.22552
203,kappa,779.602,3.42406
203,kappa,876.628,3.75371
203,ZT,373.15,0.0721707
203,ZT,473.15,0.199166
203,ZT,573.15,0.355666
203,ZT,673.15,0.520558
203,ZT,773.15,0.626543
203,ZT,873.15,0.665115
205,alpha,4.87013,-2.5e-06
205,alpha,32.4675,-6.874999999999999e-06
205,alpha,63.3117,-1.09375e-05
205,alpha,87.6623,-1.625e-05
205,alpha,120.13,-2.125e-05
205,alpha,147.727,-2.59375e-05
205,alpha,178.571,-2.96875e-05
205,alpha,207.792,-3.5e-05
205,alpha,233.766,-4e-05
205,alpha,256.493,-4.375e-05
205,alpha,285.714,-4.71875e-05
205,rho,1.65563,5.943039999999999e-06
205,rho,24.8344,5.999999999999999e-06
205,rho,49.6689,6.1519e-06
205,rho,76.1589,6.39873e-06
205,rho,105.96,6.64557e-06
205,rho,135.762,6.911390000000001e-06
205,rho,160.596,7.234179999999999e-06
205,rho,190.397,7.594940000000001e-06
205,rho,208.609,7.78481e-06
205,rho,236.755,8.05063e-06
205,rho,261.589,8.278479999999999e-06
205,rho,288.079,8.58228e-06
205,kappa,7.2397,6.05258
205,kappa,8.37617,6.540170000000001
205,kappa,16.8863,6.0803400000000005
205,kappa,22.1592,5.44869
205,kappa,25.2624,4.616429999999999
205,kappa,34.7942,3.78355
205,kappa,52.8896,2.89248
205,kappa,84.9747,2.45908
205,kappa,123.553,2.51277
205,kappa,156.813,2.85385
205,kappa,184.735,3.33889
205,kappa,218.029,3.93816
205,kappa,247.041,4.56653
205,kappa,267.483,5.19572
205,kappa,290.066,5.8247100000000005
205,ZT,11.828,-1.7347200000000002e-18
205,ZT,50.5376,0.000267857
205,ZT,92.4731,0.00171429
205,ZT,126.882,0.00348214
205,ZT,158.065,0.00546429
205,ZT,189.247,0.00760714
205,ZT,218.28,0.00958929
205,ZT,251.613,0.0114107
205,ZT,284.946,0.01275
206,alpha,387.588,0.0001872829999999
206,alpha,482.93,0.000201225
206,alpha,582.318,0.000207561
206,alpha,683.667,0.0002051229999999
206,alpha,780.679,0.000186315
206,alpha,881.494,0.000140018
206,rho,384.828,4.394290937214372e-05
206,rho,480.0,3.68526373589926e-05
206,rho,581.379,3.309482992566901e-05
206,rho,684.828,2.974278440050444e-05
206,rho,780.0,2.688952706699795e-05
206,rho,879.31,2.161213564640817e-05
206,kappa,372.165,2.46798
206,kappa,469.072,2.36946
206,kappa,572.165,2.38177
206,kappa,671.134,2.54187
206,kappa,774.227,2.96059
206,kappa,873.196,3.6133
206,ZT,373.15,0.129412
206,ZT,473.15,0.217647
206,ZT,573.15,0.323529
206,ZT,673.15,0.384314
206,ZT,773.15,0.345098
206,ZT,873.15,0.266667
207,alpha,303.401455767077,-0.0001256842105263
207,alpha,328.649916013437,-0.0001288421052631
207,alpha,354.535274356103,-0.0001370526315789
207,alpha,405.690089585666,-0.0001446315789473
207,alpha,431.589445688689,-0.0001503157894736
207,alpha,456.825657894736,-0.0001556842105263
207,alpha,482.065369540873,-0.0001604210526315
207,alpha,507.989221724524,-0.0001616842105263
207,alpha,532.55704087346,-0.0001676842105263
207,alpha,557.803751399776,-0.0001711578947368
207,alpha,581.725923852183,-0.0001736842105263
207,alpha,607.644526875699,-0.0001758947368421
207,alpha,632.235092385218,-0.0001777894736842
207,alpha,656.815159574468,-0.0001815789473684
207,alpha,682.079367301231,-0.0001818947368421
207,alpha,706.664683650616,-0.0001847368421052
207,alpha,731.253499440089,-0.000186947368421
207,alpha,756.508958566629,-0.0001888421052631
207,alpha,781.106522956326,-0.0001894736842105
207,alpha,805.030445128779,-0.0001916842105263
207,rho,300.24937115101,4.845115170770472e-06
207,rho,324.011189175123,5.113160100586764e-06
207,rho,348.44739352936,5.327510917030593e-06
207,rho,399.306097666753,5.798479087452492e-06
207,rho,424.412351461531,6.003937007874028e-06
207,rho,450.177812472894,6.243602865916089e-06
207,rho,475.284066267672,6.482465462274186e-06
207,rho,503.057507155867,6.524064171123002e-06
207,rho,525.5291005291,6.673960612691488e-06
207,rho,552.628155087171,6.853932584269678e-06
207,rho,577.723566657992,7.270560190703237e-06
207,rho,600.216844479139,7.193396226415143e-06
207,rho,624.650880388585,7.65370138017566e-06
207,rho,649.770144852112,7.830551989730477e-06
207,rho,675.550784977014,8.015768725361414e-06
207,rho,700.674386330123,8.144192256341832e-06
207,rho,723.805186919941,8.413793103448308e-06
207,rho,750.251539595801,8.555399719495117e-06
207,rho,774.718102177118,8.62800565770865e-06
207,rho,800.505247636395,8.739255014326703e-06
207,kappa,299.206642824844,2.54901960784313
207,kappa,350.145928392321,2.56209150326797
207,kappa,399.202532165906,2.56209150326797
207,kappa,448.888066757101,2.56209150326797
207,kappa,499.214864142722,2.52287581699346
207,kappa,548.908620051794,2.49673202614379
207,kappa,599.231306778476,2.47058823529411
207,kappa,648.92095202861,2.45751633986928
207,kappa,699.852016278209,2.49673202614379
207,kappa,748.267357257368,2.53594771241829
207,kappa,799.84790561927,2.50980392156862
207,ZT,299.179004658456,0.383703703703703
207,ZT,349.57028427348,0.469629629629629
207,ZT,399.955414110665,0.567407407407407
207,ZT,449.087526713097,0.679999999999999
207,ZT,499.460356994603,0.801481481481481
207,ZT,549.213597158802,0.917037037037036
207,ZT,598.968374767461,1.02962962962962
207,ZT,649.356579493565,1.12148148148148
207,ZT,699.129806435742,1.19851851851851
207,ZT,748.907645711298,1.26666666666666
207,ZT,799.300462770782,1.34962962962962
209,alpha,368.567,8.02077e-05
209,alpha,450.899,9.58112e-05
209,alpha,531.866,0.0001054459999999
209,alpha,594.644,0.000122185
209,alpha,674.292,0.000130328
209,alpha,742.292,0.000147436
209,rho,370.026,1.4868499999999998e-05
209,rho,453.583,1.5228699999999995e-05
209,rho,534.573,1.57795e-05
209,rho,597.306,1.6348199999999997e-05
209,rho,675.649,1.67259e-05
209,rho,744.828,1.69483e-05
209,kappa,371.552,2.83933
209,kappa,450.398,2.6716
209,kappa,532.216,2.47116
209,kappa,594.707,2.40205
209,kappa,673.571,2.3644
209,kappa,743.524,2.45741
209,ZT,368.367,0.0582353
209,ZT,452.332,0.100588
209,ZT,531.05,0.146471
209,ZT,591.399,0.224118
209,ZT,670.117,0.289412
209,ZT,742.274,0.388235
212,alpha,300.0,-0.000127684729064
212,alpha,325.364138623807,-0.0001322824302134
212,alpha,350.226017076845,-0.0001367487684729
212,alpha,374.8367654445,-0.0001412807881773
212,alpha,399.949773982923,-0.0001458128078817
212,alpha,425.062782521346,-0.0001503448275862
212,alpha,449.924660974384,-0.0001542200328407
212,alpha,475.288799598191,-0.0001583579638752
212,alpha,500.15067805123,-0.0001624302134646
212,alpha,525.012556504269,-0.0001665024630541
212,alpha,550.376695128076,-0.0001704433497536
212,alpha,574.987443495731,-0.0001744499178981
212,alpha,600.100452034153,-0.0001781937602627
212,alpha,625.213460572576,-0.0001818719211822
212,alpha,650.075339025615,-0.0001854844006568
212,alpha,674.937217478654,-0.0001893596059113
212,alpha,700.301356102461,-0.0001925123152709
212,alpha,725.163234555499,-0.0001956650246305
212,alpha,750.276243093922,-0.0001978325123152
212,alpha,775.138121546961,-0.0001999999999999
212,alpha,800.251130085384,-0.0002020361247947
212,rho,300.487927399696,6.23124448367168e-06
212,rho,325.656334409381,6.377021045975978e-06
212,rho,350.826113929332,6.5213375207833e-06
212,rho,375.994520939016,6.68117724992906e-06
212,rho,400.681176845202,6.8304953560371904e-06
212,rho,425.367832751389,6.986640277090592e-06
212,rho,450.054488657575,7.150091148470778e-06
212,rho,475.711509322089,7.31075903489697e-06
212,rho,500.402969014208,7.451187335092377e-06
212,rho,525.57961108549,7.591397849462367e-06
212,rho,550.756253156773,7.736986301369897e-06
212,rho,574.963902979994,7.888268156424586e-06
212,rho,599.656048927246,8.045584045584082e-06
212,rho,625.317187122559,8.209302325581401e-06
212,rho,650.009333069811,8.379821958457016e-06
212,rho,675.671157520258,8.550320939808659e-06
212,rho,700.364675977776,8.720355731225358e-06
212,rho,724.571639545863,8.920899671468305e-06
212,rho,750.236895271976,9.073383883819572e-06
212,rho,774.931786239761,9.248100602567537e-06
212,rho,800.112545841842,9.412078389548126e-06
212,kappa,300.0,4.91035369774919
212,kappa,324.964336661911,4.7749196141479
212,kappa,349.690917736566,4.63485530546623
212,kappa,374.655254398478,4.49710610932475
212,kappa,399.619591060389,4.40450160771704
212,kappa,425.059438896814,4.30842443729903
212,kappa,449.786019971469,4.21350482315112
212,kappa,474.988112220637,4.11974276527331
212,kappa,499.952448882548,4.056077170418
212,kappa,525.154541131716,3.9912540192926
212,kappa,550.59438896814,3.9252733118971
212,kappa,574.845458868283,3.86276527331189
212,kappa,599.572039942938,3.81183279742765
212,kappa,624.774132192106,3.7620578778135
212,kappa,649.738468854018,3.71112540192925
212,kappa,674.702805515929,3.66135048231511
212,kappa,699.667142177841,3.63704180064308
212,kappa,724.631478839752,3.61620578778135
212,kappa,749.595815501664,3.62315112540192
212,kappa,774.797907750832,3.6300964630225
212,kappa,799.762244412743,3.63819935691318
212,ZT,300.0,0.159446254071661
212,ZT,325.226082817705,0.187785016286644
212,ZT,350.214183722037,0.216612377850162
212,ZT,374.964302712993,0.250325732899022
212,ZT,399.952403617325,0.284527687296417
212,ZT,424.940504521656,0.317752442996742
212,ZT,450.166587339362,0.355374592833876
212,ZT,474.916706330318,0.394462540716612
212,ZT,499.90480723465,0.435993485342019
212,ZT,524.892908138981,0.478501628664495
212,ZT,550.118990956687,0.52442996742671
212,ZT,574.869109947643,0.574755700325733
212,ZT,599.857210851975,0.621172638436482
212,ZT,624.845311756306,0.670032573289902
212,ZT,649.833412660637,0.719381107491856
212,ZT,675.059495478343,0.77214983713355
212,ZT,699.8096144693,0.816123778501628
212,ZT,725.035697287006,0.85814332247557
212,ZT,749.785816277962,0.891368078175895
212,ZT,774.773917182294,0.92214983713355
212,ZT,800.0,0.950977198697068
213,alpha,297.836,-0.000108199
213,alpha,346.898,-0.000116046
213,alpha,400.289,-0.000125101
213,alpha,448.629,-0.000132042
213,alpha,498.413,-0.0001386819999999
213,alpha,548.918,-0.000146831
213,alpha,598.701,-0.0001549799999999
213,alpha,650.649,-0.00016162
213,alpha,699.711,-0.0001700699999999
213,alpha,748.773,-0.000176107
213,alpha,800.0,-0.000183954
213,rho,298.675,3.88356e-06
213,rho,349.381,4.218049999999999e-06
213,rho,399.391,4.524479999999999e-06
213,rho,448.704,4.7466e-06
213,rho,500.104,5.05295e-06
213,rho,549.42,5.35941e-06
213,rho,600.122,5.58146e-06
213,rho,649.438,5.88792e-06
213,rho,701.53,6.138e-06
213,rho,749.455,6.38832e-06
213,rho,800.85,6.5541e-06
213,kappa,299.775,4.50002
213,kappa,350.282,4.348
213,kappa,400.123,4.23101
213,kappa,448.584,4.12407
213,kappa,501.896,4.01193
213,kappa,550.361,3.90999
213,kappa,601.608,3.81794
213,kappa,651.483,3.74595
213,kappa,701.343,3.65395
213,kappa,750.556,3.62198
213,kappa,800.439,3.55999
213,ZT,299.504,0.201828
213,ZT,348.855,0.258164
213,ZT,399.63,0.329535
213,ZT,449.023,0.428039
213,ZT,499.828,0.52953
213,ZT,549.215,0.62201
213,ZT,600.721,0.720476
213,ZT,650.818,0.818968
213,ZT,700.921,0.923483
213,ZT,751.027,1.03101
213,ZT,800.465,1.17469
214,alpha,373.230593607305,3.74917007356312e-05
214,alpha,397.203196347031,4.07400392681146e-05
214,alpha,422.374429223744,4.44124637512674e-05
214,alpha,447.945205479452,4.78726434287264e-05
214,alpha,473.116438356164,5.14036251961791e-05
214,alpha,497.888127853881,5.54297372007259e-05
214,alpha,523.059360730593,5.88899976103285e-05
214,alpha,548.230593607306,6.36939638190824e-05
214,alpha,573.401826484018,6.786143780718579e-05
214,alpha,598.173515981735,7.18875498117326e-05
214,alpha,622.545662100456,7.61966279798234e-05
214,alpha,647.716894977169,8.03641019679267e-05
214,alpha,672.888127853881,8.23392138626778e-05
214,alpha,698.059360730593,8.28998986004275e-05
214,alpha,723.230593607306,8.2258320254726e-05
214,alpha,748.002283105022,7.970734597921629e-05
214,alpha,773.173515981735,7.47517648046605e-05
214,rho,371.787,6.395947527646483e-06
214,rho,397.717,6.732918585548464e-06
214,rho,421.422,7.13551775316817e-06
214,rho,448.838,7.494566439331485e-06
214,rho,473.286,7.926254131559965e-06
214,rho,499.216,8.450442380658629e-06
214,rho,523.664,9.048627323235065e-06
214,rho,549.6,9.48127921419158e-06
214,rho,574.049,1.0182874238448292e-05
214,rho,597.018,1.0798098238938156e-05
214,rho,623.695,1.1493050726877991e-05
214,rho,647.408,1.2117349257145903e-05
214,rho,673.343,1.299928633917998e-05
214,rho,699.279,1.3911088667888064e-05
214,rho,724.47,1.5343612530821483e-05
214,rho,748.187,1.6035663315213034e-05
214,rho,771.901,1.727766240138774e-05
214,kappa,373.116,3.74948
214,kappa,398.545,3.64046
214,kappa,423.202,3.53145
214,kappa,449.401,3.46436
214,kappa,472.517,3.39727
214,kappa,497.945,3.34696
214,kappa,523.373,3.28826
214,kappa,548.031,3.22956
214,kappa,573.459,3.21279
214,kappa,598.887,3.16247
214,kappa,622.774,3.13732
214,kappa,649.743,3.10377
214,kappa,673.63,3.05346
214,kappa,699.058,3.04507
214,kappa,722.945,3.05346
214,kappa,747.603,3.07862
214,kappa,772.26,3.087
214,ZT,374.717,0.0218577
214,ZT,399.435,0.0273913
214,ZT,424.152,0.0329249
214,ZT,450.323,0.0395652
214,ZT,474.313,0.0459289
214,ZT,499.031,0.0542292
214,ZT,524.475,0.0619763
214,ZT,548.465,0.0716601
214,ZT,573.91,0.0813439
214,ZT,599.354,0.0901976
214,ZT,624.798,0.100435
214,ZT,649.515,0.110119
214,ZT,672.779,0.113439
214,ZT,699.677,0.112055
214,ZT,722.94,0.106522
214,ZT,749.111,0.0954545
214,ZT,775.283,0.0794071
215,alpha,304.1746,-0.0001106419999999
215,alpha,372.3953,-0.000125609
215,alpha,472.802,-0.000148574
215,alpha,571.877,-0.000164431
215,alpha,619.479,-0.000171352
215,alpha,670.932,-0.00017724
215,alpha,721.085,-0.000181101
215,alpha,773.816,-0.0001859679999999
215,rho,307.7044,1.3359642923463942e-05
215,rho,369.401,1.3412556835709591e-05
215,rho,470.943,1.357388059600195e-05
215,rho,573.771,1.357388059600195e-05
215,rho,621.329,1.3465909702995896e-05
215,rho,674.028,1.349274562531455e-05
215,rho,720.3009999999999,1.351968872268685e-05
215,rho,774.2850000000001,1.3439180317514072e-05
215,kappa,304.1236,3.14092
215,kappa,372.3623,2.96983
215,kappa,471.509,2.74154
215,kappa,570.7149999999999,2.68307
215,kappa,623.553,2.6915
215,kappa,672.5319999999999,2.71888
215,kappa,722.819,2.80284
215,kappa,775.684,2.88675
215,ZT,305.29970000000003,0.09375
215,ZT,371.1912,0.1625
215,ZT,470.674,0.290625
215,ZT,571.45,0.44375
215,ZT,620.5450000000001,0.509375
215,ZT,673.517,0.584375
215,ZT,725.196,0.6375
215,ZT,775.5840000000001,0.684375
216,alpha,90.3147699757869,8.006606110652341e-05
216,alpha,104.11622276029,8.43270024772914e-05
216,alpha,110.653753026634,8.660611065235329e-05
216,alpha,118.64406779661,8.91824938067712e-05
216,alpha,124.09200968523,9.13625103220478e-05
216,alpha,128.813559322033,9.304706853839788e-05
216,alpha,141.888619854721,9.72089182493806e-05
216,alpha,154.963680387409,0.0001007762180016
216,alpha,169.854721549636,0.0001046407927332
216,alpha,178.20823244552,0.0001077126341866
216,alpha,193.462469733656,0.0001113790255986
216,alpha,199.273607748184,0.0001132617671345
216,alpha,209.079903147699,0.0001156399669694
216,alpha,219.612590799031,0.0001194054500412
216,alpha,230.145278450363,0.000122279108175
216,alpha,241.40435835351,0.0001252518579686
216,alpha,257.021791767554,0.0001289182493806
216,alpha,266.82808716707,0.0001322873658133
216,alpha,282.082324455205,0.0001355573905862
216,alpha,303.147699757869,0.0001418001651527
216,alpha,319.12832929782,0.000146754748142
216,alpha,329.297820823244,0.0001497274979355
216,alpha,341.283292978208,0.000154582989265
216,alpha,361.622276029055,0.0001603303055326
216,alpha,383.777239709443,0.0001714285714285
216,alpha,405.569007263922,0.0001770767960363
216,alpha,428.450363196125,0.0001862923203963
216,alpha,449.878934624697,0.0001948142031379
216,alpha,472.033898305084,0.0002055161023947
216,alpha,493.825665859564,0.0002148307184145
216,alpha,515.980629539951,0.0002238480594549
216,alpha,539.225181598063,0.0002317753922378
216,alpha,561.38014527845,0.0002393063583815
216,alpha,584.624697336562,0.0002453509496284
216,alpha,607.506053268765,0.0002494137076796
216,alpha,630.750605326876,0.0002483236994219
216,alpha,653.995157384988,0.0002412881915772
216,alpha,677.966101694915,0.0002265235342691
216,alpha,702.30024213075,0.0002031379025598
216,alpha,726.634382566586,0.000169843104872
216,alpha,751.331719128329,0.0001312964492155
216,alpha,775.665859564164,8.72006606110651e-05
216,rho,83.8709677419354,5.54088369730829e-05
216,rho,89.9193548387097,5.4090233019335854e-05
216,rho,96.3709677419354,5.257831325301233e-05
216,rho,102.016129032258,5.134117647058823e-05
216,rho,108.064516129032,5.00229252636407e-05
216,rho,115.322580645161,4.842432312472264e-05
216,rho,123.790322580645,4.6484874307626817e-05
216,rho,131.854838709677,4.476815757078379e-05
216,rho,138.709677419354,4.337972166998021e-05
216,rho,145.16129032258,4.217240046385775e-05
216,rho,151.612903225806,4.103046257991736e-05
216,rho,156.854838709677,4.009555310547593e-05
216,rho,162.903225806451,3.920229967660807e-05
216,rho,171.370967741935,3.794782608695653e-05
216,rho,181.451612903225,3.674637925227352e-05
216,rho,192.338709677419,3.552588733311633e-05
216,rho,205.645161290322,3.4383863851244897e-05
216,rho,220.16129032258,3.339455157636978e-05
216,rho,237.096774193548,3.271364317841085e-05
216,rho,252.016129032257,3.251862891207159e-05
216,rho,263.306451612903,3.259635494472664e-05
216,rho,270.967741935483,3.277260438570149e-05
216,rho,277.016129032258,3.301059001512865e-05
216,rho,281.854838709677,3.31711766494376e-05
216,rho,295.16129032258,3.385044989140553e-05
216,rho,302.419354838709,3.429739075762345e-05
216,rho,312.096774193548,3.497915998717538e-05
216,rho,328.629032258064,3.650050184008032e-05
216,rho,348.790322580645,3.897820650232232e-05
216,rho,370.564516129032,4.2434850252819954e-05
216,rho,393.951612903225,4.708675010789822e-05
216,rho,418.951612903225,5.319356411506607e-05
216,rho,443.951612903225,6.0847741215839664e-05
216,rho,469.758064516129,7.034171502256631e-05
216,rho,495.967741935483,8.184546136534155e-05
216,rho,522.58064516129,9.445887445887458e-05
216,rho,548.790322580645,0.0001092092092092
216,rho,574.596774193548,0.0001255466052934
216,rho,600.403225806451,0.0001441215323645
216,rho,626.209677419354,0.000163568215892
216,rho,651.209677419354,0.0001821368948247
216,rho,676.209677419354,0.0001904013961605
216,rho,701.209677419354,0.0001994515539305
216,rho,725.806451612903,0.0001972875226039
216,rho,750.403225806451,0.0001890814558058
216,rho,775.0,0.0001723538704581
216,rho,799.193548387096,0.0001556348074179
216,rho,821.774193548387,0.0001379266750948
216,kappa,300.552486187845,4.34801136363636
216,kappa,322.336227308603,4.31818181818181
216,kappa,372.05998421468,3.82386363636363
216,kappa,422.730860299921,3.32386363636363
216,kappa,475.059194948697,3.14630681818181
216,kappa,525.730071033938,2.90056818181818
216,kappa,575.453827940015,2.67329545454545
216,kappa,625.177584846093,2.45738636363636
216,kappa,674.664561957379,2.28835227272727
216,kappa,724.625098658247,2.23579545454545
216,kappa,774.348855564325,2.34517045454545
216,ZT,300.170648464163,0.0399578355586788
216,ZT,312.201365187713,0.0432185523541813
216,ZT,324.488054607508,0.0457484188334504
216,ZT,336.262798634812,0.05024595924104
216,ZT,348.293515358361,0.0541250878425861
216,ZT,360.324232081911,0.0574982431482783
216,ZT,372.35494880546,0.0626141953619114
216,ZT,384.129692832764,0.0677863668306395
216,ZT,396.160409556314,0.0708784258608573
216,ZT,408.447098976109,0.0741953619114546
216,ZT,419.965870307167,0.0784680252986648
216,ZT,432.252559726962,0.0812789880534083
216,ZT,444.027303754266,0.083134223471539
216,ZT,456.058020477815,0.0854954321855235
216,ZT,468.088737201365,0.0881377371749824
216,ZT,480.119453924914,0.0903302881236823
216,ZT,492.150170648464,0.0924104005621925
216,ZT,504.180887372013,0.0941531974701335
216,ZT,516.211604095563,0.0974139142656359
216,ZT,528.242320819112,0.0975263527758257
216,ZT,540.273037542662,0.098706957132818
216,ZT,552.047781569965,0.0997189037245256
216,ZT,564.334470989761,0.100505973295853
216,ZT,576.109215017064,0.100787069571328
216,ZT,588.139931740614,0.100730850316233
216,ZT,599.914675767918,0.100168657765284
216,ZT,611.945392491467,0.0988756148981026
216,ZT,623.976109215017,0.0966830639494026
216,ZT,636.006825938566,0.0933661278988053
216,ZT,648.037542662116,0.0893745607870695
216,ZT,660.068259385665,0.0846521433591005
216,ZT,672.098976109215,0.0824595924104005
216,ZT,683.873720136518,0.0747575544624033
216,ZT,695.904436860068,0.0671679550245959
216,ZT,707.935153583617,0.0591848208011243
216,ZT,720.221843003413,0.0510892480674631
216,ZT,731.996587030716,0.0425439212930428
216,ZT,744.027303754266,0.0340548137737174
216,ZT,756.058020477815,0.026015460295151
216,ZT,767.832764505119,0.0185945186226282
217,alpha,298.760074395536,-0.0001238570241064
217,alpha,326.65840049597,-0.000127847049044
217,alpha,353.936763794172,-0.0001311720698254
217,alpha,381.835089894606,-0.000135162094763
217,alpha,409.423434593924,-0.0001384871155444
217,alpha,436.701797892126,-0.0001418121363258
217,alpha,464.290142591444,-0.0001451371571072
217,alpha,491.878487290762,-0.0001491271820448
217,alpha,516.367017978921,-0.0001524522028262
217,alpha,546.745195288282,-0.0001571072319201
217,alpha,574.3335399876,-0.0001604322527015
217,alpha,601.921884686918,-0.0001630922693266
217,alpha,629.820210787352,-0.0001677472984206
217,alpha,657.40855548667,-0.0001717373233582
217,alpha,684.996900185988,-0.0001757273482959
217,alpha,712.895226286422,-0.000178387364921
217,alpha,740.48357098574,-0.0001810473815461
217,alpha,768.381897086174,-0.0001850374064837
217,alpha,796.280223186609,-0.0001883624272651
217,alpha,824.178549287042,-0.0001923524522028
217,alpha,848.977061376317,-0.0001950124688279
217,rho,300.1056710109198,9.931806091374149e-06
217,rho,328.07085098190214,1.0348057684879632e-05
217,rho,356.0384454659423,1.0708229784959637e-05
217,rho,383.9567372690407,1.1118914920884857e-05
217,rho,411.5942028985512,1.1545350772311803e-05
217,rho,439.4017534811761,1.1947195578405194e-05
217,rho,466.8493150684938,1.2278718589099567e-05
217,rho,494.7735191637631,1.2662690819061323e-05
217,rho,522.3789086450034,1.305867038287571e-05
217,rho,550.0322788896068,1.3421035734023172e-05
217,rho,577.6271186440696,1.3652602732968529e-05
217,rho,605.9743954480824,1.393576319088314e-05
217,rho,633.4572490706329,1.4176211314565971e-05
217,rho,661.4906832298171,1.447023162452733e-05
217,rho,689.8785425101237,1.4669625243617188e-05
217,rho,717.1717171717215,1.4770350033674112e-05
217,rho,745.406824146986,1.492273544767588e-05
217,rho,773.1397459165204,1.5025198146625609e-05
217,rho,801.5051740357507,1.5076693019029893e-05
217,rho,829.6007789678703,1.5025198146625609e-05
217,rho,854.5636910732197,1.492273544767588e-05
217,kappa,299.405469678953,3.96039603960397
217,kappa,327.05112960761,3.81930693069308
217,kappa,354.994054696789,3.70049504950496
217,kappa,382.936979785969,3.5891089108911
217,kappa,410.582639714625,3.49257425742575
217,kappa,438.228299643281,3.41089108910892
217,kappa,465.576694411415,3.32178217821783
217,kappa,493.222354340071,3.26237623762377
217,kappa,520.570749108204,3.18811881188119
217,kappa,548.216409036861,3.13613861386139
217,kappa,575.862068965517,3.08415841584159
217,kappa,602.913198573127,3.0470297029703
217,kappa,630.856123662306,3.01732673267327
217,kappa,658.501783590963,3.00990099009901
217,kappa,685.850178359096,2.9950495049505
217,kappa,713.793103448276,2.98019801980198
217,kappa,741.736028537455,2.98762376237624
217,kappa,769.084423305588,2.9950495049505
217,kappa,797.324613555291,3.02475247524753
217,kappa,824.970273483948,3.05445544554456
217,kappa,849.940546967895,3.06930693069307
217,ZT,300.299043062201,0.116150081566068
217,ZT,328.11004784689,0.133115823817292
217,ZT,355.622009569378,0.152691680261011
217,ZT,383.133971291866,0.172920065252854
217,ZT,410.645933014354,0.19510603588907
217,ZT,438.456937799043,0.218597063621533
217,ZT,465.968899521531,0.242088091353996
217,ZT,493.181818181818,0.268189233278955
217,ZT,520.693779904306,0.295595432300163
217,ZT,547.906698564593,0.322349102773246
217,ZT,575.717703349282,0.351712887438825
217,ZT,602.930622009569,0.3836867862969
217,ZT,630.442583732057,0.416313213703099
217,ZT,658.253588516746,0.449592169657422
217,ZT,685.765550239234,0.484828711256117
217,ZT,713.875598086124,0.520717781402936
217,ZT,741.686602870813,0.559216965742251
217,ZT,769.497607655502,0.599673735725938
217,ZT,797.308612440191,0.640783034257748
217,ZT,825.11961722488,0.685154975530179
217,ZT,849.940191387559,0.724306688417618
218,alpha,310.301507537688,-0.0001284705882352
218,alpha,340.452261306532,-0.0001348235294117
218,alpha,370.100502512562,-0.0001407058823529
218,alpha,400.251256281407,-0.0001464705882352
218,alpha,430.150753768844,-0.0001519999999999
218,alpha,460.301507537688,-0.0001574117647058
218,alpha,490.201005025125,-0.0001625882352941
218,alpha,520.100502512562,-0.0001675294117647
218,alpha,550.251256281407,-0.0001722352941176
218,alpha,580.150753768844,-0.0001767058823529
218,alpha,610.050251256281,-0.0001810588235294
218,alpha,640.201005025125,-0.0001850588235294
218,alpha,670.100502512562,-0.0001887058823529
218,alpha,700.251256281407,-0.0001924705882352
218,alpha,729.899497487437,-0.0001957647058823
218,alpha,760.301507537688,-0.0001985882352941
218,alpha,789.949748743718,-0.0002015294117647
218,alpha,819.849246231155,-0.0002041176470588
218,rho,309.9850224663,6.7489757501937965e-06
218,rho,340.189715426859,6.956968382604727e-06
218,rho,370.144782825761,7.1571160169093484e-06
218,rho,400.34947578632,7.360222195387072e-06
218,rho,430.054917623564,7.565789473684225e-06
218,rho,460.009985022466,7.768289574305402e-06
218,rho,490.214677983025,7.976704619814186e-06
218,rho,520.169745381927,8.174624463519375e-06
218,rho,550.124812780828,8.382615871269458e-06
218,rho,580.07988017973,8.589346110484835e-06
218,rho,610.034947578632,8.806530848143409e-06
218,rho,639.990014977533,9.008276677505238e-06
218,rho,670.194707938092,9.219482680381234e-06
218,rho,700.149775336994,9.411673872761042e-06
218,rho,730.104842735896,9.619633838383867e-06
218,rho,760.059910134797,9.829059829059887e-06
218,rho,790.264603095356,1.0023022529189284e-05
218,rho,819.9700449326,1.0216225276567218e-05
218,kappa,310.133465150766,4.8207136640557
218,kappa,340.039545229856,4.65361183637946
218,kappa,369.945625308947,4.48302872062663
218,kappa,400.098863074641,4.34029590948651
218,kappa,430.252100840336,4.21845082680591
218,kappa,460.158180919426,4.1035683202785
218,kappa,490.064260998517,3.99912967798085
218,kappa,520.217498764211,3.91906005221932
218,kappa,550.123578843302,3.84247171453437
218,kappa,580.029658922392,3.76588337684943
218,kappa,609.935739001483,3.70670147954743
218,kappa,640.088976767177,3.65100087032201
218,kappa,669.995056846268,3.59181897302001
218,kappa,699.901136925358,3.55700609225413
218,kappa,729.807217004448,3.52567449956483
218,kappa,759.960454770143,3.49086161879895
218,kappa,790.113692535837,3.47345517841601
218,kappa,819.772614928324,3.46649260226283
218,ZT,310.390895596239,0.157861133280127
218,ZT,340.326571004453,0.190422984836392
218,ZT,370.262246412666,0.228092577813248
218,ZT,400.19792182088,0.271508379888268
218,ZT,430.133597229094,0.314285714285714
218,ZT,460.316674913409,0.361532322426177
218,ZT,490.252350321623,0.40877893056664
218,ZT,520.188025729836,0.45730247406225
218,ZT,550.371103414151,0.509656823623304
218,ZT,580.306778822365,0.563288108539505
218,ZT,610.242454230578,0.620750199521149
218,ZT,640.178129638792,0.678212290502793
218,ZT,670.361207323107,0.734397446129289
218,ZT,700.04948045522,0.781644054269752
218,ZT,729.985155863434,0.824421388667198
218,ZT,760.168233547748,0.86975259377494
218,ZT,790.103908955962,0.916999201915403
218,ZT,820.039584364176,0.973184357541899
219,alpha,329.3525,-0.0001401179999999
219,alpha,373.403,-0.0001489679999999
219,alpha,426.568,-0.000164454
219,alpha,470.618,-0.0001696169999999
219,alpha,525.3019999999999,-0.000175516
219,alpha,575.428,-0.000184366
219,alpha,624.0360000000001,-0.0001895279999999
219,alpha,674.163,-0.000193953
219,alpha,722.77,-0.0001983779999999
219,alpha,768.3399999999999,-0.000199853
219,alpha,818.466,-0.000199115
219,rho,325.0631,9.6041e-06
219,rho,375.316,9.7774e-06
219,rho,421.147,1.02227e-05
219,rho,471.397,1.03056e-05
219,rho,526.0799999999999,1.03878e-05
219,rho,577.818,1.07417e-05
219,rho,623.642,1.10061e-05
219,rho,678.332,1.12692e-05
219,rho,727.108,1.14427e-05
219,rho,774.3979999999999,1.14356e-05
219,rho,821.677,1.11571e-05
219,kappa,325.3747,2.66302
219,kappa,372.4896,2.68009
219,kappa,424.571,2.71463
219,kappa,471.686,2.73169
219,kappa,525.012,2.7779
219,kappa,578.338,2.82411
219,kappa,627.948,2.8762
219,kappa,675.0799999999999,2.93415
219,kappa,722.2159999999999,2.99794
219,kappa,771.8309999999999,3.06171
219,kappa,821.458,3.15469
219,ZT,325.4702,0.255296
219,ZT,375.795,0.326478
219,ZT,424.703,0.418132
219,ZT,473.532,0.481655
219,ZT,525.316,0.547709
219,ZT,575.698,0.639351
219,ZT,626.044,0.718206
219,ZT,673.37,0.771511
219,ZT,726.606,0.82988
219,ZT,773.9169999999999,0.87807
219,ZT,821.206,0.918588
221,alpha,296.666666666666,-0.0002130363262508
221,alpha,323.333333333333,-0.0002209184372858
221,alpha,373.055555555555,-0.0002399725839616
221,alpha,423.888888888888,-0.000257998629198
221,alpha,474.166666666666,-0.0002699931459904
221,alpha,525.0,-0.0002869225496915
221,alpha,580.277777777777,-0.0002920630568882
221,alpha,626.111111111111,-0.0002919945167923
221,alpha,676.388888888889,-0.0002729403701165
221,alpha,726.388888888888,-0.0002608773132282
221,alpha,776.388888888889,-0.0002589581905414
221,alpha,823.611111111111,-0.0002569705277587
221,rho,296.651785714285,3.58899456521739e-05
221,rho,323.158482142857,3.6365489130434704e-05
221,rho,372.823660714285,3.73165760869565e-05
221,rho,423.604910714285,3.8199728260869495e-05
221,rho,474.107142857142,3.88111413043478e-05
221,rho,524.609375,3.90828804347826e-05
221,rho,579.854910714285,3.74354619565217e-05
221,rho,625.892857142857,3.54483695652173e-05
221,rho,675.837053571428,2.5869565217391305e-05
221,rho,725.78125,1.8702445652173897e-05
221,rho,775.725446428571,1.5186820652173898e-05
221,rho,822.879464285714,1.4949048913043395e-05
221,kappa,422.943125345113,2.29280677009873
221,kappa,472.998343456653,2.23526093088857
221,kappa,523.053561568194,2.23638928067701
221,kappa,572.915516289342,2.27926657263751
221,kappa,622.970734400883,2.35825105782792
221,kappa,673.025952512424,2.4067700987306
221,kappa,723.081170623964,2.5083215796897
221,kappa,773.329652125897,2.66854724964739
221,kappa,823.384870237437,2.77912552891396
221,ZT,423.015419760137,0.320661715057393
221,ZT,472.986864648772,0.393585415259959
221,ZT,522.958309537407,0.488386225523295
221,ZT,572.929754426042,0.532748143146522
221,ZT,623.101085094231,0.632410533423362
221,ZT,673.072529982866,0.805604321404456
221,ZT,723.043974871501,1.08332207967589
221,ZT,773.015419760136,1.18845374746792
221,ZT,822.986864648772,1.30209318028359
222,alpha,301.608,-0.000193258
222,alpha,351.447,-0.000205393
222,alpha,399.678,-0.0002170789999999
222,alpha,451.125,-0.000231461
222,alpha,497.749,-0.0002440449999999
222,alpha,549.196,-0.0002548309999999
222,alpha,603.859,-0.000260225
222,alpha,650.482,-0.000262022
222,alpha,701.929,-0.0002615729999999
222,alpha,750.161,-0.0002521349999999
222,rho,299.278846153846,1.1629111629111628e-05
222,rho,349.51923076923,1.273036574992912e-05
222,rho,398.798076923076,1.3693199146081135e-05
222,rho,448.798076923076,1.4469867869803426e-05
222,rho,500.0,1.5235833050559887e-05
222,rho,550.961538461538,1.601855155190868e-05
222,rho,601.201923076923,1.662347278785636e-05
222,rho,650.480769230769,1.717017208413003e-05
222,rho,700.240384615384,1.749123490455787e-05
222,rho,749.51923076923,1.7642436149312377e-05
222,rho,782.211538461538,1.7587152369761095e-05
222,kappa,296.312,3.68787
222,kappa,351.653,3.44606
222,kappa,399.302,3.24908
222,kappa,448.461,3.09709
222,kappa,502.222,2.94518
222,kappa,548.266,2.88306
222,kappa,597.383,2.81201
222,kappa,652.612,2.78602
222,kappa,700.134,2.83184
222,kappa,747.632,2.92262
222,ZT,300.948991696322,0.261375274323335
222,ZT,350.05931198102,0.335991221653255
222,ZT,399.644128113879,0.424652523774689
222,ZT,450.889679715302,0.537454279444038
222,ZT,499.051008303677,0.659034381858083
222,ZT,549.347568208778,0.770958302852962
222,ZT,601.067615658362,0.870153621068032
222,ZT,649.228944246737,0.928529626920263
222,ZT,701.186239620403,0.956181419166057
222,ZT,750.533807829181,0.929407461594733
223,alpha,294.096,-8.67955e-05
223,alpha,350.387,-9.73956e-05
223,alpha,399.273,-0.000106819
223,alpha,448.155,-0.00011565
223,alpha,497.033,-0.000123889
223,alpha,550.339,-0.000130937
223,alpha,597.729,-0.0001379919999999
223,alpha,648.076,-0.000145043
223,alpha,699.886,-0.000149723
223,alpha,748.733,-0.0001538129999999
223,alpha,803.497,-0.0001578959999999
223,alpha,850.847,-0.000159618
223,rho,296.268,3.28790543983955e-06
223,rho,345.175,3.574454091498876e-06
223,rho,396.971,3.982033066802587e-06
223,rho,447.315,4.32876071909373e-06
223,rho,499.095,4.705350925071992e-06
223,rho,549.447,5.178261657561557e-06
223,rho,599.766,5.425553270794789e-06
223,rho,647.219,5.755726948313572e-06
223,rho,697.521,5.884256671276001e-06
223,rho,749.293,6.31811720107408e-06
223,rho,798.167,6.539538047032358e-06
223,rho,849.914,6.7677314564158095e-06
223,kappa,301.538,4.12933
223,kappa,350.627,4.03227
223,kappa,399.694,3.91133
223,kappa,451.523,3.82214
223,kappa,500.635,3.74896
223,kappa,548.365,3.6599
223,kappa,601.583,3.59454
223,kappa,652.105,3.56906
223,kappa,698.514,3.52779
223,kappa,750.425,3.52613
223,kappa,802.337,3.52448
223,kappa,850.157,3.53092
223,ZT,298.27,0.174553
223,ZT,348.433,0.238596
223,ZT,398.596,0.30264
223,ZT,448.739,0.377321
223,ZT,500.33,0.445626
223,ZT,547.599,0.520295
223,ZT,599.187,0.590728
223,ZT,646.46,0.663269
223,ZT,696.619,0.72944
223,ZT,751.092,0.793502
223,ZT,801.268,0.851162
223,ZT,848.582,0.902427
224,alpha,300.0,8.151300236406609e-05
224,alpha,324.896265560166,8.67139479905437e-05
224,alpha,350.051867219916,9.21040189125295e-05
224,alpha,374.948132780082,9.749408983451529e-05
224,alpha,400.103734439834,0.0001026004728132
224,alpha,425.0,0.0001071394799054
224,alpha,449.896265560166,0.0001113947990543
224,alpha,475.051867219916,0.0001152718676122
224,alpha,499.948132780083,0.0001193380614657
224,alpha,525.103734439833,0.0001239716312056
224,alpha,550.0,0.0001281323877068
224,alpha,574.896265560166,0.000131914893617
224,alpha,600.051867219917,0.0001356973995271
224,alpha,624.948132780082,0.000139196217494
224,alpha,650.103734439833,0.0001416548463356
224,alpha,675.0,0.0001436406619385
224,alpha,699.896265560166,0.0001450591016548
224,alpha,725.051867219917,0.0001465721040189
224,alpha,749.948132780082,0.0001490307328605
224,alpha,775.103734439833,0.0001519621749408
224,alpha,800.0,0.0001516784869976
224,rho,300.0,4.1617589320769625e-06
224,rho,325.079197465681,4.330065359477126e-06
224,rho,350.158394931362,4.492477219749957e-06
224,rho,375.237592397043,4.65831685343882e-06
224,rho,400.052798310454,4.826958105646648e-06
224,rho,425.131995776135,4.983544898918679e-06
224,rho,449.947201689546,5.135658914728695e-06
224,rho,475.026399155226,5.285464971328851e-06
224,rho,499.841605068637,5.435897435897448e-06
224,rho,525.184794086589,5.581885202738297e-06
224,rho,549.999999999999,5.726634251755839e-06
224,rho,575.079197465681,5.869324473975637e-06
224,rho,600.158394931362,6.003964882469587e-06
224,rho,624.973600844772,6.139588763394152e-06
224,rho,650.052798310454,6.264775413711622e-06
224,rho,675.131995776135,6.39517345399702e-06
224,rho,699.947201689545,6.525084641428136e-06
224,rho,725.026399155227,6.6541117388575255e-06
224,rho,750.105596620908,6.775327580696733e-06
224,rho,774.920802534318,6.90104166666669e-06
224,rho,800.0,7.038512616201869e-06
224,kappa,300.0,2.37102473498233
224,kappa,325.0,2.39929328621908
224,kappa,350.0,2.42402826855123
224,kappa,375.0,2.44699646643109
224,kappa,400.0,2.46643109540636
224,kappa,425.0,2.48409893992932
224,kappa,450.0,2.5
224,kappa,475.0,2.51413427561837
224,kappa,500.0,2.52473498233215
224,kappa,525.0,2.54416961130742
224,kappa,550.0,2.56183745583038
224,kappa,575.0,2.57950530035335
224,kappa,600.0,2.59363957597173
224,kappa,625.0,2.62190812720848
224,kappa,650.0,2.64840989399293
224,kappa,675.0,2.67667844522968
224,kappa,700.0,2.70494699646643
224,kappa,725.0,2.78445229681978
224,kappa,750.0,2.86749116607773
224,kappa,775.0,2.95229681978798
224,kappa,800.0,3.04063604240282
224,ZT,300.0,0.188709677419356
224,ZT,325.037936267071,0.221505376344087
224,ZT,349.822964087,0.256989247311829
224,ZT,374.860900354071,0.295161290322582
224,ZT,400.151745068285,0.334946236559141
224,ZT,425.189681335356,0.374193548387098
224,ZT,449.974709155285,0.413440860215055
224,ZT,475.012645422357,0.452150537634409
224,ZT,500.050581689428,0.495161290322581
224,ZT,524.835609509357,0.543010752688173
224,ZT,550.126454223571,0.590322580645162
224,ZT,574.9114820435,0.635483870967742
224,ZT,599.696509863429,0.681182795698925
224,ZT,625.240263024785,0.725806451612903
224,ZT,650.278199291856,0.761290322580645
224,ZT,675.063227111785,0.791397849462365
224,ZT,700.354071825999,0.816666666666667
224,ZT,725.39200809307,0.827956989247312
224,ZT,749.924127465857,0.851612903225806
224,ZT,774.962063732928,0.878494623655914
224,ZT,800.0,0.863978494623656
225,alpha,290.192008303061,0.0001248911465892
225,alpha,319.667877529839,0.0001375181422351
225,alpha,366.580176440062,0.0001521044992743
225,alpha,414.737934613388,0.0001640783744557
225,alpha,463.310845874416,0.0001762699564586
225,alpha,510.63829787234,0.0001860667634252
225,alpha,559.211209133367,0.0001952104499274
225,alpha,606.953814218993,0.0002019593613933
225,alpha,654.696419304618,0.0002084905660377
225,alpha,702.023871302542,0.0002097968069666
225,alpha,750.181629475869,0.000210885341074
225,alpha,797.924234561494,0.0002106676342525
225,rho,294.179894179894,6.87640449438202e-06
225,rho,319.999999999999,7.41573033707864e-06
225,rho,366.984126984127,7.91011235955055e-06
225,rho,414.391534391534,8.35955056179775e-06
225,rho,463.068783068783,8.764044943820209e-06
225,rho,511.322751322751,9.12359550561796e-06
225,rho,559.153439153439,9.52808988764044e-06
225,rho,606.560846560846,9.93258426966291e-06
225,rho,654.391534391534,1.0247191011235898e-05
225,rho,702.222222222222,1.04719101123595e-05
225,rho,749.206349206349,1.07415730337078e-05
225,rho,797.883597883598,1.07415730337078e-05
225,kappa,173.584905660377,2.22888713496448
225,kappa,273.270440251572,2.41594317284925
225,kappa,373.270440251572,2.58879242304656
225,kappa,473.584905660377,2.75453827940015
225,kappa,573.584905660377,2.7947908445146
225,kappa,673.270440251572,2.82557221783741
225,kappa,773.584905660377,2.90134175217048
225,ZT,293.888888888888,0.343481138318994
225,ZT,320.277777777777,0.399073461283918
225,ZT,367.222222222222,0.468563864990072
225,ZT,415.555555555555,0.521508934480476
225,ZT,463.333333333333,0.624090006618133
225,ZT,511.111111111111,0.71542025148908
225,ZT,559.166666666666,0.816015883520847
225,ZT,606.666666666666,0.902713434811383
225,ZT,654.722222222222,1.0066181336863
225,ZT,702.222222222222,1.0264725347452
225,ZT,749.722222222222,1.04434149569821
225,ZT,797.777777777777,1.04963600264725
226,alpha,293.692660550458,0.0001115789473684
226,alpha,319.782110091743,0.0001186222910216
226,alpha,366.800458715596,0.0001323219814241
226,alpha,415.825688073394,0.0001463312693498
226,alpha,464.564220183486,0.0001540712074303
226,alpha,513.302752293578,0.0001638235294117
226,alpha,562.327981651376,0.0001693188854489
226,alpha,610.493119266055,0.000178374613003
226,alpha,658.94495412844,0.0001828637770897
226,alpha,707.683486238532,0.0001868885448916
226,alpha,756.70871559633,0.0001876625386996
226,alpha,805.160550458715,0.0001882817337461
226,rho,294.450934579439,7.7985212569316e-06
226,rho,320.443925233644,8.01478743068392e-06
226,rho,366.588785046728,8.31977818853974e-06
226,rho,416.238317757009,8.652495378927909e-06
226,rho,464.719626168224,8.99630314232902e-06
226,rho,513.492990654205,9.36783733826247e-06
226,rho,562.266355140187,9.73382624768946e-06
226,rho,610.455607476635,1.00887245841035e-05
226,rho,658.93691588785,1.03881700554528e-05
226,rho,707.710280373831,1.06987060998151e-05
226,rho,756.775700934579,1.09759704251386e-05
226,rho,804.964953271028,1.1170055452864998e-05
226,kappa,384.399756246191,1.6192337763878
226,kappa,473.126142595978,1.7384675527755995
226,kappa,573.065204143814,1.90656763096168
226,kappa,673.004265691651,1.93784206411258
226,kappa,772.943327239488,2.0160281469898305
226,ZT,464.562118126272,0.689758534554537
226,ZT,513.645621181262,0.80699417152373
226,ZT,562.118126272912,0.872273105745212
226,ZT,610.794297352342,1.01948376353039
226,ZT,659.063136456211,1.09875104079933
226,ZT,707.535641547861,1.17535387177352
226,ZT,756.415478615071,1.18934221482098
226,ZT,805.295315682281,1.21598667776852
228,alpha,299.115044247787,0.0001220647773279
228,alpha,325.958702064896,0.0001282051282051
228,alpha,376.991150442477,0.0001331983805668
228,alpha,426.843657817109,0.0001432523616734
228,alpha,476.991150442477,0.0001552631578947
228,alpha,527.728613569321,0.0001670040485829
228,alpha,577.87610619469,0.0001747638326585
228,alpha,627.728613569321,0.0001825236167341
228,alpha,677.87610619469,0.0001862348178137
228,alpha,727.433628318584,0.000187584345479
228,alpha,777.581120943952,0.0001868421052631
228,alpha,824.188790560471,0.000181983805668
228,rho,299.409681227863,3.11424219345011e-05
228,rho,325.974025974025,3.14166031987814e-05
228,rho,377.036599763872,3.16603198781416e-05
228,rho,426.918536009445,3.1188118811881097e-05
228,rho,477.095631641086,3.02132520944402e-05
228,rho,527.863046044864,2.8948971820258897e-05
228,rho,578.040141676505,2.74562071591774e-05
228,rho,628.217237308146,2.44859101294744e-05
228,rho,678.099173553719,2.02970297029702e-05
228,rho,727.685950413223,1.74638233054074e-05
228,rho,777.567886658795,1.55902513328255e-05
228,rho,823.612750885478,1.5011424219344998e-05
228,kappa,423.034055727554,1.0718774548311
228,kappa,473.065015479876,1.15357423409269
228,kappa,523.095975232198,1.1598586017282002
228,kappa,573.12693498452,1.2195600942655098
228,kappa,622.910216718266,1.20070699135899
228,kappa,672.941176470588,1.18970934799685
228,kappa,722.97213622291,1.1394344069128
228,kappa,773.003095975232,1.2195600942655098
228,kappa,823.034055727554,1.27140612725844
228,ZT,423.072100313479,0.257420494699646
228,ZT,472.978056426332,0.322791519434628
228,ZT,523.134796238244,0.425265017667844
228,ZT,573.040752351097,0.511837455830388
228,ZT,622.946708463949,0.68851590106007
228,ZT,673.103448275862,0.930565371024734
228,ZT,723.009404388714,1.24328621908127
228,ZT,772.915360501567,1.39964664310954
228,ZT,823.072100313479,1.45
229,alpha,324.755700325732,0.0001113059250302
229,alpha,351.465798045602,0.0001205562273276
229,alpha,372.964169381107,0.0001272672309552
229,alpha,401.954397394136,0.0001383313180169
229,alpha,423.452768729641,0.0001452237001209
229,alpha,449.837133550488,0.0001550181378476
229,alpha,481.107491856677,0.0001631801692865
229,alpha,500.651465798045,0.0001686215235792
229,alpha,520.521172638436,0.0001731559854897
229,alpha,554.071661237784,0.0001796856106408
229,alpha,582.084690553747,0.0001838573155985
229,alpha,602.280130293159,0.0001887545344619
229,alpha,622.801302931595,0.0001914752116082
229,alpha,651.465798045602,0.0001945586457073
229,alpha,672.964169381107,0.0001970979443772
229,alpha,681.107491856677,0.0001976420798065
229,alpha,693.485342019543,0.0001994558645707
229,alpha,702.280130293159,0.0001999999999999
229,rho,323.430592396109,1.622555410691e-05
229,rho,351.370468611847,1.67535853976531e-05
229,rho,372.590627763041,1.71642764015645e-05
229,rho,401.237842617153,1.77314211212516e-05
229,rho,423.165340406719,1.81421121251629e-05
229,rho,449.690539345711,1.86310299869621e-05
229,rho,481.874447391688,1.91395045632333e-05
229,rho,500.618921308576,1.94915254237288e-05
229,rho,520.77807250221,1.98044328552803e-05
229,rho,553.315649867373,2.03129074315514e-05
229,rho,580.901856763925,2.07040417209908e-05
229,rho,602.122015915119,2.10169491525423e-05
229,rho,622.634836427939,2.13298565840938e-05
229,rho,651.635720601238,2.16623207301173e-05
229,rho,673.209549071618,2.1857887874837e-05
229,rho,680.636604774535,2.1916558018252897e-05
229,rho,693.015030946065,2.2033898305084703e-05
229,rho,701.503094606543,2.21121251629726e-05
229,kappa,323.090430201931,1.6017804154302595
229,kappa,348.11237928007,1.59703264094955
229,kappa,373.134328358208,1.59465875370919
229,kappa,397.892888498683,1.5899109792284798
229,kappa,422.914837576821,1.58516320474777
229,kappa,447.93678665496,1.58397626112759
229,kappa,472.958735733099,1.5816023738872398
229,kappa,497.980684811237,1.58041543026706
229,kappa,523.002633889376,1.57685459940652
229,kappa,548.024582967515,1.57091988130563
229,kappa,571.202809482001,1.56973293768546
229,kappa,599.64881474978,1.57091988130563
229,kappa,624.14398595259,1.5685459940652802
229,kappa,649.165935030728,1.5685459940652802
229,kappa,672.870939420544,1.56973293768546
229,kappa,698.419666374012,1.57329376854599
229,kappa,725.285338015803,1.57685459940652
229,kappa,738.718173836698,1.57922848664688
229,ZT,323.040380047505,0.16241610738255
229,ZT,347.980997624703,0.19731543624161
229,ZT,372.9216152019,0.234228187919463
229,ZT,398.099762470308,0.277852348993289
229,ZT,423.040380047505,0.321476510067114
229,ZT,447.980997624703,0.36979865771812
229,ZT,470.071258907363,0.420805369127517
229,ZT,497.149643705463,0.473154362416107
229,ZT,524.703087885985,0.526174496644295
229,ZT,548.456057007126,0.575167785234899
229,ZT,572.209026128266,0.618120805369127
229,ZT,600.950118764845,0.673825503355704
229,ZT,624.703087885985,0.716778523489933
229,ZT,649.16864608076,0.753691275167785
229,ZT,672.684085510688,0.795302013422818
229,ZT,698.099762470308,0.835570469798657
229,ZT,725.178147268408,0.855704697986577
229,ZT,739.904988123515,0.867114093959731
230,alpha,302.597402597402,-0.0001258762886597
230,alpha,327.597402597402,-0.0001288144329896
230,alpha,353.571428571428,-0.0001367010309278
230,alpha,374.675324675324,-0.000141030927835
230,alpha,404.870129870129,-0.0001445876288659
230,alpha,430.194805194805,-0.0001503092783505
230,alpha,456.168831168831,-0.0001558762886597
230,alpha,480.844155844155,-0.0001606701030927
230,alpha,506.168831168831,-0.0001615979381443
230,alpha,531.493506493506,-0.0001676288659793
230,alpha,556.493506493506,-0.0001711855670103
230,alpha,581.168831168831,-0.0001735051546391
230,alpha,606.493506493506,-0.0001761340206185
230,alpha,631.168831168831,-0.0001776804123711
230,alpha,656.168831168831,-0.000181855670103
230,alpha,680.844155844155,-0.000181855670103
230,alpha,705.844155844155,-0.0001844845360824
230,alpha,730.194805194805,-0.0001869587628865
230,alpha,755.51948051948,-0.0001891237113402
230,alpha,780.194805194805,-0.0001895876288659
230,alpha,804.220779220779,-0.0001915979381443
230,rho,299.671268902038,4.845849802371561e-06
230,rho,323.01117685733,5.106205747605181e-06
230,rho,347.994740302432,5.32580364900088e-06
230,rho,373.307034845496,5.542495479204358e-06
230,rho,398.948060486521,5.793950850661654e-06
230,rho,423.931623931623,6.006859382655579e-06
230,rho,449.901380670611,6.255102040816334e-06
230,rho,474.556213017751,6.473072861668442e-06
230,rho,501.840894148586,6.493644067796626e-06
230,rho,524.852071005917,6.673924877517692e-06
230,rho,552.136752136752,6.864501679731272e-06
230,rho,577.120315581854,7.2802850356295e-06
230,rho,600.131492439184,7.177985948477794e-06
230,rho,624.457593688362,7.648159700561481e-06
230,rho,650.098619329388,7.853939782190947e-06
230,rho,675.08218277449,7.976577748861466e-06
230,rho,700.065746219592,8.167888074616978e-06
230,rho,724.720578566732,8.368600682593921e-06
230,rho,750.032873109796,8.561452513966517e-06
230,rho,775.016436554898,8.633802816901448e-06
230,rho,800.0,8.744650499286777e-06
230,kappa,300.0,2.52836304700162
230,kappa,349.968963376784,2.53484602917342
230,kappa,399.937926753569,2.53484602917341
230,kappa,449.906890130353,2.53484602917341
230,kappa,499.875853507138,2.50891410048622
230,kappa,549.844816883923,2.47649918962722
230,kappa,600.124146492861,2.45705024311183
230,kappa,650.093109869646,2.43111831442463
230,kappa,700.06207324643,2.41166936790923
230,kappa,750.031036623215,2.43111831442463
230,kappa,800.0,2.45705024311183
230,ZT,300.0,0.38235294117647
230,ZT,350.061804697157,0.466176470588235
230,ZT,400.123609394314,0.566176470588235
230,ZT,449.876390605686,0.679411764705882
230,ZT,499.938195302843,0.798529411764705
230,ZT,550.0,0.919117647058823
230,ZT,600.061804697157,1.02941176470588
230,ZT,650.123609394313,1.12205882352941
230,ZT,700.494437577256,1.2
230,ZT,749.938195302843,1.26911764705882
230,ZT,800.0,1.35147058823529
231,alpha,300.322,-0.000126129
231,alpha,348.557,-0.000132417
231,alpha,398.528,-0.000142095
231,alpha,453.888,-0.0001506519999999
231,alpha,503.887,-0.0001586359999999
231,alpha,550.314,-0.00016605
231,alpha,600.358,-0.000171211
231,alpha,653.973,-0.000176943
231,alpha,704.008,-0.000182669
231,alpha,750.481,-0.00018726
231,alpha,798.772,-0.000190161
231,alpha,852.396,-0.0001953279999999
231,rho,302.046,4.1548e-06
231,rho,350.384,4.58185e-06
231,rho,402.302,4.90214e-06
231,rho,448.849,5.30249e-06
231,rho,500.767,5.59609e-06
231,rho,549.105,5.943059999999999e-06
231,rho,601.023,6.23665e-06
231,rho,651.151,6.53025e-06
231,rho,703.069,6.79715e-06
231,rho,751.407,7.010680000000001e-06
231,rho,801.535,7.25089e-06
231,rho,849.872,7.464410000000001e-06
231,kappa,298.246,2.6875
231,kappa,349.123,2.72222
231,kappa,396.491,2.71528
231,kappa,447.368,2.66667
231,kappa,501.754,2.63194
231,kappa,545.614,2.61111
231,kappa,596.491,2.59028
231,kappa,650.877,2.57639
231,kappa,701.754,2.59722
231,kappa,752.632,2.625
231,kappa,800.0,2.625
231,kappa,847.368,2.63889
231,ZT,297.222,0.425532
231,ZT,353.788,0.510638
231,ZT,396.212,0.617021
231,ZT,451.01,0.737589
231,ZT,498.737,0.865248
231,ZT,553.535,0.978723
231,ZT,601.263,1.12057
231,ZT,648.99,1.25532
231,ZT,700.253,1.35461
231,ZT,751.515,1.43262
231,ZT,802.778,1.53191
231,ZT,854.04,1.64539
232,alpha,299.85528219971,-0.0001300653594771
232,alpha,330.897250361794,-0.000138725490196
232,alpha,370.622286541244,-0.0001496732026143
232,alpha,402.532561505065,-0.0001596405228758
232,alpha,439.001447178002,-0.0001705882352941
232,alpha,476.121562952243,-0.0001812091503267
232,alpha,501.302460202604,-0.0001880718954248
232,alpha,531.476121562952,-0.0001950980392156
232,alpha,553.400868306801,-0.0001995098039215
232,alpha,596.599131693198,-0.0002065359477124
232,alpha,617.221418234442,-0.0002086601307189
232,alpha,643.921852387843,-0.0002096405228758
232,alpha,666.931982633863,-0.0002096405228758
232,alpha,679.956584659913,-0.0002089869281045
232,alpha,691.678726483357,-0.0002081699346405
232,alpha,711.649782923299,-0.0002060457516339
232,rho,300.452488687782,1.4652754811772088e-05
232,rho,330.76923076923,1.4855879078816862e-05
232,rho,370.135746606334,1.4855879078816862e-05
232,rho,401.809954751131,1.4855879078816862e-05
232,rho,438.009049773755,1.4804835542259954e-05
232,rho,476.018099547511,1.4303947397167798e-05
232,rho,501.357466063348,1.4108369685779486e-05
232,rho,530.542986425339,1.396344330941538e-05
232,rho,553.393665158371,1.372520009515246e-05
232,rho,596.153846153846,1.3260838974959262e-05
232,rho,615.837104072398,1.3260838974959262e-05
232,rho,645.701357466063,1.3124618746613128e-05
232,rho,678.959276018099,1.2945165982559003e-05
232,kappa,300.473933649289,4.68545994065281
232,kappa,330.805687203791,4.51038575667655
232,kappa,370.142180094786,4.31750741839762
232,kappa,401.658767772511,4.16617210682492
232,kappa,438.862559241706,4.02373887240356
232,kappa,476.0663507109,3.90504451038575
232,kappa,501.421800947867,3.83382789317507
232,kappa,531.516587677725,3.77151335311572
232,kappa,554.265402843601,3.72106824925816
232,kappa,596.682464454976,3.66765578635014
232,kappa,616.587677725118,3.64688427299703
232,kappa,646.91943127962,3.64094955489614
232,kappa,680.094786729857,3.63798219584569
232,ZT,298.912228057014,0.0730538922155686
232,ZT,330.870217554388,0.0940119760479041
232,ZT,369.129782445611,0.12694610778443
232,ZT,401.537884471117,0.165868263473053
232,ZT,437.996999249812,0.214371257485029
232,ZT,476.031507876969,0.278443113772454
232,ZT,501.462865716429,0.326347305389221
232,ZT,530.945236309077,0.38502994011976
232,ZT,554.126031507877,0.428742514970059
232,ZT,596.661665416354,0.519760479041915
232,ZT,616.691672918229,0.553293413173652
232,ZT,647.074268567141,0.59940119760479
232,ZT,680.157539384846,0.632934131736526
233,alpha,299.582587954681,-0.0001294328358208
233,alpha,320.095408467501,-0.0001318208955223
233,alpha,340.131186642814,-0.0001349253731343
233,alpha,360.166964818127,-0.0001382686567164
233,alpha,380.20274299344,-0.0001418507462686
233,alpha,400.238521168753,-0.0001454328358208
233,alpha,419.797257006559,-0.0001492537313432
233,alpha,439.833035181872,-0.0001530746268656
233,alpha,459.868813357185,-0.000156895522388
233,alpha,479.904591532498,-0.0001607164179104
233,alpha,499.940369707811,-0.0001642985074626
233,alpha,519.976147883124,-0.000168119402985
233,alpha,540.011926058437,-0.0001719402985074
233,alpha,560.04770423375,-0.0001752835820895
233,alpha,580.083482409063,-0.0001788656716417
233,alpha,600.119260584376,-0.0001819701492537
233,alpha,620.15503875969,-0.0001850746268656
233,alpha,640.190816935003,-0.0001874626865671
233,alpha,660.226595110316,-0.0001900895522388
233,alpha,679.785330948121,-0.0001917611940298
233,alpha,699.821109123434,-0.000193671641791
233,alpha,719.856887298747,-0.0001948656716417
233,alpha,739.89266547406,-0.0001958208955223
233,alpha,759.928443649373,-0.0001960597014925
233,alpha,779.964221824686,-0.0001960597014925
233,alpha,799.999999999999,-0.0001951044776119
233,rho,299.354838709677,6.212121212121234e-06
233,rho,320.0,6.356589147286851e-06
233,rho,340.175953079178,6.490765171503978e-06
233,rho,359.882697947214,6.618834080717506e-06
233,rho,380.058651026393,6.739726027397279e-06
233,rho,399.765395894428,6.871508379888307e-06
233,rho,419.472140762463,6.995260663507128e-06
233,rho,440.117302052785,7.116682738669264e-06
233,rho,459.824046920821,7.235294117647067e-06
233,rho,479.999999999999,7.357926221336034e-06
233,rho,500.175953079178,7.469635627530394e-06
233,rho,519.882697947214,7.584789311408033e-06
233,rho,540.058651026392,7.695516162669482e-06
233,rho,559.765395894428,7.801268498942943e-06
233,rho,579.941348973606,7.909967845659182e-06
233,rho,600.117302052785,8.021739130434791e-06
233,rho,619.824046920821,8.127753303964792e-06
233,rho,640.0,8.227424749163912e-06
233,rho,660.175953079179,8.329571106094837e-06
233,rho,679.882697947214,8.434285714285741e-06
233,rho,700.058651026392,8.531791907514514e-06
233,rho,720.234604105571,8.64168618266985e-06
233,rho,739.941348973607,8.74407582938391e-06
233,rho,760.117302052786,8.859543817527032e-06
233,rho,779.824046920821,8.96719319562582e-06
233,rho,800.0,9.088669950738976e-06
233,kappa,299.590403744879,4.45090909090909
233,kappa,320.18724400234,4.34181818181818
233,kappa,339.847864248098,4.24727272727272
233,kappa,359.976594499707,4.16
233,kappa,380.105324751316,4.07272727272727
233,kappa,400.234055002925,3.99272727272727
233,kappa,419.894675248683,3.89818181818182
233,kappa,440.023405500292,3.83272727272727
233,kappa,460.152135751901,3.75272727272727
233,kappa,479.812755997659,3.68727272727273
233,kappa,499.941486249268,3.60727272727272
233,kappa,520.070216500877,3.55636363636363
233,kappa,540.198946752486,3.49090909090909
233,kappa,559.859566998244,3.43999999999999
233,kappa,579.988297249853,3.3890909090909
233,kappa,600.117027501462,3.33090909090909
233,kappa,620.245757753072,3.28727272727272
233,kappa,639.906377998829,3.24363636363636
233,kappa,660.035108250438,3.20727272727272
233,kappa,680.163838502048,3.17090909090909
233,kappa,699.824458747805,3.14181818181818
233,kappa,719.953188999414,3.11272727272727
233,kappa,740.081919251023,3.07636363636363
233,kappa,760.210649502633,3.06181818181818
233,kappa,779.87126974839,3.04727272727272
233,kappa,799.999999999999,3.02545454545454
233,ZT,300.0,0.180925666199158
233,ZT,320.064724919093,0.201963534361851
233,ZT,340.129449838187,0.224403927068723
233,ZT,360.194174757281,0.250350631136044
233,ZT,380.258899676375,0.278401122019635
233,ZT,400.323624595469,0.309957924263674
233,ZT,420.064724919093,0.342215988779803
233,ZT,440.129449838187,0.377980364656381
233,ZT,459.870550161812,0.415848527349228
233,ZT,479.611650485436,0.457924263674614
233,ZT,499.67637540453,0.501402524544179
233,ZT,519.417475728155,0.546984572230013
233,ZT,539.482200647249,0.594670406732117
233,ZT,559.870550161812,0.64516129032258
233,ZT,579.935275080906,0.693548387096774
233,ZT,600.0,0.744039270687237
233,ZT,619.741100323624,0.795231416549789
233,ZT,639.805825242718,0.845021037868162
233,ZT,659.870550161812,0.892706872370266
233,ZT,679.935275080906,0.93899018232819
233,ZT,699.67637540453,0.980364656381486
233,ZT,720.064724919093,1.01823281907433
233,ZT,740.129449838187,1.05049088359046
233,ZT,759.870550161812,1.07643758765778
233,ZT,779.935275080906,1.09957924263674
233,ZT,800.0,1.109396914446
234,alpha,299.613152804642,6.46174863387979e-05
234,alpha,348.742746615087,8.49726775956286e-05
234,alpha,397.872340425531,0.0001051912568306
234,alpha,447.001934235976,0.0001273224043715
234,alpha,498.452611218568,0.0001484972677595
234,alpha,547.195357833655,0.0001661202185792
234,alpha,596.711798839458,0.0001819672131147
234,alpha,648.549323017408,0.0001926229508196
234,alpha,698.06576402321,0.0001990437158469
234,alpha,747.969052224371,0.0002042349726775
234,alpha,797.098646034816,0.0001934426229508
234,rho,297.42641393126905,1.084085744324428e-05
234,rho,345.69228013612843,1.1407988803068282e-05
234,rho,397.3646283714241,1.1869524665453211e-05
234,rho,451.4619883040938,1.227996029031565e-05
234,rho,501.4289425824903,1.2668648737326098e-05
234,rho,552.2174535050084,1.3069640050572872e-05
234,rho,601.8085438104158,1.3407146448045989e-05
234,rho,647.868412218868,1.3617676702686035e-05
234,rho,701.5630679752863,1.389041239854282e-05
234,rho,753.317720530837,1.4088561578380249e-05
234,rho,807.1936428272709,1.4208805302264438e-05
234,kappa,299.190938511326,2.71719641401792
234,kappa,349.352750809061,2.71067644661776
234,kappa,397.491909385113,2.66503667481662
234,kappa,448.058252427184,2.67155664221678
234,kappa,499.029126213592,2.63243683781581
234,kappa,549.595469255663,2.66503667481662
234,kappa,599.757281553398,2.66503667481662
234,kappa,650.323624595469,2.62591687041564
234,kappa,700.88996763754,2.63243683781581
234,kappa,749.029126213592,2.62591687041564
234,kappa,799.595469255663,2.58679706601467
234,ZT,301.783439490445,0.0405063291139239
234,ZT,350.700636942675,0.0828209764918624
234,ZT,400.0,0.144122965641952
234,ZT,448.917197452229,0.224954792043399
234,ZT,500.127388535031,0.33128390596745
234,ZT,549.426751592356,0.443580470162748
234,ZT,597.96178343949,0.560216998191681
234,ZT,649.554140127388,0.659493670886076
234,ZT,698.853503184713,0.730560578661844
234,ZT,747.770700636942,0.8
234,ZT,797.834394904458,0.740867992766727
236,alpha,300.0,-0.0001447958426132
236,alpha,324.986849026827,-0.0001525167037861
236,alpha,349.973698053656,-0.0001596436525612
236,alpha,374.960547080483,-0.0001654342984409
236,alpha,399.947396107311,-0.0001719673348181
236,alpha,424.934245134139,-0.0001787973273942
236,alpha,449.921094160967,-0.0001837713437268
236,alpha,474.907943187795,-0.0001873348181143
236,alpha,499.894792214623,-0.0001919376391982
236,alpha,524.881641241451,-0.0001955753526354
236,alpha,549.868490268279,-0.0001989903489235
236,alpha,575.118358758548,-0.00020285077951
236,alpha,600.105207785376,-0.0002064142538975
236,alpha,625.092056812204,-0.0002107201187824
236,alpha,650.078905839032,-0.0002132442464736
236,alpha,675.06575486586,-0.0002165107646622
236,alpha,700.052603892688,-0.0002199999999999
236,alpha,725.039452919516,-0.0002222271714922
236,alpha,750.026301946343,-0.0002227468448403
236,alpha,775.013150973172,-0.0002221529324424
236,alpha,800.0,-0.0002224498886414
236,rho,300.0,8.366533864541871e-06
236,rho,325.094441446303,8.521131156751384e-06
236,rho,349.919050188882,8.685968819599117e-06
236,rho,375.013491635186,8.866515102306006e-06
236,rho,400.107933081489,9.045126234179357e-06
236,rho,424.932541824069,9.2310813552445e-06
236,rho,450.026983270372,9.41963977641296e-06
236,rho,475.121424716675,9.621484457602117e-06
236,rho,499.946033459255,9.81520097792487e-06
236,rho,525.040474905558,9.941009394800146e-06
236,rho,550.134916351861,1.0153983485829054e-05
236,rho,574.959525094441,1.0332298841874194e-05
236,rho,600.053966540744,1.0497577482119517e-05
236,rho,624.878575283324,1.0601941747572815e-05
236,rho,649.973016729627,1.0708401976935748e-05
236,rho,675.067458175931,1.0817021951026236e-05
236,rho,699.89206691851,1.0927868065006806e-05
236,rho,724.986508364813,1.102673883189272e-05
236,rho,750.080949811117,1.1127415015896302e-05
236,rho,774.905558553696,1.1267024349979372e-05
236,rho,800.0,1.1433118351620747e-05
236,kappa,300.0,3.67581227436823
236,kappa,325.051124744376,3.57906137184115
236,kappa,350.102249488752,3.48158844765342
236,kappa,374.897750511247,3.3870036101083
236,kappa,399.948875255623,3.31263537906137
236,kappa,424.999999999999,3.26859205776173
236,kappa,450.051124744376,3.23537906137184
236,kappa,475.102249488752,3.1927797833935
236,kappa,499.897750511247,3.14873646209386
236,kappa,524.948875255623,3.10541516245487
236,kappa,550.0,3.06931407942238
236,kappa,575.051124744376,3.02888086642599
236,kappa,600.102249488752,3.01949458483754
236,kappa,624.897750511247,3.00361010830324
236,kappa,649.948875255623,2.98916967509025
236,kappa,675.0,2.9740072202166
236,kappa,700.051124744376,2.9653429602888
236,kappa,725.102249488752,2.96895306859205
236,kappa,749.897750511247,2.99061371841155
236,kappa,774.948875255623,3.02815884476534
236,kappa,800.0,3.08664259927797
236,ZT,300.0,0.206024096385542
236,ZT,325.124378109452,0.248192771084337
236,ZT,350.0,0.294377510040161
236,ZT,375.124378109452,0.342570281124498
236,ZT,400.0,0.396117804551539
236,ZT,425.124378109452,0.453012048192771
236,ZT,449.999999999999,0.498527443105756
236,ZT,475.124378109452,0.543373493975903
236,ZT,499.999999999999,0.596251673360107
236,ZT,525.124378109452,0.649799196787148
236,ZT,550.0,0.69665327978581
236,ZT,575.124378109452,0.753547523427041
236,ZT,600.0,0.803748326639893
236,ZT,625.124378109452,0.870013386880856
236,ZT,650.0,0.922222222222222
236,ZT,675.124378109452,0.975769745649263
236,ZT,700.0,1.04538152610441
236,ZT,725.124378109452,1.09290495314591
236,ZT,749.999999999999,1.11767068273092
236,ZT,775.124378109452,1.11900937081659
236,ZT,799.999999999999,1.12101740294511
237,alpha,295.93544530783,8.940909090909091e-05
237,alpha,327.017334130304,9.06287878787878e-05
237,alpha,376.031081888822,9.82651515151515e-05
237,alpha,432.934847579199,0.0001081287878787
237,alpha,476.927674835624,0.0001180984848484
237,alpha,524.028690974297,0.0001271136363636
237,alpha,572.803347280334,0.0001321515151515
237,alpha,626.838015540944,0.0001370833333333
237,alpha,674.895397489539,0.000140159090909
237,alpha,727.734608487746,0.0001409545454545
237,rho,295.784252944823,1.328385899814472e-05
237,rho,326.782393056416,1.3586337760910829e-05
237,rho,375.88344699318,1.363809523809524e-05
237,rho,432.672039677619,1.4088941361668635e-05
237,rho,476.813391196528,1.4291417165668672e-05
237,rho,523.93056416615,1.454102355808288e-05
237,rho,572.783632982021,1.4708299096138057e-05
237,rho,626.844389336639,1.4910453977509384e-05
237,rho,674.953502789832,1.5092748735244534e-05
237,rho,727.774333539987,1.5169491525423727e-05
237,kappa,295.663265306122,2.44220665499124
237,kappa,327.04081632653,2.4185639229422
237,kappa,375.765306122449,2.3739054290718
237,kappa,432.653061224489,2.47373029772329
237,kappa,476.785714285714,2.68388791593695
237,kappa,523.724489795918,2.59982486865148
237,kappa,572.959183673469,2.74956217162872
237,kappa,627.04081632653,2.68388791593695
237,kappa,675.0,2.86252189141856
237,kappa,728.061224489796,2.98073555166374
237,kappa,773.724489795918,3.28283712784588
237,ZT,295.468097793679,0.0739678284182304
237,ZT,326.475849731663,0.0824128686327076
237,ZT,375.611210494931,0.113190348525469
237,ZT,432.617769827072,0.143404825737265
237,ZT,476.744186046511,0.174932975871313
237,ZT,523.732856290995,0.22485254691689
237,ZT,572.868217054263,0.248498659517426
237,ZT,627.012522361359,0.294289544235924
237,ZT,674.955277280858,0.30798927613941
237,ZT,727.906976744186,0.32
239,alpha,297.971602434077,-0.0001686572438162
239,alpha,312.981744421906,-0.00017851590106
239,alpha,322.920892494929,-0.0001809540636042
239,alpha,333.062880324543,-0.0001809540636042
239,alpha,343.002028397565,-0.00017851590106
239,alpha,352.941176470588,-0.0001865724381625
239,alpha,362.88032454361,-0.0001842402826855
239,alpha,373.022312373225,-0.0001866784452296
239,alpha,382.961460446247,-0.0001909187279151
239,alpha,392.900608519269,-0.0001878445229681
239,alpha,403.042596348884,-0.0001932508833922
239,alpha,412.981744421906,-0.0001933568904593
239,alpha,422.920892494929,-0.0001966431095406
239,alpha,433.062880324543,-0.0002001413427561
239,alpha,443.002028397565,-0.0001995053003533
239,alpha,452.941176470588,-0.0002022614840989
239,alpha,463.083164300202,-0.0002052296819787
239,alpha,473.022312373225,-0.0002056537102473
239,alpha,482.961460446247,-0.0002065017667844
239,alpha,492.900608519269,-0.0002056537102473
239,alpha,503.042596348884,-0.0002089399293286
239,alpha,512.981744421906,-0.0002077738515901
239,alpha,522.920892494929,-0.0002107420494699
239,alpha,533.062880324543,-0.0002107420494699
239,alpha,543.002028397565,-0.0002130742049469
239,alpha,552.941176470588,-0.0002137102473498
239,alpha,563.083164300202,-0.0002165724381625
239,alpha,573.022312373225,-0.0002150883392226
239,alpha,592.900608519269,-0.0002150883392226
239,alpha,603.042596348884,-0.0002189045936395
239,alpha,622.920892494929,-0.0002199646643109
239,alpha,633.062880324543,-0.0002203886925795
239,alpha,643.002028397565,-0.0002206007067137
239,alpha,652.941176470588,-0.000223886925795
239,alpha,663.083164300202,-0.0002236749116607
239,alpha,673.022312373225,-0.0002202826855123
239,alpha,682.961460446247,-0.000224628975265
239,alpha,692.900608519269,-0.0002243109540636
239,alpha,703.042596348884,-0.0002267491166077
239,rho,298.039215686274,4.69307943939628e-06
239,rho,312.941176470588,4.8970935258632e-06
239,rho,322.941176470588,4.99059067434139e-06
239,rho,332.941176470588,5.06188314339592e-06
239,rho,342.941176470588,5.13419405224557e-06
239,rho,352.941176470588,5.25701504244818e-06
239,rho,362.941176470588,5.35738394767329e-06
239,rho,372.941176470588,5.45966913372596e-06
239,rho,382.941176470588,5.56390718695933e-06
239,rho,392.941176470588,5.67013539224694e-06
239,rho,402.941176470588,5.77839174631911e-06
239,rho,412.941176470588,5.888714971354e-06
239,rho,422.941176470588,6.00114452882817e-06
239,rho,432.941176470588,6.11572063363149e-06
239,rho,442.941176470588,6.232484268451571e-06
239,rho,452.941176470588,6.35147719843297e-06
239,rho,462.941176470588,6.472741986116e-06
239,rho,472.941176470588,6.59632200666099e-06
239,rho,482.941176470588,6.690552953100121e-06
239,rho,492.941176470588,6.7222614633631e-06
239,rho,502.941176470588,6.75412024963916e-06
239,rho,512.941176470588,6.75412024963918e-06
239,rho,522.941176470588,6.8182915024158494e-06
239,rho,532.941176470588,6.85060540346347e-06
239,rho,542.941176470588,6.981399734261991e-06
239,rho,552.941176470588,7.081131661200251e-06
239,rho,562.941176470588,7.14840986664828e-06
239,rho,572.941176470588,7.216327285875221e-06
239,rho,582.941176470588,7.31941524144743e-06
239,rho,592.941176470588,7.423975847325419e-06
239,rho,602.941176470588,7.494511433471091e-06
239,rho,612.941176470588,7.56571718194155e-06
239,rho,622.941176470588,7.60157335445704e-06
239,rho,632.941176470588,7.63759945998437e-06
239,rho,642.941176470588,7.74670544736806e-06
239,rho,652.941176470588,7.85737005491052e-06
239,rho,662.941176470588,7.93202334228432e-06
239,rho,672.941176470588,8.08346451044851e-06
239,rho,682.941176470588,8.19893984815302e-06
239,rho,692.941176470588,8.39507616487859e-06
239,rho,702.941176470588,8.51500299253291e-06
239,kappa,298.847815650504,4.14843152257077
239,kappa,313.058089294287,3.92348890589135
239,kappa,323.235717714834,3.86840091813313
239,kappa,333.413346135381,3.80872226472838
239,kappa,343.206913106097,3.77199693955623
239,kappa,353.384541526644,3.78117827084927
239,kappa,363.370139222275,3.72609028309104
239,kappa,372.971675468074,3.67100229533282
239,kappa,382.957273163706,3.64345830145371
239,kappa,393.134901584253,3.592960979342
239,kappa,402.928468554968,3.58377964804896
239,kappa,413.106096975516,3.51032899770466
239,kappa,423.091694671147,3.49655700076511
239,kappa,433.077292366778,3.50573833205814
239,kappa,443.06289006241,3.45065034429992
239,kappa,453.048487758041,3.41851568477429
239,kappa,463.034085453672,3.38638102524866
239,kappa,473.019683149303,3.36342769701606
239,kappa,483.005280844935,3.35883703136954
239,kappa,492.990878540566,3.38638102524866
239,kappa,502.976476236197,3.34506503442999
239,kappa,512.962073931829,3.29456771231828
239,kappa,522.94767162746,3.27620504973221
239,kappa,532.933269323091,3.26702371843917
239,kappa,542.918867018723,3.25325172149961
239,kappa,552.904464714354,3.23029839326702
239,kappa,563.082093134901,3.21652639632746
239,kappa,573.067690830532,3.24866105585309
239,kappa,583.053288526164,3.23947972456006
239,kappa,593.038886221795,3.19357306809487
239,kappa,603.024483917426,3.17980107115531
239,kappa,613.010081613058,3.19816373374139
239,kappa,622.995679308689,3.18898240244835
239,kappa,632.98127700432,3.2257077276205
239,kappa,642.966874699952,3.25784238714613
239,kappa,652.952472395583,3.21652639632746
239,kappa,662.938070091214,3.17980107115531
239,kappa,672.923667786846,3.17980107115531
239,kappa,682.909265482477,3.32670237184391
239,kappa,693.086893903024,3.33588370313695
239,kappa,703.072491598655,3.25784238714613
239,ZT,297.517899761336,0.439900249376558
239,ZT,312.983293556085,0.527680798004988
239,ZT,322.911694510739,0.557605985037406
239,ZT,332.649164677804,0.571571072319202
239,ZT,342.959427207637,0.56857855361596
239,ZT,352.696897374701,0.623441396508728
239,ZT,362.816229116945,0.622443890274314
239,ZT,372.744630071599,0.657356608478803
239,ZT,382.863961813842,0.695261845386533
239,ZT,392.983293556085,0.691271820448877
239,ZT,402.911694510739,0.73715710723192
239,ZT,412.649164677804,0.760099750623441
239,ZT,422.959427207637,0.796009975062344
239,ZT,432.696897374701,0.824937655860349
239,ZT,443.007159904534,0.841895261845386
239,ZT,452.935560859188,0.874812967581047
239,ZT,463.054892601431,0.909725685785536
239,ZT,472.983293556085,0.932668329177057
239,ZT,482.911694510739,0.948628428927681
239,ZT,493.031026252983,0.941645885286783
239,ZT,502.959427207637,0.994513715710723
239,ZT,513.07875894988,1.00947630922693
239,ZT,523.007159904534,1.05137157107231
239,ZT,532.935560859188,1.0643391521197
239,ZT,543.054892601431,1.09925187032418
239,ZT,552.983293556086,1.12618453865336
239,ZT,562.911694510739,1.17306733167082
239,ZT,573.031026252983,1.1501246882793
239,ZT,593.07875894988,1.1860349127182
239,ZT,603.007159904534,1.23990024937655
239,ZT,623.054892601432,1.26683291770573
239,ZT,632.983293556086,1.26084788029925
239,ZT,642.911694510739,1.24688279301745
239,ZT,653.031026252983,1.31371571072319
239,ZT,662.959427207637,1.32668329177057
239,ZT,673.07875894988,1.29177057356608
239,ZT,683.007159904534,1.2788029925187
239,ZT,692.935560859188,1.26982543640897
239,ZT,703.054892601431,1.31870324189526
241,alpha,300.0,-0.0001282846932698
241,alpha,324.935064935064,-0.0001297617629541
241,alpha,349.870129870129,-0.0001311911852293
241,alpha,375.064935064935,-0.0001326682549136
241,alpha,400.0,-0.0001374329958308
241,alpha,424.935064935064,-0.0001431030375223
241,alpha,450.12987012987,-0.0001485824895771
241,alpha,475.064935064935,-0.0001527754615842
241,alpha,500.0,-0.0001559678379988
241,alpha,524.935064935064,-0.0001591602144133
241,alpha,550.12987012987,-0.0001625431804645
241,alpha,575.064935064935,-0.0001663073257891
241,alpha,600.0,-0.0001700714711137
241,alpha,624.935064935064,-0.000172930315664
241,alpha,650.12987012987,-0.0001758844550327
241,alpha,675.064935064935,-0.0001787909469922
241,alpha,699.999999999999,-0.0001812686122692
241,alpha,724.935064935064,-0.0001837462775461
241,alpha,750.12987012987,-0.0001862239428231
241,alpha,775.064935064935,-0.0001877010125074
241,alpha,799.999999999999,-0.0001892733770101
241,alpha,824.935064935064,-0.0001907980941036
241,alpha,850.12987012987,-0.0001922751637879
241,rho,300.0,5.145530145530155e-06
241,rho,325.052742616033,5.337886412652777e-06
241,rho,350.105485232067,5.549327354260095e-06
241,rho,374.894514767932,5.77821011673152e-06
241,rho,399.947257383966,5.978260869565226e-06
241,rho,425.0,6.17463617463621e-06
241,rho,450.052742616033,6.384350816852992e-06
241,rho,475.105485232067,6.591211717709752e-06
241,rho,499.894514767932,6.793229643183907e-06
241,rho,524.947257383966,7.008022652194465e-06
241,rho,550.0,7.219251336898423e-06
241,rho,575.052742616033,7.402791625124632e-06
241,rho,600.105485232067,7.599795291709348e-06
241,rho,624.894514767932,7.778941854374051e-06
241,rho,649.947257383966,7.971014492753652e-06
241,rho,675.0,8.168316831683197e-06
241,rho,700.052742616033,8.342696629213542e-06
241,rho,725.105485232067,8.510028653295165e-06
241,rho,749.894514767932,8.674065420560769e-06
241,rho,774.947257383966,8.740435550323751e-06
241,rho,800.0,8.807829181494703e-06
241,rho,825.052742616033,8.886894075403991e-06
241,rho,850.105485232067,8.961979480989788e-06
241,kappa,300.0,2.66379310344827
241,kappa,325.073746312684,2.63793103448275
241,kappa,349.901671583087,2.60344827586206
241,kappa,374.975417895771,2.57112068965517
241,kappa,400.049164208456,2.54525862068965
241,kappa,425.12291052114,2.50862068965517
241,kappa,449.950835791543,2.47844827586206
241,kappa,475.024582104228,2.44827586206896
241,kappa,500.098328416912,2.43965517241379
241,kappa,524.926253687315,2.42456896551724
241,kappa,550.0,2.41379310344827
241,kappa,575.073746312684,2.40301724137931
241,kappa,599.901671583087,2.40948275862069
241,kappa,624.975417895771,2.41594827586206
241,kappa,650.049164208456,2.42241379310344
241,kappa,674.877089478859,2.43103448275862
241,kappa,699.950835791543,2.46551724137931
241,kappa,725.024582104228,2.49353448275862
241,kappa,750.098328416912,2.52155172413793
241,kappa,774.926253687315,2.55387931034482
241,kappa,800.0,2.58620689655172
241,kappa,825.073746312684,2.61422413793103
241,kappa,849.901671583087,2.64224137931034
241,ZT,300.0,0.357902735562309
241,ZT,325.0,0.3870820668693
241,ZT,350.0,0.416261398176291
241,ZT,375.0,0.446170212765957
241,ZT,400.0,0.499422492401215
241,ZT,425.0,0.559240121580547
241,ZT,449.999999999999,0.6270820668693
241,ZT,474.999999999999,0.685440729483282
241,ZT,500.0,0.733586626139817
241,ZT,525.0,0.784650455927051
241,ZT,550.0,0.837173252279635
241,ZT,575.0,0.894072948328267
241,ZT,600.0,0.946595744680851
241,ZT,625.0,0.994741641337386
241,ZT,650.0,1.04142857142857
241,ZT,675.0,1.0895744680851
241,ZT,699.999999999999,1.12604863221884
241,ZT,725.0,1.16033434650455
241,ZT,750.0,1.19534954407294
241,ZT,775.0,1.22963525835866
241,ZT,799.999999999999,1.2661094224924
241,ZT,824.999999999999,1.30258358662614
241,ZT,850.0,1.33905775075987
242,alpha,300.0,0.0001280934343434
242,alpha,324.985962942167,0.0001342803030303
242,alpha,349.971925884334,0.0001402777777777
242,alpha,374.957888826501,0.0001464646464646
242,alpha,399.943851768669,0.0001524621212121
242,alpha,424.929814710836,0.0001580808080808
242,alpha,449.915777653003,0.0001636363636363
242,alpha,474.901740595171,0.0001687499999999
242,alpha,499.887703537338,0.0001738636363636
242,alpha,524.873666479505,0.0001789772727272
242,alpha,549.859629421673,0.0001836489898989
242,alpha,575.126333520494,0.0001869949494949
242,alpha,600.112296462661,0.0001902146464646
242,alpha,625.098259404828,0.0001934974747474
242,alpha,650.084222346996,0.0001962121212121
242,alpha,675.070185289163,0.0001972222222222
242,alpha,700.05614823133,0.0001982954545454
242,alpha,725.042111173497,0.0001993055555555
242,alpha,750.028074115665,0.0001996212121212
242,alpha,775.014037057832,0.0001979797979797
242,alpha,800.0,0.0001964646464646
242,rho,300.0,1.064801598629746e-05
242,rho,324.903154399557,1.091281451141019e-05
242,rho,350.083010514665,1.1191119111911198e-05
242,rho,374.986164914222,1.149283623478663e-05
242,rho,399.889319313779,1.1801930074355322e-05
242,rho,425.069175428887,1.2040025823111686e-05
242,rho,449.972329828445,1.2298054731289155e-05
242,rho,474.875484228002,1.2546249579549286e-05
242,rho,500.05534034311,1.2815667411097762e-05
242,rho,524.958494742667,1.3062510943792678e-05
242,rho,550.138350857775,1.3319050169612568e-05
242,rho,575.041505257332,1.3499819037278336e-05
242,rho,599.944659656889,1.3710714942106237e-05
242,rho,625.124515771997,1.3902348117778609e-05
242,rho,650.027670171555,1.411275066212637e-05
242,rho,674.930824571112,1.4315870274419513e-05
242,rho,700.11068068622,1.4510795565065164e-05
242,rho,725.013835085777,1.4595969477597348e-05
242,rho,749.916989485334,1.4696611505122156e-05
242,rho,775.096845600442,1.4725621792341096e-05
242,rho,800.0,1.4783987316686502e-05
242,kappa,300.0,1.97309462915601
242,kappa,325.094441446303,1.9479283887468
242,kappa,349.919050188882,1.92030690537084
242,kappa,375.013491635186,1.88838874680306
242,kappa,400.107933081489,1.85401534526854
242,kappa,424.932541824069,1.84664961636828
242,kappa,450.026983270372,1.83928388746803
242,kappa,475.121424716675,1.82946291560102
242,kappa,499.946033459255,1.81841432225063
242,kappa,525.040474905558,1.81473145780051
242,kappa,550.134916351861,1.81104859335038
242,kappa,574.959525094441,1.80675191815856
242,kappa,600.053966540744,1.80245524296675
242,kappa,624.878575283324,1.83375959079283
242,kappa,649.973016729627,1.86567774936061
242,kappa,675.06745817593,1.89882352941176
242,kappa,699.89206691851,1.9325831202046
242,kappa,724.986508364813,2.03263427109974
242,kappa,750.080949811117,2.13759590792838
242,kappa,774.905558553696,2.24439897698209
242,kappa,800.0,2.35304347826087
242,ZT,300.0,0.232472324723247
242,ZT,324.953212726138,0.27330873308733
242,ZT,349.906425452276,0.320049200492004
242,ZT,374.859638178415,0.369249692496924
242,ZT,400.12476606363,0.424354243542435
242,ZT,425.077978789769,0.47650676506765
242,ZT,450.031191515907,0.532595325953259
242,ZT,474.984404242046,0.589667896678966
242,ZT,499.937616968184,0.64870848708487
242,ZT,524.890829694323,0.706273062730627
242,ZT,550.155957579538,0.764821648216482
242,ZT,575.109170305676,0.818942189421894
242,ZT,600.062383031815,0.874538745387453
242,ZT,625.015595757953,0.914391143911439
242,ZT,649.968808484092,0.95030750307503
242,ZT,674.92202121023,0.969495694956949
242,ZT,699.875233936369,0.987699876998769
242,ZT,725.140361821584,0.970479704797047
242,ZT,750.093574547723,0.949815498154981
242,ZT,775.046787273861,0.920295202952029
242,ZT,800.0,0.892250922509225
244,alpha,361.916614810205,-6.83246073298429e-05
244,alpha,421.904169259489,-8.029169783096479e-05
244,alpha,461.978842563783,-9.693343305908752e-05
244,alpha,521.717485998755,-0.0001169409124906
244,alpha,571.499688861232,-0.000136574420344
244,alpha,611.574362165525,-0.0001532161555721
244,alpha,661.854387056627,-0.0001706058339566
244,alpha,721.593030491599,-0.000187995512341
244,alpha,771.624144368388,-0.0001982797307404
244,alpha,821.904169259489,-0.0002104338070306
244,rho,361.327231121281,6.496631376323389e-06
244,rho,421.510297482837,6.53512993262753e-06
244,rho,461.327231121281,6.8046198267565e-06
244,rho,521.281464530892,7.57459095283928e-06
244,rho,571.395881006865,8.57555341674687e-06
244,rho,611.441647597254,9.6920115495669e-06
244,rho,661.327231121281,1.15014436958614e-05
244,rho,721.281464530892,1.38883541867179e-05
244,rho,771.395881006865,1.5851780558229002e-05
244,rho,821.281464530892,1.7699711260827702e-05
244,kappa,424.250499666888,1.55182341650671
244,kappa,464.223850766155,1.457773512476
244,kappa,523.98401065956,1.37140115163147
244,kappa,570.35309793471,1.33301343570057
244,kappa,617.121918720852,1.35412667946257
244,kappa,667.688207861425,1.42706333973128
244,kappa,721.652231845436,1.55950095969289
244,kappa,770.819453697535,1.71113243761996
244,kappa,822.584943371086,1.91074856046065
244,ZT,421.13606340819,0.277724358974358
244,ZT,461.16248348745,0.442788461538461
244,ZT,521.20211360634,0.699198717948717
244,ZT,571.334214002641,0.939583333333333
244,ZT,621.070013210039,1.13189102564102
244,ZT,671.598414795244,1.1951923076923
244,ZT,721.730515191545,1.18477564102564
244,ZT,771.664464993395,1.13028846153846
244,ZT,821.598414795244,1.08461538461538
246,alpha,298.003742981908,-0.0001397590361445
246,alpha,322.956955708047,-0.0001518072289156
246,alpha,373.112913287585,-0.0001710843373493
246,alpha,423.019338739862,-0.0001921686746987
246,alpha,472.925764192139,-0.0002024096385542
246,alpha,523.081721771678,-0.0002114457831325
246,alpha,572.988147223955,-0.0002222891566265
246,alpha,622.894572676232,-0.0002313253012048
246,alpha,673.05053025577,-0.000233734939759
246,alpha,722.956955708047,-0.0002361445783132
246,alpha,773.112913287585,-0.0002385542168674
246,rho,297.872340425532,4.688976377952758e-06
246,rho,322.893617021276,5.501154734411093e-06
246,rho,372.936170212766,7.0058823529411794e-06
246,rho,422.978723404255,9.41501976284588e-06
246,rho,473.021276595744,1.1647921760391206e-05
246,rho,523.063829787234,1.4480243161094232e-05
246,rho,573.106382978723,1.683392226148411e-05
246,rho,622.893617021276,1.944489795918372e-05
246,rho,672.936170212766,2.2685714285714307e-05
246,rho,722.978723404255,2.4683937823834203e-05
246,rho,773.021276595744,2.753757225433536e-05
246,kappa,298.02590993214,2.74212598425196
246,kappa,322.948797038864,2.53346456692913
246,kappa,373.041332510795,2.22440944881889
246,kappa,422.887106724244,1.94685039370078
246,kappa,472.979642196175,1.74015748031496
246,kappa,523.072177668106,1.55511811023622
246,kappa,572.917951881554,1.37204724409448
246,kappa,623.010487353485,1.23818897637795
246,kappa,673.103022825416,1.15944881889763
246,kappa,722.948797038864,1.12401574803149
246,kappa,773.041332510795,1.1259842519685
246,ZT,298.113207547169,0.457487091222031
246,ZT,322.969647251845,0.541394148020653
246,ZT,372.92863002461,0.700172117039586
246,ZT,422.887612797374,0.856368330464715
246,ZT,473.092698933552,0.960929432013769
246,ZT,523.051681706316,1.04354561101549
246,ZT,573.010664479081,1.23072289156626
246,ZT,622.969647251845,1.39853700516351
246,ZT,672.92863002461,1.40757314974182
246,ZT,722.887612797374,1.4643717728055
246,ZT,773.092698933551,1.41919104991394
248,alpha,297.979797979798,-0.0001857505285412
248,alpha,322.895622895622,-0.0001906553911205
248,alpha,373.063973063973,-0.0001941226215644
248,alpha,423.063973063973,-0.0001929386892177
248,alpha,473.232323232323,-0.0001804228329809
248,alpha,523.063973063973,-0.000163932346723
248,alpha,573.063973063973,-0.0001410147991543
248,rho,298.395378690629,1.50109409190371e-05
248,rho,323.106546854942,1.57986870897155e-05
248,rho,373.652118100128,1.76805251641137e-05
248,rho,423.395378690629,1.9562363238512e-05
248,rho,473.138639281129,2.0853391684901495e-05
248,rho,523.202824133504,2.13129102844638e-05
248,rho,572.946084724005,2.08971553610503e-05
248,kappa,297.975708502024,0.939516129032257
248,kappa,322.604588394062,0.918346774193548
248,kappa,372.874493927125,0.908266129032258
248,kappa,423.313090418353,0.921370967741935
248,kappa,473.076923076923,0.984879032258064
248,kappa,523.178137651821,1.1008064516129
248,kappa,572.941970310391,1.25100806451612
248,ZT,297.93956043956,0.715564738292011
248,ZT,323.008241758241,0.805096418732782
248,ZT,372.973901098901,0.87258953168044
248,ZT,422.93956043956,0.869146005509641
248,ZT,473.076923076923,0.742424242424242
248,ZT,523.042582417582,0.594352617079889
248,ZT,572.493131868131,0.430440771349862
249,alpha,302.527075812274,0.0001376923076923
249,alpha,322.86401925391,0.0001462412587412
249,alpha,345.006016847172,0.0001527972027972
249,alpha,367.990373044524,0.0001599825174825
249,alpha,392.057761732852,0.0001656993006993
249,alpha,416.004813477737,0.0001708391608391
249,alpha,440.192539109506,0.0001761363636363
249,alpha,464.7412755716,0.0001811713286713
249,alpha,487.966305655836,0.000184423076923
249,rho,302.541296060991,4.75180375180375e-06
249,rho,322.871664548919,5.227994227994221e-06
249,rho,344.980940279542,5.776334776334771e-06
249,rho,367.979669631512,6.38961038961039e-06
249,rho,391.994917407878,7.08946608946609e-06
249,rho,416.010165184244,7.868686868686872e-06
249,rho,440.152477763659,8.720057720057722e-06
249,rho,464.675984752223,9.492063492063491e-06
249,rho,488.055908513341,1.03867243867243e-05
249,kappa,302.557856272837,1.35100521221146
249,kappa,322.777101096224,1.28994787788533
249,kappa,344.945188794153,1.24750558451228
249,kappa,367.965895249695,1.19985107967237
249,kappa,391.961023142509,1.14772896500372
249,kappa,415.956151035322,1.10081906180193
249,kappa,440.194884287454,1.05986597170513
249,kappa,464.677222898903,1.02933730454207
249,kappa,488.063337393422,1.01816827997021
249,ZT,302.577319587628,0.895350669818754
249,ZT,322.809278350515,1.02773837667454
249,ZT,344.974226804123,1.12072498029944
249,ZT,368.041237113402,1.23183609141055
249,ZT,392.01030927835,1.32482269503546
249,ZT,415.979381443298,1.40914105594956
249,ZT,440.20618556701,1.48557919621749
249,ZT,464.690721649484,1.56753349093774
249,ZT,488.015463917525,1.57856579984239
250,alpha,302.98120544394,0.0001344423440453
250,alpha,325.664290343486,0.0001415879017013
250,alpha,348.088139987038,0.0001478260869565
250,alpha,372.197018794556,0.0001539508506616
250,alpha,396.824368114063,0.000159224952741
250,alpha,422.099805573558,0.0001638185255198
250,alpha,446.597537265068,0.0001673913043478
250,alpha,471.354504212572,0.0001701701323251
250,alpha,496.500324044069,0.0001720415879017
250,rho,302.960102960103,4.77245508982035e-06
250,rho,325.611325611325,5.26646706586826e-06
250,rho,348.005148005148,5.796407185628741e-06
250,rho,372.200772200772,6.443113772455081e-06
250,rho,396.782496782496,7.134730538922152e-06
250,rho,422.007722007722,7.93413173652694e-06
250,rho,446.589446589446,8.80538922155688e-06
250,rho,471.299871299871,9.75748502994011e-06
250,rho,496.396396396396,1.07724550898203e-05
250,kappa,303.0124426981,1.33424657534246
250,kappa,325.671250818598,1.29657534246575
250,kappa,348.068107400131,1.25410958904109
250,kappa,372.167648984937,1.21712328767123
250,kappa,396.791093647675,1.16780821917808
250,kappa,422.069417157825,1.12534246575342
250,kappa,446.56188605108,1.07397260273972
250,kappa,471.3163064833,1.02671232876712
250,kappa,496.463654223968,0.993150684931507
250,ZT,303.056027164685,0.869709543568464
250,ZT,325.636672325976,0.963139695712309
250,ZT,348.047538200339,1.05076071922544
250,ZT,372.156196943972,1.13063623789764
250,ZT,396.774193548387,1.20905947441217
250,ZT,422.071307300509,1.26908713692946
250,ZT,446.519524617996,1.32427385892116
250,ZT,471.307300509337,1.36396957123098
250,ZT,496.434634974533,1.37413554633471
251,alpha,300.0,-0.0001156249999999
251,alpha,339.007,-0.000125
251,alpha,378.014,-0.000134375
251,alpha,417.021,-0.000140625
251,alpha,459.574,-0.00015
251,alpha,498.582,-0.0001578129999999
251,alpha,539.362,-0.0001687499999999
251,alpha,578.369,-0.000175
251,alpha,617.376,-0.0001828129999999
251,alpha,656.383,-0.0001859379999999
251,alpha,697.163,-0.0001921879999999
251,alpha,736.17,-0.000196875
251,alpha,776.95,-0.0001999999999999
251,alpha,800.0,-0.0001999999999999
251,rho,301.773,5.090664739001619e-06
251,rho,339.007,5.4804730744357856e-06
251,rho,381.56,5.877616273943939e-06
251,rho,420.567,6.336814356686607e-06
251,rho,459.574,6.797033774460825e-06
251,rho,500.355,7.242073550498979e-06
251,rho,537.589,7.749474973070574e-06
251,rho,576.596,8.333333333333334e-06
251,rho,617.376,8.752965066916418e-06
251,rho,658.156,9.28755189419621e-06
251,rho,700.709,9.811809493906866e-06
251,rho,737.943,1.031073460890868e-05
251,rho,778.723,1.076696308116029e-05
251,rho,800.0,1.076696308116029e-05
251,kappa,299.506,2.6986
251,kappa,343.384,2.65838
251,kappa,387.262,2.61815
251,kappa,428.373,2.55816
251,kappa,458.515,2.50823
251,kappa,499.637,2.45814
251,kappa,543.472,2.37831
251,kappa,579.115,2.3382
251,kappa,614.746,2.28819
251,kappa,658.646,2.26777
251,kappa,697.055,2.24742
251,kappa,735.507,2.26668
251,kappa,773.97,2.29584
251,kappa,801.421,2.29545
251,ZT,297.765,0.299139
251,ZT,338.601,0.365969
251,ZT,375.878,0.432765
251,ZT,418.462,0.523341
251,ZT,455.72,0.604374
251,ZT,496.512,0.704425
251,ZT,537.317,0.794984
251,ZT,576.323,0.899764
251,ZT,617.127,0.990323
251,ZT,657.925,1.08563
251,ZT,698.736,1.17144
251,ZT,737.799,1.23351
251,ZT,778.68,1.26712
251,ZT,798.246,1.27205
252,alpha,300.0,5.92593e-05
252,alpha,325.592,6.2963e-05
252,alpha,371.09,7.77778e-05
252,alpha,425.118,8.7037e-05
252,alpha,467.773,0.0001
252,alpha,516.114,0.0001129629999999
252,alpha,572.986,0.000124074
252,alpha,621.327,0.000133333
252,alpha,675.355,0.0001444439999999
252,alpha,723.697,0.000155556
252,alpha,769.194,0.000162963
252,alpha,820.379,0.0001759259999999
252,alpha,874.408,0.0001796299999999
252,rho,302.294,5.783221717154192e-06
252,rho,325.315,6.400696395767859e-06
252,rho,371.26,6.564048705241393e-06
252,rho,423.016,7.846583597501648e-06
252,rho,474.717,8.37619151324276e-06
252,rho,517.806,8.987390690860723e-06
252,rho,569.534,1.0549947672259544e-05
252,rho,621.235,1.1530195275387186e-05
252,rho,667.167,1.1487505614518368e-05
252,rho,718.882,1.3372166103698474e-05
252,rho,770.569,1.4097552242004224e-05
252,rho,816.515,1.4915110647748344e-05
252,rho,873.93,1.4826016694094798e-05
252,kappa,297.804,3.17359
252,kappa,327.4,3.17096
252,kappa,378.484,3.00597
252,kappa,426.853,2.73427
252,kappa,472.58,2.67672
252,kappa,526.33,2.40455
252,kappa,572.009,2.13309
252,kappa,623.117,2.07506
252,kappa,671.546,2.07074
252,kappa,728.023,1.95875
252,kappa,776.441,1.90096
252,kappa,822.18,1.89688
252,kappa,878.681,1.89185
252,ZT,305.59,0.0780822
252,ZT,326.087,0.090411
252,ZT,370.807,0.135616
252,ZT,426.708,0.184932
252,ZT,475.155,0.234247
252,ZT,521.739,0.29589
252,ZT,566.46,0.373973
252,ZT,624.224,0.447945
252,ZT,670.807,0.534247
252,ZT,722.981,0.632877
252,ZT,771.429,0.735616
252,ZT,823.602,0.854795
252,ZT,873.913,0.982192
253,alpha,330.85827216262,-0.0002044568245125
253,alpha,373.037831733483,-0.0002210306406685
253,alpha,423.009599096555,-0.0002449164345403
253,alpha,471.626199887069,-0.0002678272980501
253,alpha,520.581592320722,-0.0002809888579387
253,alpha,569.536984754376,-0.0002912256267409
253,alpha,617.98418972332,-0.000292200557103
253,alpha,666.939582156973,-0.000283426183844
253,rho,330.873061458931,4.7641754811860645e-05
253,rho,373.090178058587,5.622058522611022e-05
253,rho,423.061458931648,6.729120744550593e-05
253,rho,471.998851234922,9.4774060020697e-05
253,rho,520.936243538196,0.0001572696050372
253,rho,570.045950603101,0.0001416967509025
253,rho,617.949454336588,0.0001399643402954
253,rho,667.059161401493,0.0001527237354085
253,kappa,302.936857562408,0.521001390820584
253,kappa,343.07391091532,0.463838664812239
253,kappa,383.015173764072,0.435465924895688
253,kappa,422.956436612824,0.415438108484005
253,kappa,463.093489965736,0.394993045897079
253,kappa,503.034752814488,0.377051460361613
253,kappa,542.97601566324,0.362030598052851
253,kappa,582.917278511992,0.349095966620306
253,kappa,623.054331864904,0.340333796940194
253,kappa,662.995594713656,0.337413073713491
253,ZT,332.967959527824,0.604151223128243
253,ZT,372.934232715008,0.723498888065233
253,ZT,423.018549747048,0.904373610081541
253,ZT,472.934232715008,0.913269088213491
253,ZT,523.018549747048,0.706449221645663
253,ZT,572.934232715008,0.969607116382505
253,ZT,623.018549747048,1.11489992587101
253,ZT,662.984822934232,1.03632320237212
255,alpha,312.91,0.000116667
255,alpha,337.295,0.000128333
255,alpha,363.115,0.000138333
255,alpha,386.066,0.00015
255,alpha,411.885,0.000158333
255,alpha,436.27,0.000168333
255,alpha,462.09,0.0001766669999999
255,alpha,486.475,0.000183333
255,alpha,510.861,0.0001908329999999
255,alpha,538.115,0.000195833
255,alpha,562.5,0.000195833
255,alpha,586.885,0.0001975
255,alpha,612.705,0.0001925
255,alpha,638.525,0.0001908329999999
255,rho,310.746,1.998437222092324e-05
255,rho,335.275,2.1581538288886157e-05
255,rho,359.804,2.3456118293895777e-05
255,rho,384.286,2.5227234313075027e-05
255,rho,410.138,2.664137512121826e-05
255,rho,436.026,2.865419826985951e-05
255,rho,461.878,3.0492639076926828e-05
255,rho,487.766,3.3158477627975145e-05
255,rho,513.665,3.657109420713868e-05
255,rho,536.672,3.990502603802949e-05
255,rho,563.79,3.930493158976657e-05
255,rho,586.716,4.098327062892927e-05
255,rho,612.393,4.0066028815487925e-05
255,rho,636.596,3.8129954510964274e-05
255,kappa,312.556,0.594652
255,kappa,339.238,0.596791
255,kappa,364.35,0.57754
255,kappa,387.892,0.547594
255,kappa,413.004,0.562567
255,kappa,436.547,0.551872
255,kappa,464.798,0.564706
255,kappa,486.771,0.524064
255,kappa,513.453,0.500535
255,kappa,538.565,0.509091
255,kappa,562.108,0.528342
255,kappa,588.789,0.543316
255,kappa,612.332,0.554011
255,kappa,637.444,0.605348
255,ZT,312.239,0.351489
255,ZT,337.266,0.412229
255,ZT,362.244,0.50819
255,ZT,385.624,0.624255
255,ZT,412.221,0.685018
255,ZT,437.213,0.770916
255,ZT,462.254,0.821593
255,ZT,485.62,0.947721
255,ZT,509.071,1.01347
255,ZT,535.766,1.00379
255,ZT,560.85,1.02428
255,ZT,585.982,1.00954
255,ZT,611.094,1.00991
255,ZT,636.248,0.980077
256,alpha,300.12,9.63071e-05
256,alpha,318.849,0.000101712
256,alpha,339.921,0.000107891
256,alpha,359.824,0.0001140729999999
256,alpha,380.895,0.0001202519999999
256,alpha,399.63,0.000126437
256,alpha,421.853,0.0001302709999999
256,alpha,439.42,0.00013646
256,alpha,460.474,0.000140297
256,alpha,479.193,0.000144142
256,alpha,501.411,0.000147194
256,alpha,518.955,0.000150262
256,alpha,539.988,0.000150977
256,alpha,549.334,0.000150947
256,rho,303.129,2.9543755779497224e-06
256,rho,321.453,3.250436371082818e-06
256,rho,344.428,3.5694398834934823e-06
256,rho,361.627,3.930230547323906e-06
256,rho,382.297,4.373056722918753e-06
256,rho,403.011,4.768648994053494e-06
256,rho,422.568,5.242491441632722e-06
256,rho,442.145,5.708023197406274e-06
256,rho,460.555,6.331037277147488e-06
256,rho,481.322,6.780718349301925e-06
256,rho,499.743,7.579432452097987e-06
256,rho,521.657,8.351079377009479e-06
256,rho,540.131,8.873271930291574e-06
256,rho,550.514,9.305788200260565e-06
256,kappa,301.055,2.37919
256,kappa,320.042,2.26358
256,kappa,340.084,2.1711
256,kappa,359.072,2.06705
256,kappa,380.169,1.95145
256,kappa,399.156,1.88208
256,kappa,419.198,1.83584
256,kappa,438.186,1.77803
256,kappa,459.283,1.72023
256,kappa,479.325,1.69711
256,kappa,497.257,1.67399
256,kappa,520.464,1.67399
256,kappa,537.342,1.69711
256,kappa,547.89,1.68555
256,ZT,301.826,0.409678
256,ZT,320.469,0.457524
256,ZT,339.141,0.521586
256,ZT,359.996,0.585554
256,ZT,381.933,0.644069
256,ZT,400.605,0.708132
256,ZT,420.331,0.750525
256,ZT,441.176,0.809088
256,ZT,461.974,0.840623
256,ZT,480.551,0.850631
256,ZT,503.494,0.860451
256,ZT,519.84,0.843526
256,ZT,539.432,0.810244
256,ZT,552.484,0.782651
257,alpha,305.042,-0.000162815
257,alpha,354.218,-0.0001773139999999
257,alpha,403.424,-0.000198115
257,alpha,450.368,-0.0002126229999999
257,alpha,501.776,-0.000227112
257,alpha,553.174,-0.0002395009999999
257,alpha,597.876,-0.000251918
257,alpha,649.274,-0.0002643059999999
257,alpha,698.4,-0.000268302
257,alpha,745.324,-0.000278608
257,alpha,798.934,-0.000286786
257,rho,306.656,6.167129201356769e-05
257,rho,353.536,6.824308185757668e-05
257,rho,404.92,7.55138718982677e-05
257,rho,451.901,8.033741715203857e-05
257,rho,505.568,8.817020376134091e-05
257,rho,550.266,9.764290038471303e-05
257,rho,601.671,0.000111312339084
257,rho,653.136,0.0001221623219636
257,rho,700.137,0.0001325567276515
257,rho,747.118,0.0001481747098368
257,rho,798.623,0.0001598105286372
257,kappa,297.685,0.664479
257,kappa,348.611,0.625869
257,kappa,399.537,0.59305
257,kappa,448.148,0.567954
257,kappa,496.759,0.542857
257,kappa,547.685,0.525483
257,kappa,600.926,0.504247
257,kappa,647.222,0.484942
257,kappa,698.148,0.467568
257,kappa,746.759,0.448263
257,kappa,795.37,0.423166
257,ZT,293.852,0.191331
257,ZT,344.956,0.260246
257,ZT,393.581,0.346003
257,ZT,444.585,0.427594
257,ZT,490.797,0.521742
257,ZT,544.215,0.594941
257,ZT,592.873,0.676473
257,ZT,643.845,0.762289
257,ZT,690.189,0.839536
257,ZT,743.508,0.925412
257,ZT,789.819,1.00688
258,alpha,296.1345,0.000262156
258,alpha,321.7728,0.000266352
258,alpha,345.6871,0.000268105
258,alpha,373.799,0.0002594349999999
258,alpha,396.768,0.0002477219999999
258,alpha,422.294,0.000235388
258,alpha,448.59,0.000210806
258,alpha,473.233,0.000194189
258,rho,297.1561,2.0839932645337693e-05
258,rho,320.7848,2.300865815806488e-05
258,rho,346.1013,2.568112770967999e-05
258,rho,371.4177,2.826807177828786e-05
258,rho,395.89,3.0261123232372142e-05
258,rho,422.051,3.212655291725163e-05
258,rho,447.367,3.226868195341693e-05
258,rho,471.84,3.270250206843326e-05
258,kappa,298.4273,0.980785
258,kappa,322.04,0.973905
258,kappa,348.2056,0.976177
258,kappa,371.8682,0.990834
258,kappa,398.098,1.0208
258,kappa,422.668,1.06312
258,kappa,448.126,1.12388
258,kappa,472.853,1.2339
258,ZT,298.8454,0.989796
258,ZT,322.5169,1.01429
258,ZT,348.7246,0.993878
258,ZT,372.3961,0.895918
258,ZT,396.913,0.789796
258,ZT,422.275,0.695918
258,ZT,447.638,0.54898
258,ZT,473.845,0.434694
259,alpha,297.197,-0.000107373
259,alpha,318.93,-0.0001165699999999
259,alpha,367.119,-0.000129632
259,alpha,420.127,-0.000144
259,alpha,470.735,-0.000158379
259,alpha,521.304,-0.000170103
259,alpha,569.474,-0.000181837
259,alpha,619.986,-0.000189579
259,alpha,668.117,-0.0001986579999999
259,alpha,721.01,-0.000205062
259,alpha,771.483,-0.000210149
259,alpha,819.557,-0.000215246
259,alpha,872.373,-0.00021634
259,rho,301.104,2.7928514175117367e-05
259,rho,322.809,3.037620935283486e-05
259,rho,373.333,3.3873502791176626e-05
259,rho,421.467,3.867200340313631e-05
259,rho,467.21,4.559714014736996e-05
259,rho,520.124,5.320139387651956e-05
259,rho,568.201,5.98361685704541e-05
259,rho,618.667,6.714834412183395e-05
259,rho,669.114,7.353644098332929e-05
259,rho,721.961,8.126051307887957e-05
259,rho,772.389,8.666487559257109e-05
259,rho,822.788,8.649920420732129e-05
259,rho,870.778,8.442309478180852e-05
259,kappa,303.277,0.626306
259,kappa,320.744,0.612383
259,kappa,373.166,0.573368
259,kappa,425.63,0.539856
259,kappa,478.073,0.503593
259,kappa,522.985,0.467399
259,kappa,575.47,0.43664
259,kappa,622.976,0.411431
259,kappa,673.014,0.388952
259,kappa,728.114,0.371932
259,kappa,773.278,0.368765
259,kappa,825.994,0.368281
259,kappa,876.263,0.376078
259,ZT,302.5,0.204566
259,ZT,327.5,0.223744
259,ZT,370.0,0.326027
259,ZT,425.0,0.441096
259,ZT,475.0,0.530594
259,ZT,520.0,0.632877
259,ZT,572.5,0.715982
259,ZT,622.5,0.818265
259,ZT,672.5,0.90137
259,ZT,722.5,0.984475
259,ZT,770.0,1.07397
259,ZT,825.0,1.16986
259,ZT,877.5,1.28493
260,alpha,306.058,-0.00017975
260,alpha,328.759,-0.0001908549999999
260,alpha,349.382,-0.0001934169999999
260,alpha,374.119,-0.000190207
260,alpha,397.819,-0.0001841539999999
260,alpha,421.524,-0.000180958
260,alpha,444.183,-0.0001692059999999
260,alpha,467.877,-0.0001602959999999
260,rho,306.935,7.838895029356661e-06
260,rho,330.544,8.756567425569177e-06
260,rho,352.119,9.584603293269692e-06
260,rho,374.724,1.0585897678830217e-05
260,rho,399.423,1.1263214566490134e-05
260,rho,422.071,1.1832975188617624e-05
260,rho,443.688,1.2462876207496916e-05
260,rho,466.347,1.292625956704786e-05
260,kappa,305.155,1.31395
260,kappa,329.897,1.2907
260,kappa,351.546,1.25581
260,kappa,374.227,1.2907
260,kappa,400.0,1.34884
260,kappa,419.588,1.43023
260,kappa,444.33,1.55814
260,kappa,467.01,1.65116
260,ZT,307.179,0.998658
260,ZT,328.718,1.12752
260,ZT,350.256,1.15973
260,ZT,375.897,1.03893
260,ZT,397.436,0.966443
260,ZT,418.974,0.902013
260,ZT,442.564,0.757047
260,ZT,466.154,0.652349
261,alpha,307.581,-0.000178228
261,alpha,322.943,-0.000180043
261,alpha,362.388,-0.00018159
261,alpha,401.214,-0.000179262
261,alpha,441.413,-0.000174121
261,alpha,483.614,-0.00016934
261,rho,308.108,1.0210113934661395e-05
261,rho,323.649,1.0943002278333074e-05
261,rho,362.838,1.253021347724701e-05
261,rho,404.054,1.4252973170203309e-05
261,rho,444.595,1.5534463206623896e-05
261,rho,485.135,1.684724101157574e-05
261,kappa,308.027,1.27174
261,kappa,324.08,1.2663
261,kappa,362.876,1.27717
261,kappa,403.01,1.27717
261,kappa,443.813,1.30435
261,kappa,484.615,1.39674
261,ZT,306.266,0.752767
261,ZT,321.663,0.748672
261,ZT,361.822,0.740616
261,ZT,401.401,0.703773
261,ZT,443.692,0.655457
261,ZT,484.061,0.579774
264,alpha,299.712,-0.000155156
264,alpha,325.345,-0.0001208469999999
264,alpha,350.873,-9.55376e-05
264,alpha,375.319,-8.297039999999999e-05
264,alpha,398.725,-7.93958e-05
264,alpha,426.76,-7.960609999999999e-05
264,alpha,450.122,-7.97813e-05
264,alpha,475.389,-7.697069999999998e-05
264,rho,299.138,6.111124691388203e-06
264,rho,322.414,6.234802668495542e-06
264,rho,348.276,6.260172780768749e-06
264,rho,374.138,6.337456905293044e-06
264,rho,398.276,6.41667308333975e-06
264,rho,424.138,6.47060726649196e-06
264,rho,449.138,6.47060726649196e-06
264,rho,473.276,6.52541322179227e-06
264,kappa,299.827,0.924649
264,kappa,323.672,0.945529
264,kappa,347.499,1.00582
264,kappa,375.017,1.01703
264,kappa,399.766,1.06751
264,kappa,422.693,1.08834
264,kappa,448.364,1.12902
264,kappa,473.117,1.16965
264,ZT,299.13,1.32178
264,ZT,324.348,0.816832
264,ZT,350.435,0.549505
264,ZT,374.783,0.430693
264,ZT,399.13,0.386139
264,ZT,426.087,0.393564
264,ZT,450.435,0.408416
264,ZT,474.783,0.393564
265,alpha,301.7093,-0.000100811
265,alpha,313.9232,-0.000120169
265,alpha,365.8845,-0.0001441459999999
265,alpha,417.92,-0.000161705
265,alpha,469.906,-0.000183542
265,alpha,514.505,-0.000198899
265,alpha,566.441,-0.000225014
265,alpha,618.452,-0.0002447119999999
265,alpha,668.001,-0.00026225
265,alpha,720.284,-0.0002584189999999
265,rho,303.17470000000003,4.42474e-06
265,rho,323.3252,6.395659999999999e-06
265,rho,368.7276,8.39123e-06
265,rho,416.617,1.18527e-05
265,rho,472.107,1.43459e-05
265,rho,522.483,1.92732e-05
265,rho,572.8720000000001,2.37127e-05
265,rho,620.672,3.0588799999999994e-05
265,rho,673.523,3.74698e-05
265,rho,723.835,4.48362e-05
265,kappa,306.5503,4.48658
265,kappa,319.1487,3.91624
265,kappa,374.356,2.20677
265,kappa,424.193,1.90345
265,kappa,471.468,1.86365
265,kappa,523.73,1.78033
265,kappa,568.5419999999999,1.6524
265,kappa,618.206,1.96446
265,kappa,672.9929999999999,1.74949
265,kappa,722.7429999999999,1.75387
265,ZT,301.3243,0.1448803393316
265,ZT,321.4363,0.1755511494998
265,ZT,372.335,0.3985548306999999
265,ZT,419.946,0.4767856911
265,ZT,469.995,0.54697548105
265,ZT,520.019,0.61239517516
265,ZT,572.643,0.7156834949700001
265,ZT,622.116,0.586539052308
265,ZT,672.178,0.657754404476
265,ZT,719.326,0.556529578332
266,alpha,299.7932,-0.0001001269999999
266,alpha,322.0941,-0.000115443
266,alpha,371.609,-0.000156967
266,alpha,418.661,-0.000194132
266,alpha,465.75,-0.000224775
266,alpha,515.24,-0.000270647
266,alpha,567.3910000000001,-0.000286093
266,alpha,621.906,-0.00032329
266,alpha,666.669,-0.0003256589999999
266,alpha,721.394,-0.0003258969999999
266,rho,299.1895,1.19123e-05
266,rho,321.7305,1.23065e-05
266,rho,372.2603,1.7402200000000004e-05
266,rho,422.64,2.10557e-05
266,rho,468.272,2.7132e-05
266,rho,524.15,3.55735e-05
266,rho,577.428,4.3063200000000005e-05
266,rho,623.81,5.635040000000001e-05
266,rho,672.39,6.67436e-05
266,rho,725.969,7.71176e-05
266,kappa,303.0576,1.24199
266,kappa,320.4452,1.46267
266,kappa,372.3873,1.32472
266,kappa,419.477,1.54275
266,kappa,471.517,1.76035
266,kappa,518.607,1.97838
266,kappa,573.0,1.75133
266,kappa,625.101,2.19114
266,kappa,664.704,2.18762
266,kappa,723.95,1.60458
266,ZT,304.4304,0.2304602058384
266,ZT,324.5759,0.2548933491808
266,ZT,373.715,0.4126075200500001
266,ZT,423.554,0.45435061134
266,ZT,473.355,0.48948220485
266,ZT,522.856,0.489962606184
266,ZT,573.107,0.5650508349009999
266,ZT,619.6220000000001,0.492153981782
266,ZT,671.398,0.438720323314
266,ZT,724.598,0.572206345424
268,alpha,314.628,0.0001908
268,alpha,343.962,0.000188061
268,alpha,365.896,0.000192006
268,alpha,396.61,0.000196954
268,alpha,424.383,0.000202847
268,alpha,449.183,0.000212566
268,alpha,472.528,0.0002213189999999
268,alpha,501.745,0.000229139
268,alpha,525.122,0.0002350109999999
268,alpha,554.382,0.000238992
268,alpha,579.289,0.0002391119999999
268,alpha,607.094,0.000242125
268,alpha,633.499,0.000239372
268,alpha,659.892,0.0002375779999999
268,alpha,686.307,0.000233865
268,alpha,714.198,0.000229199
268,rho,313.774,1.6444744835116768e-05
268,rho,339.434,1.6848575116002438e-05
268,rho,366.604,1.7272738264469804e-05
268,rho,395.283,1.7718809579497213e-05
268,rho,422.453,1.8432839947650735e-05
268,rho,449.623,1.9206834560009836e-05
268,rho,475.283,1.975999509952121e-05
268,rho,500.943,2.03459627506114e-05
268,rho,528.113,2.162872987446685e-05
268,rho,558.302,2.2702197118637135e-05
268,rho,580.943,2.2702197118637135e-05
268,rho,611.132,2.2702197118637135e-05
268,rho,635.283,2.308413242905092e-05
268,rho,665.472,2.162872987446685e-05
268,rho,689.623,1.975999509952121e-05
268,rho,718.302,1.7718809579497213e-05
268,kappa,312.121,1.23673
268,kappa,339.394,1.23673
268,kappa,363.636,1.23673
268,kappa,392.424,1.22449
268,kappa,419.697,1.18776
268,kappa,445.455,1.22449
268,kappa,472.727,1.23673
268,kappa,498.485,1.22449
268,kappa,525.758,1.22449
268,kappa,553.03,1.24898
268,kappa,578.788,1.24898
268,kappa,607.576,1.23673
268,kappa,633.333,1.24898
268,kappa,660.606,1.26122
268,kappa,686.364,1.29796
268,kappa,715.151,1.3102
268,ZT,316.545,0.552191
268,ZT,345.636,0.588048
268,ZT,368.909,0.631076
268,ZT,398.0,0.702789
268,ZT,425.636,0.781673
268,ZT,450.364,0.8749
268,ZT,476.545,0.960956
268,ZT,504.182,1.01833
268,ZT,531.818,1.10438
268,ZT,555.091,1.15458
268,ZT,584.182,1.21195
268,ZT,610.364,1.24064
268,ZT,638.0,1.27649
268,ZT,662.727,1.32669
268,ZT,690.364,1.41992
268,ZT,716.545,1.53466
269,alpha,293.048,0.000126126
269,alpha,343.081,0.000139786
269,alpha,399.768,0.000156855
269,alpha,449.773,0.0001733489999999
269,alpha,503.111,0.00019098
269,alpha,548.166,0.000200667
269,alpha,603.248,0.0002109319999999
269,alpha,648.359,0.0002149509999999
269,alpha,723.676,0.000208234
269,rho,300.0,8.800028160090112e-06
269,rho,348.658,9.850760971285031e-06
269,rho,398.993,1.0749186017888796e-05
269,rho,456.04,1.182795063013407e-05
269,rho,499.664,1.2840464927554096e-05
269,rho,566.779,1.499999250000375e-05
269,rho,617.114,1.6019428362718303e-05
269,rho,652.349,1.675126053235506e-05
269,rho,706.04,1.5277788387353048e-05
269,kappa,291.667,1.48113
269,kappa,371.667,1.45849
269,kappa,471.667,1.46528
269,kappa,575.0,1.43132
269,kappa,675.0,1.40868
269,kappa,721.667,1.48113
269,ZT,297.11,0.380456
269,ZT,350.578,0.484691
269,ZT,399.711,0.625407
269,ZT,450.289,0.776547
269,ZT,499.422,0.932899
269,ZT,571.676,1.12052
269,ZT,619.364,1.21954
269,ZT,668.497,1.29251
269,ZT,727.746,1.50098
270,alpha,100.947,3.50195e-05
270,alpha,150.189,5.13619e-05
270,alpha,199.432,6.9572e-05
270,alpha,250.568,8.8716e-05
270,alpha,290.341,0.000104125
270,alpha,309.28,0.0001125289999999
270,rho,100.154,6.882738779415105e-06
270,rho,147.104,7.2375658618493425e-06
270,rho,198.752,7.695859627520393e-06
270,rho,248.531,8.254639107178234e-06
270,rho,287.975,8.729507481187912e-06
270,rho,309.595,9.172544739086966e-06
270,kappa,100.69,1.45833
270,kappa,152.414,1.56703
270,kappa,202.069,1.58514
270,kappa,253.793,1.54891
270,kappa,295.172,1.46739
270,kappa,313.793,1.3587
270,ZT,98.6982,0.0120428
270,ZT,149.969,0.03435
270,ZT,200.34,0.0780084
270,ZT,259.352,0.167706
270,ZT,290.81,0.236144
270,ZT,310.872,0.299001
272,alpha,235.933,0.000143029
272,alpha,250.417,0.000148989
272,alpha,264.561,0.000155228
272,alpha,280.746,0.000160207
272,alpha,294.859,0.000164216
272,alpha,310.358,0.000169198
272,alpha,322.416,0.000173351
272,alpha,338.242,0.000177217
272,rho,236.273,1.5905e-05
272,rho,250.999,1.6211600000000002e-05
272,rho,265.036,1.6468999999999998e-05
272,rho,281.139,1.6911e-05
272,rho,294.845,1.7291700000000003e-05
272,rho,310.604,1.77091e-05
272,rho,321.909,1.80037e-05
272,rho,337.675,1.8495e-05
272,kappa,235.707,1.02987
272,kappa,250.922,1.03026
272,kappa,264.035,1.04006
272,kappa,280.662,1.03035
272,kappa,294.495,1.03039
272,kappa,309.711,1.03044
272,kappa,321.813,1.0308199999999998
272,kappa,337.78,1.01031
272,ZT,235.264,0.294969
272,ZT,250.636,0.333837
272,ZT,264.981,0.367838
272,ZT,280.701,0.415239
272,ZT,295.388,0.450455
272,ZT,310.077,0.488111
272,ZT,322.034,0.519697
272,ZT,337.757,0.571976
273,alpha,0.0,0.0
273,alpha,170.086705202312,4.61240310077519e-05
273,alpha,183.526011560693,5.03875968992248e-05
273,alpha,196.965317919075,5.44573643410852e-05
273,alpha,210.404624277456,5.85271317829457e-05
273,alpha,224.710982658959,6.220930232558129e-05
273,alpha,237.283236994219,6.60852713178294e-05
273,alpha,251.156069364161,7.03488372093023e-05
273,alpha,264.595375722543,7.36434108527131e-05
273,alpha,278.468208092485,7.81007751937984e-05
273,alpha,292.341040462427,8.23643410852712e-05
273,alpha,305.346820809248,8.643410852713169e-05
273,alpha,319.21965317919,9.05038759689922e-05
273,alpha,325.28901734104,9.941860465116268e-05
273,alpha,332.658959537572,9.43798449612402e-05
273,alpha,345.664739884393,0.0001023255813953
273,alpha,371.242774566474,0.0001137596899224
273,alpha,418.93063583815,0.0001337209302325
273,alpha,466.618497109827,0.0001470930232558
273,alpha,513.872832369942,0.0001573643410852
273,alpha,562.861271676301,0.00016996124031
273,alpha,610.982658959538,0.0001829457364341
273,alpha,658.670520231214,0.0001932170542635
273,alpha,706.791907514452,0.0001951550387596
273,alpha,754.913294797688,0.0001872093023255
273,rho,3.02267002518897,5.243559718969551e-06
273,rho,16.624685138539,5.26697892271662e-06
273,rho,45.3400503778338,5.39578454332552e-06
273,rho,99.2443324937028,5.5831381733021e-06
273,rho,160.201511335012,5.79391100702576e-06
273,rho,269.017632241813,6.344262295081961e-06
273,rho,280.100755667506,6.39110070257611e-06
273,rho,290.176322418136,6.44964871194379e-06
273,rho,300.251889168765,6.51990632318501e-06
273,rho,324.937027707808,6.5316159250585405e-06
273,rho,371.284634760705,6.999999999999999e-06
273,rho,418.639798488665,7.64402810304449e-06
273,rho,467.002518891687,8.217798594847772e-06
273,rho,513.853904282116,8.49882903981264e-06
273,rho,562.72040302267,9.494145199063228e-06
273,rho,610.579345088161,1.0887587822014e-05
273,rho,658.942065491183,1.2175644028103e-05
273,rho,706.801007556675,1.2597189695550302e-05
273,rho,755.163727959697,1.1789227166276296e-05
273,kappa,324.885583524027,1.61042944785276
273,kappa,371.224256292906,1.63987730061349
273,kappa,418.993135011441,1.68159509202453
273,kappa,467.048054919908,1.73067484662576
273,kappa,513.95881006865,1.71595092024539
273,kappa,562.87185354691,1.69141104294478
273,kappa,610.926773455377,1.63251533742331
273,kappa,658.981693363844,1.53926380368098
273,kappa,706.75057208238,1.55153374233128
273,kappa,754.519450800915,1.63987730061349
273,ZT,325.046963055729,0.305126118795769
273,ZT,371.383844708829,0.419853539462978
273,ZT,419.286161552911,0.584621643612693
273,ZT,467.188478396994,0.706672091131
273,ZT,513.83844708829,0.868999186330349
273,ZT,562.993112085159,1.01423921887713
273,ZT,611.208515967439,1.14849471114727
273,ZT,659.110832811521,1.30593978844589
273,ZT,707.013149655604,1.37428803905614
273,ZT,754.915466499687,1.36330349877949
275,alpha,298.12,9.09091e-05
275,alpha,339.474,0.0001022729999999
275,alpha,377.068,0.000118007
275,alpha,414.662,0.000133741
275,alpha,482.331,0.000148601
275,alpha,529.323,0.000164336
275,alpha,574.436,0.0001791959999999
275,alpha,628.947,0.0001896849999999
275,alpha,689.098,0.000200175
275,alpha,717.293,0.000204545
275,alpha,768.045,0.000204545
275,rho,288.836,7.192640490250376e-06
275,rho,341.957,7.793624814901411e-06
275,rho,372.302,8.15940207901565e-06
275,rho,414.003,8.657858738376825e-06
275,rho,478.317,9.132003104881056e-06
275,rho,529.452,9.76057314085483e-06
275,rho,567.294,1.0148080794960058e-05
275,rho,631.544,1.0536963668549271e-05
275,rho,678.834,1.1053155731227045e-05
275,rho,718.549,1.1483099747945963e-05
275,rho,767.647,1.1690819900581268e-05
275,kappa,295.904,1.52645
275,kappa,372.675,1.53864
275,kappa,470.066,1.51957
275,kappa,573.019,1.58512
275,kappa,670.354,1.65056
275,kappa,771.356,1.83227
275,ZT,291.409,0.230032
275,ZT,373.883,0.415335
275,ZT,476.976,0.753994
275,ZT,573.196,1.13099
275,ZT,679.725,1.5016
275,ZT,769.072,1.5016
276,alpha,324.23924449108,8.29768270944741e-05
276,alpha,371.24868835257,0.0001029411764705
276,alpha,419.937040923399,0.0001339572192513
276,alpha,467.785939139559,0.0001639037433155
276,alpha,516.894018887723,0.0001767379679144
276,alpha,566.841552990556,0.0001977718360071
276,alpha,616.369359916054,0.0002138146167557
276,alpha,665.897166841553,0.0002239750445632
276,alpha,715.005246589716,0.000211853832442
276,rho,323.972475358007,9.89260499249272e-06
276,rho,370.8750266127321,1.43579558743739e-05
276,rho,420.0626959247654,2.14090743206128e-05
276,rho,468.3425191558013,3.17510797942273e-05
276,rho,516.9906514319657,3.57553594918536e-05
276,rho,567.0572916666671,4.38973650629183e-05
276,rho,616.2009197028689,5.302757397614681e-05
276,rho,666.2841843564771,6.20150458559942e-05
276,rho,714.8132950348811,7.0976358915947e-05
276,kappa,324.145658263305,1.41655540720961
276,kappa,371.652661064425,1.18424566088117
276,kappa,420.504201680672,1.05340453938584
276,kappa,468.459383753501,0.994659546061415
276,kappa,517.310924369747,0.970627503337784
276,kappa,567.50700280112,0.94392523364486
276,kappa,615.910364145658,0.890520694259012
276,kappa,666.10644257703,0.759679572763686
276,kappa,714.957983193277,0.519359145527369
276,ZT,324.293785310734,0.156509695290859
276,ZT,371.299435028248,0.229224376731302
276,ZT,420.112994350282,0.331948291782087
276,ZT,468.022598870056,0.397737765466298
276,ZT,517.28813559322,0.464681440443213
276,ZT,567.005649717514,0.530470914127424
276,ZT,616.271186440678,0.592797783933518
276,ZT,666.440677966101,0.70129270544783
276,ZT,715.254237288135,0.867497691597414
279,alpha,322.308,-0.0001203769999999
279,alpha,373.077,-0.0001272589999999
279,alpha,423.846,-0.00013795
279,alpha,474.615,-0.000137364
279,alpha,524.615,-0.000133703
279,rho,322.796,7.705466257763257e-06
279,rho,372.948,8.395530219711027e-06
279,rho,422.34,9.282206937521466e-06
279,rho,474.772,1.0533711563803218e-05
279,rho,523.404,1.19173744593981e-05
279,kappa,321.37,0.854017
279,kappa,372.324,0.823794
279,kappa,421.683,0.846343
279,kappa,471.728,0.902505
279,kappa,520.921,1.01385
279,ZT,322.266,0.717483
279,ZT,373.133,0.892081
279,ZT,423.231,1.04843
279,ZT,473.922,0.94175
279,ZT,523.825,0.787597
280,alpha,299.59,-0.0001090649999999
280,alpha,347.685,-0.0001161129999999
280,alpha,395.7,-0.0001204639999999
280,alpha,449.428,-0.000127495
280,alpha,497.443,-0.000131846
280,alpha,545.565,-0.000139793
280,alpha,596.423,-0.0001450349999999
280,alpha,647.308,-0.000151175
280,alpha,692.533,-0.000156434
280,alpha,746.208,-0.000161667
280,alpha,802.779,-0.000169589
280,alpha,848.031,-0.000175746
280,rho,298.784,3.571160734373493e-06
280,rho,350.207,4.000544073994063e-06
280,rho,398.927,4.500065250946138e-06
280,rho,447.709,4.855429584132456e-06
280,rho,507.338,5.337517947404098e-06
280,rho,556.12,5.844911128126298e-06
280,rho,604.914,6.364521610733129e-06
280,rho,648.315,6.663779029087396e-06
280,rho,699.861,6.9941319233163375e-06
280,rho,751.407,7.358893222459342e-06
280,rho,797.523,7.762588978676167e-06
280,rho,846.366,8.061720532396024e-06
280,kappa,295.828,5.00285
280,kappa,346.586,4.75368
280,kappa,397.343,4.5045
280,kappa,445.34,4.5149
280,kappa,496.097,4.26573
280,kappa,549.568,3.88705
280,kappa,600.326,3.63787
280,kappa,640.346,3.5815
280,kappa,696.389,3.46356
280,kappa,747.076,3.4095
280,kappa,800.334,3.61619
280,kappa,848.33,3.62659
280,ZT,308.661,0.202479
280,ZT,354.899,0.235923
280,ZT,401.188,0.28869
280,ZT,450.203,0.346267
280,ZT,504.648,0.403799
280,ZT,548.233,0.461419
280,ZT,599.988,0.528635
280,ZT,651.755,0.600682
280,ZT,706.261,0.682369
280,ZT,755.338,0.764099
280,ZT,804.414,0.845829
280,ZT,858.859,0.903362
281,alpha,290.666666666666,-9.22554347826086e-05
281,alpha,310.814814814815,-9.66576086956521e-05
281,alpha,331.555555555555,-0.0001008967391304
281,alpha,351.111111111111,-0.000105054347826
281,alpha,371.851851851851,-0.0001090489130434
281,alpha,390.814814814814,-0.0001130434782608
281,alpha,410.37037037037,-0.0001167934782608
281,alpha,430.518518518518,-0.0001203804347826
281,alpha,451.259259259259,-0.000123804347826
281,alpha,470.222222222222,-0.0001272282608695
281,alpha,490.37037037037,-0.0001304891304347
281,alpha,510.518518518518,-0.0001335869565217
281,alpha,530.074074074073,-0.0001366847826086
281,alpha,550.222222222222,-0.0001395380434782
281,alpha,570.37037037037,-0.0001423097826086
281,alpha,590.518518518518,-0.0001448369565217
281,alpha,610.666666666666,-0.0001473641304347
281,alpha,630.222222222222,-0.0001498097826086
281,alpha,650.37037037037,-0.0001520108695652
281,alpha,670.518518518518,-0.0001542119565217
281,alpha,690.074074074074,-0.0001560869565217
281,alpha,710.814814814814,-0.0001580434782608
281,alpha,729.777777777777,-0.0001597554347826
281,alpha,749.925925925925,-0.0001613858695652
281,alpha,770.074074074074,-0.0001628532608695
281,alpha,789.629629629629,-0.0001641576086956
281,alpha,810.37037037037,-0.0001654619565217
281,alpha,831.111111111111,-0.0001666032608695
281,alpha,850.666666666666,-0.0001674999999999
281,alpha,869.629629629629,-0.0001683967391304
281,alpha,890.37037037037,-0.0001691304347826
281,alpha,909.333333333333,-0.0001697826086956
281,alpha,929.481481481481,-0.0001701902173913
281,alpha,950.222222222222,-0.0001705978260869
281,alpha,970.962962962963,-0.0001708423913043
281,alpha,989.925925925926,-0.0001709239130434
281,alpha,1010.07407407407,-0.0001709239130434
281,alpha,1030.81481481481,-0.0001707608695652
281,alpha,1049.77777777777,-0.0001704347826086
281,alpha,1070.51851851851,-0.000170027173913
281,rho,289.440993788819,4.206758525132789e-06
281,rho,309.868875086266,4.280902396992017e-06
281,rho,329.744651483781,4.357706721952007e-06
281,rho,350.172532781228,4.435516597678765e-06
281,rho,369.496204278812,4.512426719511197e-06
281,rho,389.924085576259,4.592051088143868e-06
281,rho,409.799861973775,4.6705409794034775e-06
281,rho,430.227743271221,4.7517607164594605e-06
281,rho,449.551414768806,4.831579877994873e-06
281,rho,469.979296066252,4.9141264274795455e-06
281,rho,489.855072463768,4.992691394116579e-06
281,rho,509.730848861283,5.073809302757416e-06
281,rho,529.606625258799,5.157606644016627e-06
281,rho,550.034506556245,5.239190873358266e-06
281,rho,569.910282953761,5.318217205138194e-06
281,rho,589.786059351276,5.396997827375103e-06
281,rho,609.661835748792,5.478147554129933e-06
281,rho,630.089717046238,5.556120374135854e-06
281,rho,649.413388543823,5.636344884488449e-06
281,rho,669.841269841269,5.712941668408967e-06
281,rho,689.717046238785,5.791649003815181e-06
281,rho,710.144927536231,5.869401782837518e-06
281,rho,730.020703933747,5.939571785675499e-06
281,rho,750.448585231193,6.011439885601151e-06
281,rho,769.772256728778,6.078300522744968e-06
281,rho,790.200138026225,6.15012379023183e-06
281,rho,810.07591442374,6.213051386994103e-06
281,rho,830.503795721187,6.27367696016532e-06
281,rho,850.379572118702,6.33917178981559e-06
281,rho,869.703243616287,6.394804586941296e-06
281,rho,890.131124913733,6.451422500295136e-06
281,rho,910.006901311249,6.501308589103024e-06
281,rho,929.882677708764,6.54804696860774e-06
281,rho,950.310559006211,6.591484742491892e-06
281,rho,970.186335403726,6.631476762528849e-06
281,rho,989.510006901311,6.667886774036128e-06
281,rho,1009.38578329882,6.700588523786197e-06
281,rho,1029.81366459627,6.729466814431749e-06
281,rho,1049.68944099378,6.750247035573128e-06
281,rho,1070.66942719116,6.771155990583597e-06
281,kappa,297.058823529411,4.97565922920892
281,kappa,374.117647058823,4.73630831643002
281,kappa,474.117647058823,4.48235294117647
281,kappa,573.529411764706,4.29655172413793
281,kappa,672.941176470588,4.17403651115618
281,kappa,773.529411764705,4.12048681541582
281,kappa,872.35294117647,4.13184584178499
281,kappa,972.35294117647,4.2105476673428
281,kappa,1072.35294117647,4.35415821501014
281,ZT,288.433382137628,0.11635150166852
281,ZT,308.931185944363,0.135928809788653
281,ZT,329.428989751097,0.157285873192436
281,ZT,349.341142020497,0.179532814238042
281,ZT,368.667642752561,0.203559510567296
281,ZT,389.165446559297,0.2293659621802
281,ZT,409.663250366032,0.256062291434927
281,ZT,428.989751098096,0.282758620689655
281,ZT,449.487554904831,0.313014460511679
281,ZT,468.814055636895,0.343270300333704
281,ZT,488.726207906295,0.374416017797552
281,ZT,509.22401171303,0.404671857619577
281,ZT,529.13616398243,0.43670745272525
281,ZT,548.462664714494,0.470522803114571
281,ZT,568.960468521229,0.503448275862069
281,ZT,589.458272327964,0.53726362625139
281,ZT,608.784773060029,0.570189098998887
281,ZT,629.282576866764,0.604894327030033
281,ZT,649.780380673499,0.63781979977753
281,ZT,669.692532942898,0.670745272525027
281,ZT,688.433382137628,0.7027808676307
281,ZT,709.516837481698,0.733926585094549
281,ZT,729.428989751098,0.764182424916574
281,ZT,748.755490483162,0.793548387096774
281,ZT,769.253294289897,0.82202447163515
281,ZT,789.751098096632,0.847830923248053
281,ZT,809.077598828696,0.872747497219132
281,ZT,829.575402635431,0.895884315906562
281,ZT,849.487554904831,0.917241379310344
281,ZT,869.399707174231,0.936818687430478
281,ZT,889.897510980966,0.953726362625139
281,ZT,889.897510980966,0.952836484983314
281,ZT,908.638360175695,0.967964404894327
281,ZT,929.721815519765,0.980422691879866
281,ZT,949.04831625183,0.990211345939933
281,ZT,970.1317715959,0.998220244716351
281,ZT,988.872620790629,1.00444938820912
281,ZT,1009.37042459736,1.00711902113459
281,ZT,1029.28257686676,1.00711902113459
281,ZT,1049.19472913616,1.00622914349276
281,ZT,1069.10688140556,1.0
282,alpha,297.71,-0.00013665
282,alpha,348.092,-0.000147291
282,alpha,398.473,-0.000156158
282,alpha,448.855,-0.0001650249999999
282,alpha,501.527,-0.0001733
282,alpha,551.908,-0.000179212
282,alpha,604.58,-0.000185714
282,alpha,652.672,-0.0001910339999999
282,alpha,703.053,-0.000195764
282,alpha,751.145,-0.000199901
282,alpha,801.527,-0.000204039
282,alpha,856.489,-0.000206995
282,rho,298.898,4.839217014687024e-06
282,rho,348.837,5.173680452800513e-06
282,rho,398.81,5.670670159799485e-06
282,rho,446.441,5.971503982993157e-06
282,rho,498.602,6.305806386520708e-06
282,rho,548.498,6.679892854518614e-06
282,rho,598.377,7.011983479766921e-06
282,rho,650.511,7.330196009441292e-06
282,rho,698.1,7.574839413404436e-06
282,rho,754.738,7.781011220218179e-06
282,rho,797.799,8.057693082470489e-06
282,rho,849.89,8.170535415185757e-06
282,kappa,298.796,3.00346
282,kappa,350.288,2.9283
282,kappa,401.804,2.8629
282,kappa,453.345,2.80727
282,kappa,498.188,2.76796
282,kappa,549.805,2.74163
282,kappa,599.217,2.7316
282,kappa,650.944,2.7476
282,kappa,700.466,2.77989
282,kappa,750.063,2.84148
282,kappa,801.967,2.92585
282,kappa,853.937,3.03627
282,ZT,297.988,0.405179
282,ZT,346.034,0.510808
282,ZT,400.925,0.616362
282,ZT,451.271,0.735236
282,ZT,499.335,0.854136
282,ZT,549.68,0.97301
282,ZT,600.026,1.09188
282,ZT,650.328,1.17758
282,ZT,698.366,1.27658
282,ZT,753.205,1.34232
282,ZT,803.481,1.40812
282,ZT,851.441,1.4474
283,alpha,316.9566,-0.000111092
283,alpha,472.003,-0.000147796
283,alpha,572.511,-0.000173213
283,alpha,670.1610000000001,-0.000199578
283,alpha,770.759,-0.000235388
283,alpha,868.376,-0.000257974
283,alpha,922.874,-0.000264536
283,alpha,968.662,-0.000257879
283,alpha,1023.004,-0.000246489
283,alpha,1071.706,-0.000245498
283,alpha,1126.13,-0.0002435569999999
283,alpha,1166.212,-0.000239739
283,rho,318.977,1.198346760808788e-05
283,rho,474.149,1.3384623209472027e-05
283,rho,571.851,1.454850179528512e-05
283,rho,672.425,1.6415105179786438e-05
283,rho,773.0,2.042254240230366e-05
283,rho,873.575,2.326203519545925e-05
283,rho,919.552,2.3770472319284986e-05
283,rho,974.149,2.326203519545925e-05
283,rho,1023.0,2.0813387170628147e-05
283,rho,1074.7240000000002,1.916299854936101e-05
283,rho,1126.448,1.916299854936101e-05
283,rho,1172.425,1.7755114360691597e-05
283,kappa,313.7415,2.36349
283,kappa,474.718,2.46911
283,kappa,578.181,2.4984
283,kappa,673.025,2.52783
283,kappa,776.456,2.49534
283,kappa,874.098,2.38572
283,kappa,925.83,2.40037
283,kappa,974.68,2.39961
283,kappa,1023.597,2.52241
283,kappa,1069.615,2.59892
283,kappa,1121.388,2.69079
283,kappa,1176.092,2.89072
283,ZT,316.1034,0.143066
283,ZT,474.149,0.332117
283,ZT,571.851,0.490511
283,ZT,675.299,0.669343
283,ZT,773.0,0.878832
283,ZT,876.448,1.0781
283,ZT,925.299,1.10876
283,ZT,968.402,1.14453
283,ZT,1025.874,1.22117
283,ZT,1071.851,1.25693
283,ZT,1120.701,1.30292
283,ZT,1169.552,1.32847
284,alpha,344.639376218323,6.80111265646731e-05
284,alpha,363.35282651072,7.35744089012517e-05
284,alpha,382.066276803118,7.941585535465929e-05
284,alpha,399.999999999999,8.4144645340751e-05
284,alpha,410.136452241715,8.776077885952708e-05
284,alpha,425.730994152047,9.3045897079277e-05
284,alpha,450.682261208576,0.0001002781641168
284,alpha,483.430799220272,0.0001102920723226
284,alpha,524.75633528265,0.0001242002781641
284,alpha,563.742690058479,0.0001367176634214
284,alpha,598.050682261208,0.0001472878998609
284,alpha,634.697855750487,0.0001589707927677
284,alpha,666.666666666666,0.0001687065368567
284,alpha,703.313840155945,0.000179554937413
284,alpha,730.604288499025,0.0001884561891515
284,alpha,764.912280701754,0.0001979137691237
284,alpha,799.220272904483,0.0002076495132127
284,alpha,825.730994152046,0.000215438108484
284,alpha,857.699805068226,0.0002243393602225
284,alpha,888.888888888888,0.0002326842837273
284,alpha,916.179337231968,0.0002388038942976
284,alpha,948.927875243664,0.0002457579972183
284,alpha,973.879142300194,0.0002496522948539
284,alpha,999.610136452241,0.0002535465924895
284,alpha,1032.35867446393,0.0002566063977746
284,alpha,1055.75048732943,0.0002568845618915
284,alpha,1083.82066276803,0.0002552155771905
284,alpha,1107.21247563352,0.000256050069541
284,alpha,1132.94346978557,0.0002532684283727
284,alpha,1156.33528265107,0.0002499304589707
284,alpha,1182.84600389863,0.000246314325452
284,alpha,1204.67836257309,0.0002440890125173
284,alpha,1226.51072124756,0.0002424200278164
284,alpha,1248.34307992202,0.0002410292072322
284,alpha,1271.73489278752,0.0002390820584144
284,rho,345.374449339207,2.29977116704805e-05
284,rho,392.95154185022,2.6086956521739098e-05
284,rho,436.123348017621,3.0205949656750505e-05
284,rho,478.414096916299,3.4324942791762e-05
284,rho,520.704845814978,3.98169336384439e-05
284,rho,571.806167400881,4.530892448512579e-05
284,rho,618.502202643171,5.1315789473684105e-05
284,rho,665.198237885462,5.7837528604119e-05
284,rho,711.894273127753,6.48741418764301e-05
284,rho,758.590308370044,7.191075514874141e-05
284,rho,805.286343612334,8.06636155606407e-05
284,rho,851.982378854625,8.56407322654462e-05
284,rho,897.797356828193,9.490846681922188e-05
284,rho,944.493392070484,0.0001000572082379
284,rho,990.308370044052,0.0001060640732265
284,rho,1037.00440528634,0.0001113844393592
284,rho,1084.58149779735,0.0001132723112128
284,rho,1131.27753303964,0.0001153318077803
284,rho,1176.21145374449,0.0001112128146453
284,rho,1222.02643171806,0.0001041762013729
284,rho,1266.9603524229,9.096109839816928e-05
284,kappa,482.784571966133,0.75033921302578
284,kappa,586.641580432737,0.672184531886024
284,kappa,690.498588899341,0.65101763907734
284,kappa,790.592662276575,0.584260515603799
284,kappa,889.934148635935,0.581004070556309
284,kappa,988.523047977422,0.550881953867028
284,kappa,1086.35936030103,0.547625508819538
284,kappa,1184.94825964252,0.504477611940298
284,ZT,310.436432637571,0.0514925373134322
284,ZT,359.77229601518,0.0917910447761192
284,ZT,409.867172675521,0.141044776119402
284,ZT,460.721062618595,0.19776119402985
284,ZT,510.815939278937,0.258955223880596
284,ZT,560.910815939278,0.326119402985074
284,ZT,610.246679316888,0.405223880597014
284,ZT,660.341555977229,0.48731343283582
284,ZT,710.436432637571,0.575373134328358
284,ZT,760.531309297912,0.667910447761193
284,ZT,809.867172675521,0.760447761194029
284,ZT,859.962049335863,0.852985074626865
284,ZT,910.056925996205,0.941044776119403
284,ZT,960.151802656546,1.0231343283582
284,ZT,1010.24667931688,1.09477611940298
284,ZT,1060.34155597722,1.15597014925373
284,ZT,1109.67741935483,1.20373134328358
284,ZT,1160.53130929791,1.2410447761194
284,ZT,1210.62618595825,1.26940298507462
284,ZT,1259.96204933586,1.30522388059701
286,alpha,297.697,-5.87462e-05
286,alpha,341.447,-6.85321e-05
286,alpha,389.803,-7.831799999999999e-05
286,alpha,433.553,-8.68807e-05
286,alpha,479.605,-9.66667e-05
286,alpha,523.355,-0.0001058409999999
286,alpha,569.408,-0.000115015
286,alpha,608.553,-0.000125413
286,alpha,659.211,-0.000136422
286,alpha,702.961,-0.000145596
286,alpha,751.316,-0.000155382
286,alpha,792.763,-0.000167003
286,alpha,838.816,-0.0001767889999999
286,alpha,882.566,-0.000187798
286,alpha,930.921,-0.000195749
286,alpha,953.947,-0.0001981959999999
286,rho,300.1794649919355,2.1816196382528667e-05
286,rho,322.99638333812527,2.1923812332687265e-05
286,rho,345.37620273635895,2.1934070323982796e-05
286,rho,367.9266536221357,2.203929360089488e-05
286,rho,411.108422956224,2.2150600323907223e-05
286,rho,458.3628263414488,2.216355621119043e-05
286,rho,525.2198218521572,2.296733115444049e-05
286,rho,571.5343484528512,2.33809257684803e-05
286,rho,616.3762578609685,2.3696641684398896e-05
286,rho,658.6490968905485,2.422623400181201e-05
286,rho,682.9337756171187,2.454916791110391e-05
286,rho,726.968024696298,2.509691010928336e-05
286,rho,813.5778288614547,2.751958783271447e-05
286,rho,865.1029360124274,2.9006868524073454e-05
286,rho,904.2889664912084,3.0042870772172783e-05
286,rho,930.2179955359212,3.0709044648436566e-05
286,kappa,298.373,1.50974
286,kappa,368.772,1.4561
286,kappa,436.965,1.38426
286,kappa,502.863,1.32148
286,kappa,573.292,1.25875
286,kappa,641.426,1.20509
286,kappa,707.266,1.16049
286,kappa,775.327,1.12955
286,kappa,845.58,1.12137
286,kappa,915.745,1.14047
286,kappa,949.68,1.15455
286,ZT,297.995,0.0393934
286,ZT,345.868,0.0643725
286,ZT,391.567,0.0893627
286,ZT,435.105,0.121571
286,ZT,480.818,0.153769
286,ZT,524.397,0.207599
286,ZT,570.143,0.257814
286,ZT,615.923,0.326048
286,ZT,661.717,0.401488
286,ZT,703.203,0.498573
286,ZT,749.071,0.613653
286,ZT,792.758,0.725141
286,ZT,840.793,0.836607
286,ZT,884.46,0.937284
286,ZT,932.481,1.04154
286,ZT,949.96,1.0883
288,alpha,326.85462456489296,-0.0001419502074688
288,alpha,373.59753853804,-0.0001495020746887
288,alpha,423.075410243659,-0.0001639419087136
288,alpha,473.547812033813,-0.0001697510373443
288,alpha,523.771581302834,-0.0001756431535269
288,alpha,574.243983092988,-0.00018244813278
288,alpha,624.965017404276,-0.0001885892116182
288,alpha,675.686051715564,-0.0001963900414937
288,alpha,726.158453505718,-0.0001983817427385
288,rho,326.10315682281055,1.02235099337748e-05
288,rho,373.71008146639497,1.03228476821192e-05
288,rho,423.099083503055,1.0447019867549598e-05
288,rho,473.25183299388897,1.05711920529801e-05
288,rho,523.659164969449,1.07201986754966e-05
288,rho,574.0664969450099,1.08692052980132e-05
288,rho,624.98299389002,1.1092715231788e-05
288,rho,675.39032586558,1.15397350993377e-05
288,rho,725.79765784114,1.1639072847682098e-05
288,kappa,326.17325581395346,2.02302158273381
288,kappa,373.266279069767,2.01726618705036
288,kappa,424.1965116279069,2.02877697841726
288,kappa,472.336046511627,2.05179856115107
288,kappa,523.2662790697669,2.10359712230215
288,kappa,573.15,2.13237410071942
288,kappa,623.382558139534,2.17266187050359
288,kappa,674.312790697674,2.23021582733812
288,kappa,725.243023255814,2.30503597122301
288,kappa,772.68488372093,2.39712230215827
288,kappa,819.777906976744,2.50071942446043
288,ZT,325.71327060350416,0.308706166868198
288,ZT,373.21489292667,0.394679564691656
288,ZT,422.663303049967,0.528536880290205
288,ZT,472.111713173264,0.617775090689238
288,ZT,522.728195976638,0.705925030229746
288,ZT,572.9553212199869,0.804957678355501
288,ZT,624.739876703439,0.905078597339782
288,ZT,674.188286826735,0.992140266021765
288,ZT,725.194127190136,1.03567110036275
288,ZT,772.695749513303,1.07702539298669
288,ZT,819.418656716418,1.09661426844014
289,alpha,297.951,-0.000137778
289,alpha,322.541,-0.000142222
289,alpha,349.18,-0.000147778
289,alpha,373.77,-0.000152222
289,alpha,398.361,-0.000158889
289,alpha,420.902,-0.0001644439999999
289,alpha,447.541,-0.0001694439999999
289,alpha,476.23,-0.000173889
289,alpha,500.82,-0.000178889
289,alpha,523.361,-0.0001827779999999
289,alpha,547.951,-0.0001861109999999
289,alpha,572.541,-0.000188889
289,alpha,595.082,-0.000191667
289,alpha,625.82,-0.000193333
289,alpha,646.311,-0.000195
289,alpha,672.951,-0.000196667
289,alpha,695.492,-0.000197222
289,alpha,722.131,-0.000198333
289,alpha,746.721,-0.000198333
289,alpha,771.311,-0.0001994439999999
289,alpha,795.902,-0.000200556
289,rho,299.2,7.859410858562042e-06
289,rho,323.748,8.169000277746009e-06
289,rho,348.287,8.454085859695991e-06
289,rho,374.876,8.813057425882187e-06
289,rho,399.399,9.03122093075763e-06
289,rho,423.93,9.320272524768623e-06
289,rho,448.444,9.501548752446648e-06
289,rho,470.918,9.690298073568742e-06
289,rho,499.514,9.885818792941524e-06
289,rho,521.995,1.0161445038776074e-05
289,rho,548.551,1.0376985506464345e-05
289,rho,575.097,1.05244767756371e-05
289,rho,601.653,1.0755868670843529e-05
289,rho,622.06,1.0752595676596333e-05
289,rho,650.656,1.0993903880298375e-05
289,rho,677.195,1.1073866008436072e-05
289,rho,699.635,1.0985691137293676e-05
289,rho,724.141,1.1151479466780856e-05
289,rho,746.59,1.1147613351719464e-05
289,rho,775.152,1.1057225565190084e-05
289,rho,799.659,1.1225196525128163e-05
289,kappa,300.0,2.46154
289,kappa,323.404,2.46154
289,kappa,353.191,2.44379
289,kappa,372.34,2.40828
289,kappa,400.0,2.37278
289,kappa,425.532,2.35503
289,kappa,448.936,2.30178
289,kappa,474.468,2.24852
289,kappa,502.128,2.23077
289,kappa,521.277,2.17751
289,kappa,548.936,2.14201
289,kappa,572.34,2.10651
289,kappa,600.0,2.08876
289,kappa,623.404,2.07101
289,kappa,648.936,2.0355
289,kappa,674.468,2.05325
289,kappa,697.872,2.07101
289,kappa,723.404,2.10651
289,kappa,744.681,2.12426
289,kappa,774.468,2.19527
289,kappa,797.872,2.28402
289,ZT,297.872,0.289286
289,ZT,323.404,0.3375
289,ZT,348.936,0.375
289,ZT,374.468,0.417857
289,ZT,397.872,0.466071
289,ZT,425.532,0.530357
289,ZT,446.809,0.589286
289,ZT,474.468,0.653571
289,ZT,497.872,0.723214
289,ZT,523.404,0.792857
289,ZT,546.809,0.857143
289,ZT,576.596,0.921429
289,ZT,597.872,0.996429
289,ZT,621.277,1.05536
289,ZT,646.809,1.11429
289,ZT,672.34,1.1625
289,ZT,700.0,1.20536
289,ZT,721.277,1.23214
289,ZT,746.809,1.26429
289,ZT,772.34,1.26964
289,ZT,797.872,1.275
291,alpha,303.030303,-9.890756303e-05
291,alpha,353.9393939,-0.0001079411764999
291,alpha,401.2121212,-0.0001163445377999
291,alpha,452.1212121,-0.0001262184874
291,alpha,501.8181818,-0.000136302521
291,alpha,551.5151515,-0.0001449159664
291,alpha,601.2121212,-0.0001520588235
291,alpha,650.9090909,-0.0001594117646999
291,alpha,699.3939394,-0.0001652941176
291,alpha,750.3030303,-0.0001671848739
291,alpha,801.2121212,-0.0001673949579999
291,alpha,850.9090909,-0.0001652941176
291,alpha,900.6060606,-0.0001594117646999
291,rho,345.39007092198585,6.615384615384616e-06
291,rho,391.725768321513,7.107312440645775e-06
291,rho,485.3427895981088,8.17094017094017e-06
291,rho,529.7872340425532,8.68945868945869e-06
291,rho,577.0685579196218,9.194681861348527e-06
291,rho,621.5130023640662,9.660018993352327e-06
291,rho,669.7399527186762,1.0138651471984804e-05
291,rho,716.0756501182034,1.0630579297245964e-05
291,rho,763.3569739952719,1.0989553656220325e-05
291,rho,808.7470449172578,1.1335232668566002e-05
291,rho,855.0827423167849,1.165432098765432e-05
291,rho,902.3640661938534,1.18670465337132e-05
291,kappa,298.728476,3.360561198
291,kappa,348.4454801,3.171094662
291,kappa,399.3856526,3.013130965
291,kappa,450.3295094,2.867772231
291,kappa,500.0649348,2.741330502
291,kappa,548.5992972,2.659015704
291,kappa,598.3531438,2.595598783
291,kappa,650.5422744,2.557372659
291,kappa,700.3090158,2.538073105
291,kappa,751.2970835,2.54397391
291,kappa,799.8664462,2.581406247
291,kappa,850.8692509,2.637726899
291,kappa,900.6673083,2.725569519
291,ZT,299.560761346998,0.129757085020242
291,ZT,348.755490483162,0.17834008097166
291,ZT,398.828696925329,0.232995951417003
291,ZT,448.023426061493,0.304048582995951
291,ZT,498.09663250366,0.387854251012145
291,ZT,548.609077598828,0.472267206477732
291,ZT,598.682284040995,0.551214574898785
291,ZT,648.755490483162,0.632591093117408
291,ZT,699.26793557833,0.707894736842105
291,ZT,748.462664714494,0.74493927125506
291,ZT,798.975109809663,0.758906882591093
291,ZT,849.04831625183,0.749190283400809
291,ZT,899.121522693997,0.698178137651821
292,alpha,323.3219871205151,7.64830508474575e-05
292,alpha,374.103955841766,0.0001014830508474
292,alpha,474.011959521619,9.97881355932203e-05
292,alpha,573.3679852805881,0.0001252118644067
292,alpha,673.275988960441,0.0001525423728813
292,alpha,771.528058877645,0.000176906779661
292,alpha,821.758049678012,0.0001847457627118
292,alpha,871.98804047838,0.0001944915254237
292,alpha,922.218031278748,0.0002059322033898
292,alpha,950.920883164673,0.0002156779661016
292,alpha,971.34406623735,0.0002211864406779
292,alpha,998.390984360625,0.0002305084745762
292,alpha,1012.190432382704,0.0002372881355932
292,alpha,1026.541858325667,0.0002447033898305
292,rho,320.6323119777158,5.856526852214837e-06
292,rho,371.3286908077993,8.495877168040986e-06
292,rho,472.721448467966,1.1374191092500962e-05
292,rho,572.442896935932,1.4526008750607689e-05
292,rho,671.607242339832,1.8478664192949943e-05
292,rho,772.442896935933,2.294930875576038e-05
292,rho,822.582172701949,2.5604113110539907e-05
292,rho,872.721448467966,2.853868194842413e-05
292,rho,922.303621169916,3.1222570532915454e-05
292,rho,952.387186629526,3.294377067254691e-05
292,rho,972.442896935932,3.446366782006934e-05
292,rho,998.626740947075,3.657282741738075e-05
292,rho,1014.782729805013,3.702602230483279e-05
292,rho,1028.710306406685,3.772727272727279e-05
292,kappa,324.2465373961219,1.19776397515527
292,kappa,373.554016620498,1.05614906832298
292,kappa,473.831024930748,0.97416149068323
292,kappa,573.0,0.906335403726708
292,kappa,673.277008310249,0.863105590062112
292,kappa,773.0,0.842981366459627
292,kappa,821.199445983379,0.823602484472049
292,kappa,870.506925207756,0.793788819875776
292,kappa,921.476454293628,0.754285714285714
292,kappa,950.285318559556,0.716273291925466
292,kappa,971.337950138504,0.69167701863354
292,kappa,997.930747922437,0.652173913043478
292,kappa,1012.335180055401,0.632049689440993
292,kappa,1026.7396121883648,0.611180124223602
292,ZT,321.314606741573,0.27384196185286
292,ZT,371.876404494382,0.431880108991825
292,ZT,472.999999999999,0.420980926430517
292,ZT,572.999999999999,0.677111716621253
292,ZT,672.999999999999,0.995912806539509
292,ZT,772.4382022471909,1.24931880108991
292,ZT,821.314606741573,1.33651226158038
292,ZT,870.752808988764,1.47275204359673
292,ZT,920.752808988763,1.65803814713896
292,ZT,951.089887640449,1.83787465940054
292,ZT,971.876404494381,1.97411444141689
292,ZT,998.842696629213,2.22207084468664
292,ZT,1012.325842696628,2.3991825613079
292,ZT,1027.494382022471,2.62806539509536
294,alpha,300.30303030303,9.256385998107848e-05
294,alpha,308.787878787878,9.36234626300851e-05
294,alpha,317.878787878787,9.48344370860927e-05
294,alpha,325.757575757575,9.63481551561022e-05
294,alpha,336.060606060606,9.81646168401135e-05
294,alpha,348.333333333333,0.0001010406811731
294,alpha,357.272727272727,0.0001039167455061
294,alpha,366.363636363636,0.0001075496688741
294,alpha,374.848484848484,0.0001137559129612
294,alpha,380.454545454545,0.0001204162724692
294,alpha,386.363636363636,0.0001284389782403
294,alpha,390.757575757575,0.0001367644276253
294,alpha,395.454545454545,0.0001470577105014
294,alpha,396.969696969697,0.0001520529801324
294,alpha,397.878787878787,0.0001573509933774
294,alpha,398.787878787878,0.0001621948912015
294,alpha,399.848484848484,0.0001668874172185
294,alpha,401.515151515151,0.0001635572374645
294,alpha,402.272727272727,0.0001587133396404
294,alpha,402.878787878787,0.0001555345316934
294,alpha,403.939393939394,0.0001479659413434
294,alpha,405.0,0.0001385808893093
294,alpha,405.90909090909,0.0001276821192052
294,alpha,406.363636363636,0.0001216272469252
294,alpha,407.424242424242,0.0001087606433301
294,alpha,408.484848484848,9.63481551561022e-05
294,alpha,409.090909090909,9.13528855250709e-05
294,alpha,409.393939393939,8.77199621570482e-05
294,alpha,410.0,8.560075685903499e-05
294,alpha,410.454545454545,9.04446546830652e-05
294,alpha,411.060606060606,9.57426679280984e-05
294,alpha,411.363636363636,0.0001005865657521
294,alpha,411.969696969697,0.0001045222327341
294,alpha,412.272727272727,0.0001073982970671
294,alpha,413.030303030303,0.0001101229895931
294,alpha,415.0,0.0001137559129612
294,alpha,418.181818181818,0.0001161778618732
294,alpha,422.121212121212,0.0001173888363292
294,alpha,428.181818181818,0.0001192052980132
294,alpha,428.484848484848,0.0001192052980132
294,alpha,434.242424242424,0.0001207190160832
294,alpha,440.454545454545,0.0001229895931882
294,alpha,447.575757575757,0.0001249574266792
294,alpha,453.636363636363,0.0001267738883632
294,alpha,459.696969696969,0.0001288930936613
294,alpha,464.545454545454,0.0001307095553453
294,alpha,470.0,0.0001325260170293
294,alpha,476.060606060606,0.0001350993377483
294,alpha,481.515151515151,0.0001366130558183
294,alpha,485.0,0.0001376726584673
294,alpha,489.848484848484,0.0001393377483443
294,rho,300.465838509316,1.01799485861182e-05
294,rho,306.055900621118,1.03856041131105e-05
294,rho,311.645962732919,1.04884318766066e-05
294,rho,317.857142857142,1.06940874035989e-05
294,rho,323.447204968944,1.08483290488431e-05
294,rho,329.658385093167,1.10539845758354e-05
294,rho,336.490683229813,1.1259640102827702e-05
294,rho,342.23602484472,1.1413881748071898e-05
294,rho,348.291925465838,1.16709511568123e-05
294,rho,353.260869565217,1.18251928020565e-05
294,rho,358.850931677018,1.2287917737789102e-05
294,rho,363.819875776397,1.2904884318766e-05
294,rho,369.409937888198,1.40874035989717e-05
294,rho,375.621118012422,1.56298200514138e-05
294,rho,381.211180124223,1.7326478149100202e-05
294,rho,386.180124223602,1.91773778920308e-05
294,rho,391.149068322981,2.11825192802056e-05
294,rho,394.875776397515,2.2982005141388103e-05
294,rho,397.981366459627,2.4267352185089905e-05
294,rho,400.310559006211,2.4318766066838e-05
294,rho,402.7950310559,2.37532133676092e-05
294,rho,403.416149068322,2.26221079691516e-05
294,rho,404.037267080745,2.16452442159382e-05
294,rho,404.503105590062,2.0719794344472905e-05
294,rho,404.968944099378,1.96401028277634e-05
294,rho,405.434782608695,1.8611825192802e-05
294,rho,406.055900621118,1.7583547557840602e-05
294,rho,406.055900621118,1.67095115681233e-05
294,rho,406.987577639751,1.61953727506426e-05
294,rho,408.385093167701,1.69665809768637e-05
294,rho,409.161490683229,1.7686375321336703e-05
294,rho,410.093167701863,1.84575835475578e-05
294,rho,411.024844720496,1.9023136246786603e-05
294,rho,413.509316770186,1.91773778920308e-05
294,rho,418.012422360248,1.93830334190231e-05
294,rho,422.826086956521,1.96401028277634e-05
294,rho,427.173913043478,1.9845758354755705e-05
294,rho,431.521739130434,2.0102827763496106e-05
294,rho,437.111801242236,2.04113110539845e-05
294,rho,443.322981366459,2.0771208226221e-05
294,rho,447.981366459627,2.1079691516709403e-05
294,rho,453.260869565217,2.13367609254498e-05
294,rho,458.540372670807,2.16966580976863e-05
294,rho,464.440993788819,2.2107969151670903e-05
294,rho,471.273291925465,2.25192802056555e-05
294,rho,477.484472049689,2.2879177377892e-05
294,rho,483.07453416149,2.32904884318766e-05
294,rho,488.819875776397,2.3650385604113106e-05
294,kappa,300.0,0.880334728033472
294,kappa,304.81444332999,0.87531380753138
294,kappa,309.177532597793,0.874476987447698
294,kappa,315.646940822467,0.872803347280334
294,kappa,323.470411233701,0.869456066945606
294,kappa,331.293881644934,0.861924686192468
294,kappa,337.913741223671,0.847698744769874
294,kappa,342.126379137412,0.834309623430962
294,kappa,345.737211634904,0.818410041841004
294,kappa,349.949849548645,0.797489539748954
294,kappa,354.162487462387,0.768200836820083
294,kappa,358.375125376128,0.737238493723849
294,kappa,360.782347041123,0.711297071129707
294,kappa,363.941825476429,0.678661087866108
294,kappa,367.101303911735,0.638493723849372
294,kappa,370.260782347041,0.601673640167363
294,kappa,372.668004012036,0.566527196652719
294,kappa,375.225677031093,0.531380753138075
294,kappa,377.78335005015,0.497907949790795
294,kappa,379.889669007021,0.464435146443514
294,kappa,382.146439317953,0.430962343096234
294,kappa,385.155466399197,0.390794979079497
294,kappa,387.261785356068,0.357322175732217
294,kappa,389.669007021063,0.323849372384937
294,kappa,391.925777331995,0.290376569037656
294,kappa,393.881644934804,0.266108786610878
294,kappa,396.439317953861,0.23347280334728
294,kappa,398.094282848545,0.21673640167364
294,kappa,399.598796389167,0.20418410041841
294,kappa,400.200601805416,0.200836820083682
294,kappa,400.802407221664,0.22510460251046
294,kappa,401.404212637913,0.345606694560669
294,kappa,401.8555667001,0.600836820083682
294,kappa,402.306920762286,0.843514644351464
294,kappa,402.908726178535,0.936401673640167
294,kappa,403.360080240722,0.916317991631799
294,kappa,403.811434302908,0.892887029288702
294,kappa,404.413239719157,0.876987447698744
294,kappa,405.31594784353,0.861087866108786
294,kappa,407.121364092276,0.857740585774058
294,kappa,411.334002006018,0.856903765690376
294,kappa,416.148445336007,0.857740585774058
294,kappa,420.812437311935,0.85857740585774
294,kappa,424.874623871614,0.855230125523012
294,kappa,428.936810431293,0.85439330543933
294,kappa,434.20260782347,0.855230125523012
294,kappa,440.220661985957,0.85439330543933
294,kappa,447.29187562688,0.85439330543933
294,kappa,453.610832497492,0.85439330543933
294,kappa,460.682046138415,0.85439330543933
294,kappa,467.753259779338,0.85439330543933
294,kappa,475.125376128385,0.85439330543933
294,kappa,481.143430290872,0.853556485355648
294,kappa,485.055165496489,0.85439330543933
294,kappa,489.418254764292,0.855230125523012
294,ZT,300.067001675041,0.289473684210527
294,ZT,306.515912897822,0.295546558704453
294,ZT,314.489112227805,0.303643724696356
294,ZT,321.993299832495,0.313765182186234
294,ZT,329.614740368509,0.338056680161943
294,ZT,337.939698492462,0.354251012145749
294,ZT,346.381909547738,0.378542510121458
294,ZT,353.417085427135,0.412955465587044
294,ZT,360.452261306532,0.449392712550607
294,ZT,367.956448911222,0.504048582995951
294,ZT,373.58458961474,0.570850202429149
294,ZT,377.571189279732,0.647773279352226
294,ZT,381.675041876046,0.74493927125506
294,ZT,385.309882747068,0.864372469635627
294,ZT,389.061976549413,1.02631578947368
294,ZT,392.345058626465,1.21255060728744
294,ZT,395.041876046901,1.41497975708502
294,ZT,395.979899497487,1.53036437246963
294,ZT,396.331658291457,1.5910931174089
294,ZT,396.917922948073,1.66194331983805
294,ZT,397.386934673366,1.74493927125506
294,ZT,397.855946398659,1.84008097165991
294,ZT,398.442211055276,1.94331983805668
294,ZT,398.911222780569,2.04453441295546
294,ZT,399.380234505862,2.14372469635627
294,ZT,399.966499162479,2.26113360323886
294,ZT,400.435510887772,2.2246963562753
294,ZT,400.904522613065,1.98178137651821
294,ZT,401.490787269681,1.27935222672064
294,ZT,401.959798994974,0.722672064777328
294,ZT,402.546063651591,0.504048582995951
294,ZT,403.015075376884,0.445344129554655
294,ZT,404.891122278056,0.459514170040486
294,ZT,406.415410385259,0.427125506072874
294,ZT,407.001675041876,0.388663967611335
294,ZT,407.587939698492,0.34412955465587
294,ZT,408.408710217755,0.248987854251011
294,ZT,409.815745393634,0.200404858299595
294,ZT,411.80904522613,0.255060728744938
294,ZT,413.333333333333,0.313765182186236
294,ZT,417.671691792294,0.342105263157894
294,ZT,425.175879396984,0.352226720647773
294,ZT,434.556113902847,0.364372469635628
294,ZT,445.343383584589,0.382591093117409
294,ZT,454.723618090452,0.40080971659919
294,ZT,462.696817420435,0.412955465587044
294,ZT,469.849246231155,0.435222672064777
295,alpha,289.983022071307,8.3747927031509e-05
295,alpha,309.847198641765,9.36981757877279e-05
295,alpha,330.220713073005,9.73466003316749e-05
295,alpha,349.575551782682,0.0001003316749585
295,alpha,419.864176570458,0.0001102819237147
295,alpha,450.933786078098,0.0001202321724709
295,alpha,500.339558573854,0.0001358208955223
295,alpha,549.745331069609,0.0001510779436152
295,alpha,600.169779286927,0.0001676616915422
295,alpha,650.084889643462,0.0001839137645107
295,alpha,699.999999999999,0.0001998341625207
295,alpha,749.915110356535,0.0002157545605306
295,alpha,799.830220713073,0.0002316749585406
295,alpha,850.25466893039,0.0002512437810945
295,alpha,900.169779286927,0.0002708126036484
295,alpha,950.594227504244,0.0002817578772802
295,alpha,1000.50933786078,0.0002950248756218
295,rho,290.033783783783,9.64088397790055e-06
295,rho,310.304054054054,1.00552486187845e-05
295,rho,330.574324324324,1.06353591160221e-05
295,rho,349.831081081081,1.19613259668508e-05
295,rho,420.27027027027,1.80939226519337e-05
295,rho,450.675675675675,1.96685082872928e-05
295,rho,500.337837837838,2.26519337016574e-05
295,rho,550.0,2.6215469613259604e-05
295,rho,600.168918918919,3.0524861878453e-05
295,rho,650.337837837837,3.55801104972375e-05
295,rho,700.506756756756,4.12154696132596e-05
295,rho,750.675675675675,4.759668508287291e-05
295,rho,800.337837837837,5.42265193370165e-05
295,rho,850.0,6.093922651933701e-05
295,rho,900.168918918918,6.690607734806629e-05
295,rho,950.337837837837,7.23756906077347e-05
295,rho,1001.01351351351,7.68508287292817e-05
295,kappa,290.384615384615,0.978784266984505
295,kappa,310.314685314685,0.953754469606674
295,kappa,330.244755244755,0.929916567342074
295,kappa,350.174825174825,0.851251489868892
295,kappa,419.93006993007,1.03957091775923
295,kappa,449.825174825174,1.03003575685339
295,kappa,500.6993006993,1.0145411203814
295,kappa,550.0,0.993087008343265
295,kappa,599.825174825174,0.970441001191896
295,kappa,650.174825174825,0.944219308700835
295,kappa,700.0,0.916805721096544
295,kappa,749.825174825175,0.888200238379023
295,kappa,800.174825174825,0.858402860548272
295,kappa,850.524475524475,0.829797377830751
295,kappa,900.34965034965,0.8
295,kappa,949.650349650349,0.770202622169249
295,kappa,1000.52447552447,0.740405244338498
295,ZT,291.202872531418,0.205263157894736
295,ZT,310.592459605026,0.278947368421052
295,ZT,331.059245960502,0.312280701754385
295,ZT,350.987432675044,0.342105263157894
295,ZT,421.005385996409,0.270175438596491
295,ZT,450.628366247755,0.312280701754385
295,ZT,501.795332136445,0.396491228070175
295,ZT,550.269299820466,0.478947368421052
295,ZT,601.436265709156,0.566666666666666
295,ZT,650.44883303411,0.650877192982456
295,ZT,700.538599640933,0.735087719298245
295,ZT,750.089766606822,0.826315789473684
295,ZT,799.640933572711,0.921052631578947
295,ZT,850.269299820466,1.06491228070175
295,ZT,900.359066427288,1.23157894736842
295,ZT,949.910233393177,1.35087719298245
295,ZT,999.461400359066,1.53157894736842
296,alpha,299.521,3.72105e-05
296,alpha,348.191,4.03144e-05
296,alpha,389.188,4.2187e-05
296,alpha,442.987,4.52954e-05
296,alpha,489.046,5.14583e-05
296,alpha,537.716,5.45622e-05
296,alpha,586.34,6.07274e-05
296,alpha,634.944,6.811709999999999e-05
296,alpha,680.957,7.73413e-05
296,alpha,732.097,8.656999999999999e-05
296,alpha,788.394,9.39664e-05
296,alpha,877.855,0.000112413
296,alpha,982.718,0.000129648
296,rho,303.382,3.029495164925717e-06
296,rho,346.387,3.499182940783327e-06
296,rho,399.573,3.904511272324043e-06
296,rho,445.17,4.2765380569121685e-06
296,rho,490.766,4.726925513107764e-06
296,rho,538.871,5.610412926391383e-06
296,rho,591.975,8.657034273198688e-06
296,rho,640.135,9.593246354566385e-06
296,rho,688.305,1.0347671411763854e-05
296,rho,736.493,1.0374821553069287e-05
296,rho,784.644,1.2278872848587992e-05
296,rho,886.11,1.1330789948682854e-05
296,rho,990.067,1.3039645738904566e-05
296,kappa,292.613,1.37908
296,kappa,351.619,1.30501
296,kappa,399.931,1.29207
296,kappa,453.577,1.23028
296,kappa,499.142,1.13203
296,kappa,552.67,0.911704
296,kappa,600.839,0.703656
296,kappa,654.71,0.946733
296,kappa,703.058,0.982581
296,kappa,754.074,0.993998
296,kappa,799.693,0.968913
296,kappa,904.606,1.25999
296,kappa,1001.19,1.17316
296,ZT,300.34,0.0993487
296,ZT,345.878,0.130628
296,ZT,396.758,0.15661
296,ZT,450.332,0.1931
296,ZT,498.582,0.245415
296,ZT,549.534,0.313501
296,ZT,595.072,0.344781
296,ZT,648.601,0.354955
296,ZT,699.57,0.433568
296,ZT,753.234,0.52269
296,ZT,801.591,0.638162
296,ZT,900.846,0.790143
296,ZT,1003.02,1.08421
298,alpha,459.46137491141,0.0001492537313432
298,alpha,533.167965981573,0.0001743283582089
298,alpha,606.874557051736,0.0001979104477611
298,alpha,680.581148121899,0.0002194029850746
298,alpha,754.854712969524,0.0002370149253731
298,alpha,828.277817150956,0.0002522388059701
298,alpha,864.847625797306,0.0002594029850746
298,rho,443.142144638404,2.9856459330143504e-05
298,rho,470.739817123857,3.2153110047846895e-05
298,rho,508.645054031587,3.56937799043062e-05
298,rho,546.21778886118,3.9617224880382704e-05
298,rho,580.798004987531,4.3540669856459296e-05
298,rho,617.373233582709,4.7559808612440105e-05
298,rho,654.945968412302,5.2248803827751206e-05
298,rho,687.531172069825,5.655502392344489e-05
298,rho,724.77140482128,6.14354066985646e-05
298,rho,757.024106400664,6.593301435406689e-05
298,rho,788.611803823774,7.01435406698564e-05
298,rho,825.852036575228,7.559808612440191e-05
298,rho,858.104738154613,8.028708133971289e-05
298,rho,871.737323358271,8.25837320574162e-05
298,kappa,423.93661384487,0.882692307692307
298,kappa,474.311926605504,0.820673076923076
298,kappa,524.687239366138,0.807692307692307
298,kappa,574.3953294412,0.788942307692307
298,kappa,624.437030859049,0.773076923076923
298,kappa,674.478732276897,0.761538461538461
298,kappa,724.520433694745,0.749999999999999
298,kappa,774.562135112593,0.748557692307692
298,kappa,824.270225187656,0.748557692307692
298,kappa,874.311926605504,0.751442307692308
298,ZT,420.379146919431,0.344175317185697
298,ZT,449.447077409162,0.383391003460207
298,ZT,479.778830963665,0.434140715109573
298,ZT,509.478672985781,0.482583621683967
298,ZT,539.810426540284,0.537946943483275
298,ZT,570.142180094786,0.591003460207612
298,ZT,599.210110584518,0.648673587081891
298,ZT,629.54186413902,0.697116493656286
298,ZT,659.873617693522,0.74555940023068
298,ZT,689.573459715639,0.791695501730103
298,ZT,718.641390205371,0.833217993079584
298,ZT,748.973143759873,0.860899653979238
298,ZT,779.304897314375,0.890888119953863
298,ZT,809.636650868878,0.911649365628604
298,ZT,839.336492890995,0.932410611303344
298,ZT,869.668246445497,0.960092272202998
299,alpha,11.7187499999999,6.31951466127407e-06
299,alpha,29.9479166666666,1.11729019211325e-05
299,alpha,55.3385416666664,1.6026289180991e-05
299,alpha,69.6614583333333,1.90596562184024e-05
299,alpha,100.911458333333,2.69464105156724e-05
299,alpha,115.234374999999,3.0889787664307295e-05
299,alpha,128.255208333333,3.4529828109201194e-05
299,alpha,142.578124999999,3.81698685540949e-05
299,alpha,155.598958333333,4.08998988877654e-05
299,alpha,169.270833333333,4.4236602628918096e-05
299,alpha,184.244791666666,4.63599595551062e-05
299,alpha,197.265624999999,4.8786653185035394e-05
299,alpha,210.9375,5.15166835187057e-05
299,alpha,225.260416666666,5.3943377148635e-05
299,alpha,238.932291666666,5.637007077856419e-05
299,alpha,252.604166666666,5.87967644084934e-05
299,alpha,266.927083333333,6.15267947421638e-05
299,alpha,280.598958333333,6.36501516683518e-05
299,alpha,294.270833333333,6.57735085945399e-05
299,alpha,307.291666666666,6.82002022244691e-05
299,alpha,321.614583333333,7.12335692618806e-05
299,alpha,335.286458333333,7.699696663296259e-05
299,alpha,350.911458333333,0.0001021739130434
299,alpha,376.302083333333,0.0001206774519716
299,alpha,399.739583333333,8.39737108190091e-05
299,alpha,425.78125,0.000108543983822
299,alpha,450.520833333333,0.0001164307381193
299,alpha,475.260416666666,0.0001246208291203
299,alpha,500.0,0.0001322042467138
299,alpha,525.390624999999,0.0001391809908998
299,alpha,550.781249999999,0.0001473710819009
299,alpha,574.869791666666,0.0001549544994944
299,alpha,599.609374999999,0.0001625379170879
299,alpha,624.348958333333,0.0001701213346814
299,alpha,649.739583333333,0.0001770980788675
299,alpha,673.828125,0.0001849848331648
299,alpha,699.218749999999,0.0001925682507583
299,alpha,723.958333333333,0.0002004550050556
299,alpha,748.697916666666,0.0002083417593528
299,alpha,773.4375,0.0002162285136501
299,alpha,798.828125,0.0002244186046511
299,alpha,823.567708333333,0.0002329120323559
299,alpha,848.307291666666,0.0002414054600606
299,alpha,873.697916666666,0.0002505055611729
299,alpha,899.088541666666,0.0002593023255813
299,rho,4.62046204620469,4.027667984189734e-06
299,rho,5.94059405940595,4.245833333333346e-06
299,rho,7.92079207920795,4.508849557522139e-06
299,rho,16.5016501650165,4.723059096176136e-06
299,rho,25.0825082508251,5.01970443349754e-06
299,rho,32.3432343234324,5.2797927461140026e-06
299,rho,38.9438943894389,5.568306010928985e-06
299,rho,48.1848184818482,5.933042212518203e-06
299,rho,53.4653465346535,6.203957382039581e-06
299,rho,60.7260726072607,6.532051282051319e-06
299,rho,69.3069306930693,6.873524451939295e-06
299,rho,78.5478547854786,7.239786856127889e-06
299,rho,88.4488448844884,7.676082862523569e-06
299,rho,99.6699669966997,8.152000000000047e-06
299,rho,114.191419141914,8.563025210084055e-06
299,rho,127.392739273927,8.822510822510865e-06
299,rho,144.554455445544,8.803455723542142e-06
299,rho,165.676567656765,8.822510822510865e-06
299,rho,181.518151815181,8.89956331877733e-06
299,rho,196.699669966996,9.221719457013591e-06
299,rho,211.221122112211,9.50116550116552e-06
299,rho,224.422442244224,9.774580335731415e-06
299,rho,237.623762376237,1.0014742014742028e-05
299,rho,252.145214521452,1.0318987341772156e-05
299,rho,266.006600660066,1.0614583333333342e-05
299,rho,279.207920792079,1.1046070460704615e-05
299,rho,293.729372937293,1.1197802197802202e-05
299,rho,308.250825082508,1.1514124293785303e-05
299,rho,322.772277227722,1.1988235294117663e-05
299,rho,333.993399339934,1.2817610062893087e-05
299,rho,350.49504950495,1.3586666666666672e-05
299,rho,375.577557755775,1.978640776699033e-05
299,rho,400.6600660066,3.1843750000000134e-05
299,rho,425.742574257425,2.168085106382982e-05
299,rho,449.504950495049,2.3560693641618534e-05
299,rho,475.247524752475,2.5316770186335443e-05
299,rho,500.3300330033,2.735570469798669e-05
299,rho,525.412541254125,2.9536231884058064e-05
299,rho,550.49504950495,3.184374999999993e-05
299,rho,574.917491749174,3.425210084033616e-05
299,rho,599.339933993399,3.67207207207207e-05
299,rho,624.422442244224,3.957281553398065e-05
299,rho,648.844884488449,4.202061855670128e-05
299,rho,673.927392739274,4.4791208791209066e-05
299,rho,699.009900990098,4.795294117647065e-05
299,rho,723.432343234323,5.094999999999999e-05
299,rho,748.514851485148,5.363157894736849e-05
299,rho,773.597359735973,5.583561643835624e-05
299,rho,798.019801980197,5.9941176470588536e-05
299,rho,823.102310231023,6.368750000000006e-05
299,rho,848.184818481847,6.68196721311476e-05
299,rho,872.607260726072,7.150877192982478e-05
299,rho,897.689768976897,7.41090909090915e-05
299,kappa,25.5363321799306,0.635239567233385
299,kappa,37.9930795847749,0.75579598145286
299,kappa,54.1868512110725,0.880989180834622
299,kappa,69.7577854671279,0.978361669242657
299,kappa,77.8546712802767,1.00618238021638
299,kappa,89.0657439446366,1.05718701700154
299,kappa,100.899653979238,1.08037094281298
299,kappa,114.602076124567,1.12673879443585
299,kappa,128.304498269896,1.15455950540958
299,kappa,140.76124567474,1.17310664605873
299,kappa,155.086505190311,1.21483771251931
299,kappa,168.78892733564,1.24265842349304
299,kappa,182.491349480968,1.27975270479134
299,kappa,196.193771626297,1.27047913446676
299,kappa,211.14186851211,1.2936630602782
299,kappa,224.844290657439,1.31684698608964
299,kappa,239.16955017301,1.3307573415765
299,kappa,252.249134948096,1.31221020092735
299,kappa,265.328719723183,1.3307573415765
299,kappa,279.653979238754,1.31221020092735
299,kappa,293.356401384083,1.2936630602782
299,kappa,307.058823529411,1.27511591962905
299,kappa,323.252595155709,1.2194744976816
299,kappa,334.463667820069,1.17310664605873
299,kappa,351.280276816608,1.3678516228748
299,kappa,400.484429065743,2.258114374034
299,kappa,426.020761245674,3.25965996908809
299,kappa,450.934256055363,1.43276661514683
299,kappa,475.847750865051,1.31221020092735
299,kappa,500.76124567474,1.28438948995363
299,kappa,525.674740484429,1.26120556414219
299,kappa,549.965397923875,1.22874806800618
299,kappa,575.501730103806,1.20556414219474
299,kappa,599.792387543252,1.1823802163833
299,kappa,624.705882352941,1.14992272024729
299,kappa,649.619377162629,1.12210200927356
299,kappa,674.532871972318,1.08964451313755
299,kappa,698.823529411764,1.06182380216383
299,kappa,723.737024221453,1.02009273570324
299,kappa,748.650519031141,0.978361669242659
299,kappa,773.56401384083,0.941267387944359
299,kappa,799.100346020761,0.894899536321483
299,kappa,824.013840830449,0.848531684698608
299,kappa,848.304498269896,0.79289026275116
299,kappa,873.840830449826,0.732612055641425
299,kappa,899.377162629755,0.681607418856267
299,ZT,114.825374198146,0.0089468779123951
299,ZT,143.050605844618,0.0190121155638396
299,ZT,168.709907341411,0.0301957129543337
299,ZT,196.935138987883,0.0413793103448276
299,ZT,252.744119743407,0.068219944082013
299,ZT,264.932287954383,0.0726933830382106
299,ZT,279.686386315039,0.0794035414725071
299,ZT,292.516037063435,0.0905871388630008
299,ZT,307.270135424091,0.0972972972972974
299,ZT,320.741268709907,0.111835973904939
299,ZT,325.873129009265,0.169990680335508
299,ZT,335.495367070563,0.133084808946878
299,ZT,350.249465431218,0.196831314072693
299,ZT,399.002138275124,0.0447343895619758
299,ZT,425.944404846757,0.0715750232991612
299,ZT,450.962223806129,0.182292637465051
299,ZT,475.338560228082,0.219198508853681
299,ZT,500.997861724875,0.247157502329916
299,ZT,525.374198146828,0.275116495806151
299,ZT,550.392017106201,0.301957129543336
299,ZT,574.768353528153,0.33103448275862
299,ZT,599.786172487526,0.361230195712954
299,ZT,624.162508909479,0.392544268406337
299,ZT,649.180327868852,0.426095060577819
299,ZT,674.198146828225,0.464119291705498
299,ZT,698.574483250178,0.505498602050326
299,ZT,723.592302209551,0.554706430568499
299,ZT,748.610121168923,0.606150978564771
299,ZT,772.986457590876,0.665424044734389
299,ZT,798.645759087669,0.733643988816402
299,ZT,822.380612972202,0.814165890027958
299,ZT,848.039914468995,0.910344827586206
299,ZT,873.057733428368,1.02665424044734
299,ZT,898.07555238774,1.16421248835041
301,alpha,299.549887471868,4.4474948524365e-05
301,alpha,320.255063765941,4.79752916952642e-05
301,alpha,331.507876969242,5.20933424845572e-05
301,alpha,342.760690172543,5.51818805765271e-05
301,alpha,350.862715678919,5.72409059711736e-05
301,alpha,357.6144036009,5.88881262868908e-05
301,alpha,377.419354838709,6.40356897735071e-05
301,alpha,388.67216804201,6.77419354838708e-05
301,alpha,404.426106526631,7.618393960192159e-05
301,alpha,421.080270067516,8.23610157858613e-05
301,alpha,435.033758439609,8.75085792724777e-05
301,alpha,450.337584396099,9.30679478380233e-05
301,alpha,460.690172543135,9.69800960878517e-05
301,alpha,475.543885971492,0.0001021276595744
301,alpha,495.348837209302,0.0001097460535346
301,alpha,524.606151537884,0.0001227179135209
301,alpha,541.710427606901,0.0001297185998627
301,alpha,557.914478619654,0.0001367192862045
301,alpha,574.56864216054,0.0001437199725463
301,alpha,591.672918229557,0.0001494852436513
301,alpha,608.327081770442,0.0001556623198352
301,alpha,625.431357839459,0.0001610157858613
301,alpha,642.535633908477,0.0001661633493479
301,alpha,659.639909977494,0.0001706932052161
301,alpha,676.294073518379,0.000174193548387
301,alpha,693.398349587396,0.0001793411118737
301,alpha,710.502625656414,0.0001851063829787
301,alpha,727.606901725431,0.0001904598490048
301,alpha,744.261065266316,0.0002001372683596
301,alpha,761.365341335333,0.0002085792724776
301,alpha,769.46736684171,0.0002137268359643
301,alpha,785.671417854463,0.0002178448867536
301,alpha,801.425356339084,0.0002223747426218
301,alpha,817.179294823706,0.0002246396705559
301,alpha,833.383345836459,0.0002266986959505
301,alpha,849.587396849212,0.0002223747426218
301,alpha,866.241560390097,0.0002256691832532
301,alpha,882.895723930982,0.0002184625943719
301,alpha,901.800450112528,0.0002087851750171
301,alpha,914.853713428357,0.0002009608785175
301,rho,307.188498402555,5.336170212765961e-06
301,rho,316.773162939297,5.463829787234029e-06
301,rho,327.316293929712,5.66808510638297e-06
301,rho,337.38019169329,5.821276595744669e-06
301,rho,346.006389776357,5.974468085106382e-06
301,rho,353.67412140575,6.10212765957446e-06
301,rho,359.424920127795,6.204255319148931e-06
301,rho,364.696485623003,6.33191489361701e-06
301,rho,369.96805111821,6.4340425531914805e-06
301,rho,373.32268370607,6.51063829787233e-06
301,rho,376.677316293929,6.561702127659559e-06
301,rho,384.824281150159,6.7148936170212604e-06
301,rho,395.367412140575,6.91914893617021e-06
301,rho,413.578274760383,7.30212765957446e-06
301,rho,429.872204472843,7.71063829787233e-06
301,rho,445.686900958466,8.11914893617021e-06
301,rho,461.980830670926,8.52765957446808e-06
301,rho,477.795527156549,8.987234042553179e-06
301,rho,494.089456869009,9.49787234042553e-06
301,rho,510.383386581469,1.00595744680851e-05
301,rho,526.198083067092,1.06978723404255e-05
301,rho,542.97124600639,1.1463829787234e-05
301,rho,558.785942492012,1.22297872340425e-05
301,rho,575.079872204473,1.30468085106382e-05
301,rho,590.894568690095,1.38382978723404e-05
301,rho,607.667731629393,1.4527659574468002e-05
301,rho,623.961661341853,1.5089361702127595e-05
301,rho,640.255591054313,1.5395744680851e-05
301,rho,656.070287539936,1.5931914893617002e-05
301,rho,689.137380191693,1.78212765957446e-05
301,rho,705.91054313099,1.98893617021276e-05
301,rho,722.20447284345,2.05787234042553e-05
301,rho,738.977635782747,2.23148936170212e-05
301,rho,754.79233226837,2.37191489361702e-05
301,rho,771.565495207667,2.49446808510638e-05
301,rho,787.859424920127,2.60425531914893e-05
301,rho,804.153354632587,2.6987234042553097e-05
301,rho,819.968051118211,2.7778723404255305e-05
301,rho,836.741214057508,2.84936170212765e-05
301,rho,852.555910543131,2.9285106382978695e-05
301,rho,869.329073482428,2.9080851063829703e-05
301,rho,885.143769968051,2.8391489361702097e-05
301,rho,900.958466453674,2.73191489361702e-05
301,rho,917.731629392971,2.61446808510638e-05
301,rho,926.837060702875,2.4561702127659494e-05
301,kappa,304.003336113427,2.16571428571428
301,kappa,400.583819849874,1.94171428571428
301,kappa,500.166805671392,1.65828571428571
301,kappa,601.251042535446,1.42514285714285
301,kappa,703.836530442034,1.20571428571428
301,kappa,802.919099249374,1.01371428571428
301,kappa,828.940783986655,1.01371428571428
301,kappa,850.45871559633,0.931428571428571
301,kappa,879.98331943286,0.949714285714285
301,kappa,900.500417014178,0.913142857142857
301,kappa,930.025020850709,0.881142857142857
301,ZT,300.062656641604,0.0594646271510512
301,ZT,332.957393483709,0.0688336520076478
301,ZT,365.329991645781,0.102294455066921
301,ZT,397.702589807853,0.151816443594645
301,ZT,430.597326649958,0.218738049713192
301,ZT,462.96992481203,0.295028680688336
301,ZT,495.864661654135,0.379349904397705
301,ZT,528.237259816207,0.4717017208413
301,ZT,560.609857978279,0.569407265774378
301,ZT,593.504594820384,0.673804971319311
301,ZT,626.399331662489,0.782217973231357
301,ZT,658.771929824561,0.895984703632887
301,ZT,691.666666666666,1.01242829827915
301,ZT,724.039264828738,1.12887189292543
301,ZT,756.934001670843,1.2453154875717
301,ZT,789.306599832915,1.35372848948374
301,ZT,822.20133667502,1.45009560229445
301,ZT,854.573934837092,1.52772466539196
301,ZT,887.468671679198,1.57590822179732
301,ZT,920.363408521303,1.58260038240917
302,alpha,321.865,2.03084e-05
302,alpha,373.312,2.74449e-05
302,alpha,422.186,3.29956e-05
302,alpha,471.061,3.85463e-05
302,alpha,521.222,4.40969e-05
302,alpha,573.955,5.12335e-05
302,alpha,622.83,5.99559e-05
302,alpha,674.277,9.40529e-05
302,rho,323.734,3.3413637441985573e-06
302,rho,369.833,2.7119747243955685e-06
302,rho,422.591,2.774409952363381e-06
302,rho,470.228,2.910064457927743e-06
302,rho,516.579,3.059694642474681e-06
302,rho,570.664,3.285205078927052e-06
302,rho,624.762,3.600787852382101e-06
302,rho,671.307,5.142763103760388e-06
302,kappa,323.151,1.40833
302,kappa,372.026,1.61667
302,kappa,422.186,2.15833
302,kappa,474.92,2.175
302,kappa,525.08,2.18333
302,kappa,573.955,2.125
302,kappa,621.543,2.125
302,kappa,670.418,1.9
302,ZT,320.699,0.0398611
302,ZT,374.921,0.0594737
302,ZT,421.406,0.0819987
302,ZT,473.051,0.104487
302,ZT,527.315,0.15267
302,ZT,572.563,0.212347
302,ZT,620.409,0.283433
302,ZT,672.512,0.620202
312,alpha,300.188323917137,0.0001102045786653
312,alpha,322.975517890772,0.0001230638090599
312,alpha,373.06967984934,0.0001379688261081
312,alpha,423.163841807909,0.0001594982951777
312,alpha,472.693032015065,0.0001961276181198
312,alpha,522.787193973634,0.0002217486604968
312,alpha,573.06967984934,0.0002274963468095
312,alpha,597.551789077212,0.0002318801753531
312,alpha,622.598870056497,0.0002409400876765
312,alpha,647.645951035781,0.0002530199707744
312,alpha,672.693032015065,0.0002575012177301
312,alpha,698.116760828625,0.0002563321967851
312,alpha,722.787193973634,0.0002560399415489
312,alpha,747.834274952919,0.0002493180711154
312,alpha,772.693032015065,0.000242791037506
312,alpha,797.363465160075,0.0002348027277155
312,rho,299.999999999999,5.541760722347633e-06
312,rho,322.881996974281,5.795219828858087e-06
312,rho,373.373676248108,6.751460983155752e-06
312,rho,423.108925869894,8.052480524805302e-06
312,rho,473.2223903177,1.050829320492241e-05
312,rho,523.146747352496,1.3461274845784792e-05
312,rho,572.881996974281,1.3938963804116404e-05
312,rho,598.033282904689,1.239898989898992e-05
312,rho,622.806354009077,1.2972258916776737e-05
312,rho,647.768532526474,1.413966882649387e-05
312,rho,672.730711043872,1.5724579663730966e-05
312,rho,697.881996974281,1.644891122278056e-05
312,rho,722.655068078668,1.5915721231766654e-05
312,rho,747.428139183055,1.5177743431221012e-05
312,rho,772.390317700453,1.4667662434652734e-05
312,rho,797.730711043872,1.4451802796173625e-05
312,kappa,299.79398434281,1.74763757643135
312,kappa,322.661722290894,1.70872707059477
312,kappa,372.723526988051,1.60589216231239
312,kappa,422.579316028018,1.48360200111172
312,kappa,472.847136382365,1.29460811561978
312,kappa,522.702925422332,1.23902167871039
312,kappa,573.382777091058,1.23346303501945
312,kappa,598.104655953852,1.24458032240133
312,kappa,623.444581788216,1.28349082823791
312,kappa,647.754429336629,1.25013896609227
312,kappa,673.300370828182,1.25291828793774
312,kappa,698.228265348166,1.28071150639244
312,kappa,723.156159868149,1.33073929961089
312,kappa,748.290070045323,1.37242912729294
312,kappa,773.217964565306,1.4307948860478
312,kappa,798.14585908529,1.4863813229572
312,ZT,300.181818181818,0.374935266701191
312,ZT,323.090909090909,0.49404453650958
312,ZT,373.090909090909,0.65458311755567
312,ZT,423.454545454545,0.896944588296219
312,ZT,472.727272727272,1.33816675297773
312,ZT,523.090909090909,1.53909891248058
312,ZT,572.727272727272,1.7224236147074
312,ZT,597.818181818182,2.07664422578974
312,ZT,622.909090909091,2.16986017607457
312,ZT,647.636363636363,2.3314344899016
312,ZT,672.545454545454,2.28896944588296
312,ZT,697.454545454545,2.18436043500776
312,ZT,722.545454545454,2.23511134127395
312,ZT,747.636363636363,2.20818228896944
312,ZT,772.545454545454,2.15639564992232
312,ZT,797.636363636363,2.04971517348524
313,alpha,299.815157116451,0.0002412368672397
313,alpha,400.554528650646,0.0002590019102196
313,alpha,500.369685767097,0.0002740926456542
313,alpha,600.0,0.0002839302769818
313,alpha,699.815157116451,0.0002930038204393
313,alpha,799.815157116451,0.0003011222540592
313,alpha,899.815157116451,0.0003071394460362
313,rho,300.372323921811,6.031510107015485e-06
313,rho,400.899782811045,8.566241661741134e-06
313,rho,500.124107973937,1.1586340794883508e-05
313,rho,600.279242941359,1.4866647127784291e-05
313,rho,700.248215947874,1.8825385043607357e-05
313,rho,800.21718895439,2.290067720090293e-05
313,rho,900.186161960906,2.73008611410119e-05
313,kappa,299.793956043956,2.77983484283431
313,kappa,400.137362637362,2.23961108151305
313,kappa,500.068681318681,1.86987213638785
313,kappa,599.793956043956,1.62906233351092
313,kappa,699.931318681318,1.42980820458177
313,kappa,800.068681318681,1.29022376132125
313,kappa,899.793956043956,1.18047416089504
313,ZT,299.441340782122,1.03161185734136
313,ZT,399.441340782122,1.39867994441871
313,ZT,499.441340782123,1.71943029180175
313,ZT,600.0,1.97996757758221
313,ZT,699.813780260707,2.23008337193144
313,ZT,799.627560521415,2.4304075961093
313,ZT,899.627560521415,2.62031032885595
330,alpha,311.74823,0.0001908281699999
330,alpha,324.36873,0.00020056961
330,alpha,348.83185,0.00021041025
330,alpha,373.28027,0.00022056141
330,alpha,397.98968,0.0002300293
330,alpha,422.92556,0.0002428359399999
330,alpha,448.03021,0.0002563568099999
330,alpha,473.2914,0.0002674841
330,alpha,498.50118,0.0002796682599999
330,alpha,523.54134,0.00029117695
330,alpha,548.49871,0.00030332296
330,alpha,573.39479,0.00031407832
330,alpha,598.18973,0.00032435701
330,alpha,623.13983,0.00033316832
330,alpha,648.07313,0.0003401509199999
330,alpha,673.03804,0.00034203251
330,alpha,697.99467,0.00034177537
330,alpha,723.03534,0.00033549854
330,alpha,748.11796,0.0003240547399999
330,alpha,763.125,0.00031156427
330,alpha,773.13823,0.00029470108
330,alpha,783.21932,0.00026860032
330,rho,311.74823,0.0001175693385748
330,rho,324.36873,0.0001064032632604
330,rho,348.83185,8.658102360415155e-05
330,rho,373.28027,7.643170922320543e-05
330,rho,397.98968,7.220511161646667e-05
330,rho,422.92556,7.135422033098654e-05
330,rho,448.03021,7.298462980188686e-05
330,rho,473.2914,7.626859847908212e-05
330,rho,498.50118,8.13019300834296e-05
330,rho,523.54134,8.831629314615225e-05
330,rho,548.49871,9.770401428667178e-05
330,rho,573.39479,0.0001088539992469
330,rho,598.18973,0.0001207579542056
330,rho,623.13983,0.0001319198908547
330,rho,648.07313,0.0001395206266596
330,rho,673.03804,0.0001425988352527
330,rho,697.99467,0.0001405790592027
330,rho,723.03534,0.0001338792034722
330,rho,748.11796,0.0001272226593734
330,rho,763.125,0.0001148061337702
330,rho,773.13823,0.000102842515713
330,rho,783.21932,8.477711587573573e-05
330,kappa,304.1,0.61104
330,kappa,323.7,0.58823
330,kappa,374.8,0.48736
330,kappa,423.5,0.42489
330,kappa,473.7,0.37522
330,kappa,523.6,0.33189
330,kappa,573.7,0.28853
330,kappa,623.8,0.25607
330,kappa,674.2,0.23549
330,kappa,724.0,0.225
330,kappa,774.0,0.21983
330,kappa,783.4,0.21632
330,ZT,304.1,0.15415
330,ZT,323.7,0.20805
330,ZT,374.8,0.48948
330,ZT,423.5,0.82373
330,ZT,473.7,1.18432
330,ZT,523.6,1.51453
330,ZT,573.7,1.80188
330,ZT,623.8,2.04976
330,ZT,674.2,2.34874
330,ZT,724.0,2.70535
330,ZT,774.0,2.97334
330,ZT,783.4,3.08192
331,alpha,302.844950213371,0.0001818965517241
331,alpha,322.75960170697,0.0001941091954022
331,alpha,373.25746799431,0.0002192528735632
331,alpha,423.044096728307,0.0002458333333333
331,alpha,472.830725462304,0.0002745689655172
331,alpha,522.617354196301,0.0003047413793103
331,alpha,573.115220483641,0.0003363505747126
331,alpha,622.901849217638,0.0003693965517241
331,alpha,672.688477951635,0.0004038793103448
331,alpha,723.186344238975,0.0004397988505747
331,alpha,772.972972972972,0.0004778735632183
331,rho,302.861230329041,4.315920398009951e-05
331,rho,322.889842632331,4.7501711156742095e-05
331,rho,372.961373390557,5.58776167471822e-05
331,rho,423.032904148783,6.666666666666667e-05
331,rho,473.10443490701,8.004613610150001e-05
331,rho,523.175965665235,9.760900140647064e-05
331,rho,573.247496423462,0.0001198618307426
331,rho,623.319027181688,0.0001482905982905
331,rho,673.390557939914,0.0001821522309711
331,rho,723.46208869814,0.0002203174603174
331,rho,773.533619456366,0.0002542124542124
331,kappa,303.556187766714,0.8203125
331,kappa,323.470839260312,0.75625
331,kappa,373.25746799431,0.6765625
331,kappa,423.044096728307,0.603125
331,kappa,473.541963015647,0.5453125
331,kappa,523.328591749644,0.5109375
331,kappa,573.115220483641,0.45
331,kappa,623.613086770981,0.396875
331,kappa,673.399715504978,0.3578125
331,kappa,723.186344238976,0.281249999999999
331,kappa,773.684210526315,0.24375
331,ZT,302.889715295982,0.255730659025787
331,ZT,322.7590481416,0.310888252148997
331,ZT,373.140076002357,0.441260744985673
331,ZT,422.816964376435,0.596704871060172
331,ZT,473.206120831555,0.767191977077364
331,ZT,522.881993131337,0.917621776504298
331,ZT,573.281310329411,1.13825214899713
331,ZT,622.97547196651,1.37893982808022
331,ZT,673.377837387469,1.61461318051575
331,ZT,723.853360157694,2.21131805157593
331,ZT,773.619663069763,2.8080229226361
332,alpha,307.837445573294,0.0002311819666182
332,alpha,323.512336719883,0.0002384554910498
332,alpha,348.33091436865,0.0002524892658442
332,alpha,373.149492017416,0.0002644397073052
332,alpha,397.968069666182,0.0002743068154329
332,alpha,424.092888243831,0.0002872974117077
332,alpha,448.911465892597,0.0002971645198355
332,alpha,475.036284470246,0.0003096342827769
332,alpha,499.854862119013,0.0003210638909046
332,alpha,525.32656023222,0.0003340552431059
332,alpha,550.798258345428,0.0003439215953072
332,alpha,575.616835994194,0.0003527470367682
332,alpha,600.43541364296,0.0003683433115626
332,alpha,626.560232220609,0.0003724797411707
332,alpha,650.725689404934,0.0003745351052249
332,alpha,676.197387518142,0.0003739847907595
332,alpha,701.015965166908,0.0003598935655539
332,alpha,726.487663280116,0.0003442390844218
332,alpha,752.094528932921,0.0003165217391304
332,alpha,776.777939042089,0.0002702225447508
332,rho,307.139362672063,0.0011220930232558
332,rho,323.889790744735,0.0008935185185185
332,rho,348.388890124307,0.0005610465116279
332,rho,372.897996397518,0.0003799212598425
332,rho,398.053103248904,0.0002838235294117
332,rho,424.489092485934,0.0002330917874396
332,rho,448.978184971869,0.0002097826086956
332,rho,474.740376703951,0.0002010416666666
332,rho,499.843225333007,0.0002044491525423
332,rho,524.936067068425,0.0002163677130044
332,rho,550.669349996664,0.0002330917874396
332,rho,575.758856100869,0.0002526178010471
332,rho,600.852809713358,0.0002695530726256
332,rho,626.596099535235,0.0002805232558139
332,rho,650.418065778647,0.0002772988505747
332,rho,676.179145633658,0.0002636612021857
332,rho,701.312014943627,0.0002342233009708
332,rho,726.460450532589,0.0001985596707818
332,rho,751.931330472103,0.0001580119076015
332,rho,776.906313238008,0.0001069844789356
332,kappa,299.524304515583,0.842641695590126
332,kappa,323.370919149386,0.800900297750136
332,kappa,346.581687485685,0.746840148698884
332,kappa,371.715851230641,0.705105798199404
332,kappa,391.696647227752,0.668269349354287
332,kappa,423.913916735671,0.62411071371941
332,kappa,448.394792015363,0.597151112598883
332,kappa,474.163216406208,0.570198558818865
332,kappa,498.642506034285,0.545702003206539
332,kappa,523.763984566324,0.52367201677267
332,kappa,548.883877446748,0.504105075847002
332,kappa,573.367924029669,0.472219383710072
332,kappa,599.133177117285,0.450192920946457
332,kappa,623.617223700206,0.418307228809527
332,kappa,648.741873535474,0.391351151359255
332,kappa,673.863352067513,0.369321164925386
332,kappa,698.34264169559,0.34482460931306
332,kappa,723.476805440547,0.30309025881358
332,kappa,748.615726140347,0.253966771789495
332,kappa,773.749889885304,0.212232421290015
332,ZT,306.521739130434,0.0154880619978339
332,ZT,323.291925465838,0.0261895264687446
332,ZT,348.136645962732,0.0532565958174249
332,ZT,372.360248447204,0.091344236138811
332,ZT,397.826086956521,0.151427431762493
332,ZT,423.91304347826,0.228012992193287
332,ZT,448.757763975155,0.315630520257564
332,ZT,474.223602484472,0.386722890193173
332,ZT,499.689440993788,0.452310672972819
332,ZT,524.534161490683,0.512405265257279
332,ZT,550.621118012422,0.555963302752293
332,ZT,575.465838509316,0.572021197789048
332,ZT,600.310559006211,0.648629551541398
332,ZT,626.39751552795,0.697692176192375
332,ZT,650.621118012422,0.829357798165137
332,ZT,675.465838509316,0.972021197789047
332,ZT,700.931677018633,1.1256823750641
332,ZT,726.39751552795,1.49402245142173
332,ZT,754.668049792531,2.05144086185237
332,ZT,776.708074534161,2.48392500997207
351,alpha,310.175626759619,0.000213799628445
351,alpha,336.843314883266,0.0002193200926972
351,alpha,365.264397755348,0.0002260624748625
351,alpha,394.54063164346,0.0002294685231647
351,alpha,423.641621818321,0.0002007699231992
351,alpha,453.183115316109,0.0002127715319939
351,alpha,482.907513454503,0.0002182812709478
351,alpha,512.624250665543,0.0002223875280102
351,alpha,542.573688544998,0.0002291245475264
351,rho,311.150707571531,2.0143360972108077e-05
351,rho,337.333436628447,2.071843600526469e-05
351,rho,365.762834417932,2.161806082801126e-05
351,rho,394.786179113727,2.292391844853308e-05
351,rho,424.452535895052,1.768396825251852e-05
351,rho,453.274455118272,1.8505208831119203e-05
351,rho,483.082842681541,1.9840554166495912e-05
351,rho,512.488379299659,2.126944371210128e-05
351,rho,541.899080673484,2.2854647182416973e-05
351,kappa,309.813084112149,1.03997663551401
351,kappa,336.448598130841,1.03237850467289
351,kappa,364.719626168224,1.04568224299065
351,kappa,393.691588785046,1.06494392523364
351,kappa,423.130841121495,1.07517757009345
351,kappa,452.33644859813,1.06442523364485
351,kappa,481.775700934579,1.06565887850467
351,kappa,511.214953271028,1.05939252336448
351,kappa,540.887850467289,1.06811214953271
351,ZT,310.280373831775,0.673958966985566
351,ZT,336.682242990654,0.751128131394126
351,ZT,364.953271028037,0.815804899629486
351,ZT,393.925233644859,0.846728971962616
351,ZT,423.130841121495,0.893621080572913
351,ZT,452.33644859813,1.03459602941989
351,ZT,481.775700934579,1.07970469501741
351,ZT,511.214953271028,1.11948791682795
351,ZT,540.654205607476,1.15927113863849
352,alpha,308.721008178039,0.0001873135042996
352,alpha,338.889740103039,0.0001942251929596
352,alpha,367.984026966464,0.000204298546339
352,alpha,397.70650987302,0.00020945741482
352,alpha,427.178097408691,0.000208652251355
352,alpha,457.249152509911,0.0001976695458985
352,alpha,486.875873824526,0.000185284890736
352,alpha,516.502595139141,0.0001729002355735
352,alpha,546.572692624442,0.0001617420948805
352,rho,307.802773975256,1.752312761373718e-05
352,rho,337.644962161324,1.897334117416449e-05
352,rho,366.837564893974,2.0086953363735898e-05
352,rho,396.201926802179,2.059798366717211e-05
352,rho,425.719967972725,2.005002537519032e-05
352,rho,455.581527494382,1.8323150387362103e-05
352,rho,485.166722628302,1.5961100049057806e-05
352,rho,514.315417000284,1.3916816137856183e-05
352,rho,543.87865795387,1.2346493955425452e-05
352,kappa,308.16032362309,0.820426382721502
352,kappa,338.304698579499,0.815048938692953
352,kappa,367.270360123683,0.823139515960291
352,kappa,396.448748052914,0.858089414828075
352,kappa,426.074675098226,0.918399088647617
352,kappa,455.924952921209,0.990642363936484
352,kappa,485.536930695371,1.06886290191337
352,kappa,514.91060842071,1.15306070257828
352,kappa,544.721363308767,1.27605142631297
352,ZT,308.878504672897,0.752115246363988
352,ZT,338.551401869158,0.827393131670629
352,ZT,367.757009345794,0.931089974008737
352,ZT,396.962616822429,0.988632970192998
352,ZT,426.401869158878,1.0088895647846
352,ZT,456.07476635514,0.988309461925565
352,ZT,485.747663551401,0.985480838356466
352,ZT,515.18691588785,0.966684178510202
352,ZT,544.859813084112,0.91415141292927
353,alpha,303.472222222222,0.0001304452341137
353,alpha,373.611111111111,0.0001470178372352
353,alpha,473.611111111111,0.0001705964325529
353,alpha,572.916666666666,0.0001893220457079
353,alpha,672.222222222222,0.000202529264214
353,alpha,772.222222222222,0.0002140677257525
353,alpha,870.833333333333,0.0002286092530657
353,alpha,971.527777777778,0.0002358033723522
353,rho,303.424657534246,6.6844581528581925e-06
353,rho,373.287671232876,7.5376850285652625e-06
353,rho,472.602739726027,8.8036941239944e-06
353,rho,570.547945205479,9.79009873035767e-06
353,rho,671.232876712328,1.077574486268112e-05
353,rho,770.547945205479,1.1832577979205548e-05
353,rho,869.86301369863,1.2940545331560668e-05
353,rho,971.232876712328,1.3711291797444592e-05
353,kappa,305.410320527392,2.97901795862696
353,kappa,376.350685761915,2.96537091763279
353,kappa,475.623247707812,2.85989239978783
353,kappa,575.138289005076,2.78957338789118
353,kappa,674.60786542396,2.71266196862923
353,kappa,775.100401606425,2.68407971508676
353,kappa,876.464347957869,2.68185193604607
353,kappa,977.366068045768,2.71260134879139
353,ZT,302.405826789575,0.255775577557755
353,ZT,373.301468077842,0.356435643564356
353,ZT,472.365995220211,0.534653465346534
353,ZT,571.394104927734,0.739273927392739
353,ZT,671.141458973483,0.922442244224422
353,ZT,772.290884260839,1.08910891089108
353,ZT,870.63844315466,1.28712871287128
353,ZT,971.835666325253,1.41914191419141
354,alpha,304.517542506248,-0.0001400540006788
354,alpha,328.873391551208,-0.0001475505292066
354,alpha,353.753818619434,-0.000154870244083
354,alpha,378.615731169191,-0.0001625491406177
354,alpha,403.110439102663,-0.0001673518067084
354,alpha,428.111210540932,-0.0001723368408059
354,alpha,452.624432992871,-0.0001767803252383
354,alpha,477.643718949609,-0.0001814061776776
354,alpha,502.166198660783,-0.0001856700712808
354,alpha,527.222513654457,-0.0001895775604036
354,alpha,552.288085907365,-0.0001933054586971
354,alpha,576.829080137007,-0.0001972101706421
354,alpha,601.425617922053,-0.0002000373376122
354,alpha,627.043539975931,-0.000203049649767
354,alpha,651.640077760977,-0.0002058768167371
354,alpha,676.236615546024,-0.0002087039837072
354,alpha,701.91933841454,-0.000210459160058
354,alpha,726.562162495757,-0.0002123883728824
354,alpha,751.204986576974,-0.0002143175857067
354,alpha,776.372388681457,-0.0002160699848798
354,alpha,801.052241799611,-0.0002172808343876
354,alpha,826.725707408893,-0.0002192156015675
354,alpha,851.377788749344,-0.0002209652235628
354,rho,296.869325652745,6.1996094917570346e-06
354,rho,322.080646171185,6.447966312797629e-06
354,rho,347.279443992235,6.700481632516108e-06
354,rho,372.994803080583,6.982682108926546e-06
354,rho,397.645732890864,7.221566579398357e-06
354,rho,422.788178573664,7.446781228945043e-06
354,rho,447.930624256464,7.686495331600778e-06
354,rho,473.589631206561,7.953962538534742e-06
354,rho,498.196731575981,8.178303505133527e-06
354,rho,523.811909085216,8.390069133623362e-06
354,rho,548.406486757247,8.61267499298952e-06
354,rho,574.034186963872,8.876772325324238e-06
354,rho,599.107757811032,9.050545577155808e-06
354,rho,624.200112704276,9.278560141290208e-06
354,rho,649.279944900131,9.485121407297242e-06
354,rho,674.366038444681,9.718444416047532e-06
354,rho,698.910525327155,9.872719742348692e-06
354,rho,723.971573476926,1.0050817325089289e-05
354,rho,750.053221463903,1.0236048888974346e-05
354,rho,774.087408427775,1.0407034897548935e-05
354,rho,799.652495147454,1.0584777299493336e-05
354,rho,824.713543297226,1.0789758140791788e-05
354,rho,850.272368668211,1.0958781915368102e-05
354,kappa,298.974358974358,2.67206896551724
354,kappa,324.102564102564,2.59404951370468
354,kappa,349.743589743589,2.51602122015915
354,kappa,375.384615384615,2.44316534040671
354,kappa,400.0,2.38412024756852
354,kappa,425.128205128205,2.33196286472148
354,kappa,449.743589743589,2.27981432360742
354,kappa,474.871794871794,2.23110521662245
354,kappa,500.51282051282,2.20652519893899
354,kappa,525.641025641025,2.18367816091954
354,kappa,550.25641025641,2.1625641025641
354,kappa,575.897435897435,2.13970822281167
354,kappa,600.51282051282,2.14618037135278
354,kappa,625.641025641025,2.14747126436781
354,kappa,651.282051282051,2.14875331564986
354,kappa,675.897435897435,2.14832891246684
354,kappa,702.051282051282,2.17374005305039
354,kappa,726.153846153846,2.19918656056587
354,kappa,751.794871794871,2.2194341290893
354,kappa,777.435897435897,2.24485411140583
354,kappa,801.02564102564,2.26858532272325
354,kappa,826.666666666666,2.29228116710875
354,kappa,851.794871794871,2.31770999115826
354,ZT,300.0,0.347393364928909
354,ZT,325.205761316872,0.411848341232227
354,ZT,349.897119341563,0.485781990521327
354,ZT,375.102880658436,0.567298578199052
354,ZT,400.308641975308,0.637440758293838
354,ZT,425.0,0.711374407582938
354,ZT,449.691358024691,0.78909952606635
354,ZT,474.897119341563,0.876303317535545
354,ZT,500.102880658436,0.944549763033175
354,ZT,524.794238683127,1.01658767772511
354,ZT,550.0,1.08862559241706
354,ZT,574.691358024691,1.16824644549763
354,ZT,600.411522633744,1.22701421800947
354,ZT,625.102880658436,1.28388625592417
354,ZT,649.794238683127,1.34265402843601
354,ZT,674.485596707818,1.39763033175355
354,ZT,700.205761316872,1.43364928909952
354,ZT,724.897119341563,1.46587677725118
354,ZT,749.588477366255,1.50189573459715
354,ZT,774.794238683127,1.53601895734597
354,ZT,800.0,1.57014218009478
354,ZT,825.205761316872,1.60047393364928
354,ZT,849.897119341563,1.63080568720379
355,alpha,301.403508771929,9.127719298245608e-05
355,alpha,325.263157894736,0.0001019173489278
355,alpha,374.38596491228,0.0001275294346978
355,alpha,423.508771929824,0.0001554748538011
355,alpha,471.228070175438,0.0001824218323586
355,alpha,523.157894736842,0.0002063641325536
355,alpha,573.684210526315,0.000233641325536
355,alpha,622.807017543859,0.0002509200779727
355,alpha,671.228070175438,0.0002681996101364
355,alpha,719.649122807017,0.0002788124756335
355,alpha,770.877192982456,0.0002874222222222
355,alpha,819.298245614035,0.0002923684210526
355,alpha,869.824561403508,0.000295645614035
355,alpha,917.543859649122,0.0002952592592592
355,rho,301.451612903225,4.912043301759155e-06
355,rho,324.677419354838,5.291545189504387e-06
355,rho,373.548387096774,6.540540540540543e-06
355,rho,422.419354838709,8.481308411214973e-06
355,rho,473.225806451613,1.0900900900900906e-05
355,rho,521.612903225806,1.3908045977011513e-05
355,rho,573.870967741935,1.7203791469194374e-05
355,rho,620.806451612903,2.039325842696638e-05
355,rho,670.645161290322,2.2974683544303784e-05
355,rho,720.967741935483,2.538461538461538e-05
355,rho,768.870967741935,2.7923076923077032e-05
355,rho,819.193548387096,2.9754098360655863e-05
355,rho,866.612903225806,3.1293103448276035e-05
355,rho,915.483870967742,3.156521739130451e-05
355,kappa,300.0,2.91339031339031
355,kappa,321.464226289517,2.74985754985754
355,kappa,371.880199667221,2.37492877492877
355,kappa,421.79700499168,2.03988603988603
355,kappa,473.211314475873,1.76467236467236
355,kappa,523.627287853577,1.53732193732193
355,kappa,573.044925124791,1.34188034188034
355,kappa,622.462562396006,1.23418803418803
355,kappa,672.87853577371,1.14643874643874
355,kappa,723.294509151414,1.1025641025641
355,kappa,772.712146422629,1.05470085470085
355,kappa,822.129783693843,1.01481481481481
355,kappa,872.046589018302,1.0068376068376
355,kappa,922.462562396006,1.0108262108262
355,ZT,300.61099796334,0.191589002516438
355,ZT,325.050916496945,0.23274248606843
355,ZT,373.930753564154,0.394201396635313
355,ZT,423.421588594704,0.597113172559546
355,ZT,473.523421588594,0.833939533511331
355,ZT,522.403258655804,1.05947382688151
355,ZT,571.894093686354,1.34530668643354
355,ZT,621.384928716904,1.58590986400677
355,ZT,670.875763747454,1.8792810038886
355,ZT,720.366598778004,2.07088535931813
355,ZT,769.246435845213,2.23234426988502
355,ZT,818.126272912423,2.314651236989
355,ZT,868.228105906313,2.39694285117989
355,ZT,916.496945010183,2.43402781276162
356,alpha,326.287262872628,9.56543882067522e-05
356,alpha,373.983739837398,0.0001033344445061
356,alpha,424.932249322493,0.000111025612534
356,alpha,474.796747967479,0.0001190547623016
356,alpha,524.661246612466,0.0001264005407707
356,alpha,575.067750677506,0.0001316980572994
356,alpha,626.016260162601,0.0001397309109765
356,alpha,675.338753387533,0.0001474165231401
356,alpha,726.829268292682,0.0001537428005259
356,alpha,776.151761517615,0.0001593782987943
356,alpha,824.390243902439,0.0001633016649073
356,alpha,872.628726287262,0.0001716669444598
356,rho,328.198327123787,9.68866651446828e-06
356,rho,376.342248760147,1.0895595414757944e-05
356,rho,426.609958301463,1.2168459104201571e-05
356,rho,476.890621530262,1.3593196861379854e-05
356,rho,526.143625552073,1.500484994779829e-05
356,rho,576.461299316538,1.6433351647126335e-05
356,rho,627.309457425547,1.802402373021556e-05
356,rho,677.640084877495,1.973347226144452e-05
356,rho,727.456882725949,2.140625618950789e-05
356,rho,778.338350317057,2.278779223407963e-05
356,rho,825.024056848182,2.419316808189948e-05
356,rho,874.330726146709,2.5972552877205743e-05
356,kappa,321.947479641274,1.15489124832491
356,kappa,374.884676837439,1.0787380166993
356,kappa,424.215287083805,1.02164725286053
356,kappa,475.590789609318,0.978614318111535
356,kappa,524.905293268735,0.946617616740542
356,kappa,575.244175858158,0.918638542418307
356,kappa,624.047778579528,0.882625502525513
356,kappa,673.884779919596,0.836577414699515
356,kappa,724.732630656633,0.815625966395217
356,kappa,774.550948355839,0.798686991031852
356,kappa,823.859009380476,0.776727914647974
356,kappa,874.188872281208,0.7628015153077
356,ZT,325.385694249649,0.266991788538871
356,ZT,373.071528751753,0.33298609696624
356,ZT,424.684431977559,0.42550383220918
356,ZT,474.053295932678,0.503102430848556
356,ZT,523.422159887798,0.584020531562621
356,ZT,575.035063113604,0.656621254357428
356,ZT,626.086956521739,0.75246314735819
356,ZT,676.01683029453,0.871550866248043
356,ZT,727.068723702664,0.979011016510216
356,ZT,776.998597475456,1.0732024698399
356,ZT,825.245441795231,1.15578963295758
356,ZT,873.492286115007,1.29480833134496
358,alpha,315.508928321139,0.0002472463768115
358,alpha,349.512236144983,0.0002591304347826
358,alpha,397.444846242256,0.0002715942028985
358,alpha,446.774871751744,0.0002730434782608
358,alpha,495.216270008129,0.0002707246376811
358,alpha,544.515459871611,0.0002657971014492
358,alpha,573.816331679421,0.0002652173913043
358,rho,314.540059347181,4.5510473561010816e-05
358,rho,348.961424332344,4.593526398571213e-05
358,rho,397.032640949554,4.574435757585237e-05
358,rho,445.994065281899,4.474996284088042e-05
358,rho,494.658753709198,4.180842591079893e-05
358,rho,543.916913946587,3.877914201071357e-05
358,rho,573.590504451038,3.954390580272809e-05
358,kappa,314.533128757515,0.28
358,kappa,348.512337174348,0.309999999999999
358,kappa,396.337988476953,0.39
358,kappa,445.644100701402,0.41
358,kappa,494.352768036072,0.44
358,kappa,543.655592434869,0.45125
358,kappa,572.795121492986,0.40125
358,ZT,314.085914085914,1.51577674661786
358,ZT,348.251748251748,1.6427531969588
358,ZT,396.203796203796,1.63908894843474
358,ZT,445.654345654345,1.81426268435614
358,ZT,494.205794205794,1.9763392370869
358,ZT,543.656343656343,2.21693353375596
358,ZT,573.026973026973,2.55318606627017
359,alpha,300.449758113283,0.0002036388517939
359,alpha,323.43277565007,0.000211004113334
359,alpha,373.34458778472,0.0002283311391352
359,alpha,423.239392259625,0.0002417676627696
359,alpha,473.789936504736,0.0002552046588389
359,alpha,523.697969159443,0.0002716671286031
359,alpha,574.280638984075,0.0002924528509877
359,alpha,624.235915138077,0.0003197222712154
359,alpha,674.208198951824,0.0003508821936101
359,alpha,724.159695625881,0.0003772870578008
359,alpha,774.734806490626,0.0003963436681112
359,alpha,823.920958476113,0.0003976759347913
359,alpha,873.689150372908,0.0003821498311832
359,rho,298.327825569255,7.824388893670976e-06
359,rho,321.991941120132,8.51058986376464e-06
359,rho,371.994098207891,1.083005300695936e-05
359,rho,421.92636565226,1.378983345281264e-05
359,rho,472.473403107932,1.796337484597442e-05
359,rho,522.976435973321,2.370409003287777e-05
359,rho,572.138623087741,3.196982235462877e-05
359,rho,622.579531825672,4.434593787964313e-05
359,rho,672.989378499874,6.174093705883932e-05
359,rho,723.370751615658,8.318314761981715e-05
359,rho,773.082996108613,0.0001106811507699
359,rho,822.777121064393,0.0001345097925431
359,rho,873.10154706334,0.0001313057270718
359,kappa,301.467713998384,2.2896313665801
359,kappa,323.757693761721,2.17344969620297
359,kappa,374.076563276016,1.92248048607524
359,kappa,423.77721386372,1.70399865583095
359,kappa,473.495654924131,1.51335891537418
359,kappa,523.231886457249,1.35056126470493
359,kappa,572.341003827422,1.20632994902535
359,kappa,622.742895547687,1.08529049123942
359,kappa,673.79265698239,0.978167136549291
359,kappa,724.200478860223,0.866408375359207
359,kappa,773.345177175812,0.777861239254678
359,kappa,823.776719683922,0.703225264447964
359,kappa,873.551497241241,0.600752141651697
359,ZT,300.0,0.693849807268722
359,ZT,323.127753303964,0.781966289234581
359,ZT,373.348017621145,0.937730159003303
359,ZT,423.568281938326,1.05833777877202
359,ZT,472.466960352422,1.14377624242841
359,ZT,522.687224669603,1.21164948719713
359,ZT,572.907488986784,1.28245241946585
359,ZT,623.127753303964,1.36204441423458
359,ZT,672.687224669603,1.41526276844713
359,ZT,722.907488986784,1.42454226321585
359,ZT,772.466960352423,1.43088561742841
359,ZT,822.687224669603,1.46360261219713
359,ZT,872.907488986784,1.64280398196585
360,alpha,297.961597296741,-6.44062649832188e-05
360,alpha,348.655905385967,-7.834128633073809e-05
360,alpha,398.215941003219,-9.46343523824745e-05
360,alpha,448.354072010776,-0.0001106917966163
360,alpha,499.086737140117,-0.0001279287198337
360,alpha,548.660471700267,-0.0001454010365533
360,alpha,598.853398479417,-0.0001661754834585
360,alpha,648.933993926802,-0.0001772800748875
360,alpha,698.968012968332,-0.0001843752140459
360,alpha,749.621224228863,-0.00019477248339
360,alpha,799.079887668668,-0.0002023390944998
360,alpha,849.141304595995,-0.0002117927349939
360,alpha,900.367131669672,-0.000221482682253
360,rho,300.694634446361,8.581313468921303e-06
360,rho,350.42204921684,9.625605481354318e-06
360,rho,400.163031066349,1.0691165254262897e-05
360,rho,450.519958303843,1.148498112658756e-05
360,rho,500.282647479802,1.244134803518204e-05
360,rho,550.616510682944,1.4281211804159592e-05
360,rho,599.753757515596,1.7289760365618864e-05
360,rho,649.50559302833,2.0278234394594904e-05
360,rho,699.867947097436,2.2849651117431755e-05
360,rho,749.641489936619,2.5705683188747032e-05
360,rho,800.005200713628,2.9778636671234212e-05
360,rho,849.780100260713,3.454528411687288e-05
360,rho,900.154664700947,3.928133979366627e-05
360,kappa,298.822941617316,1.53010426004026
360,kappa,349.338363874153,1.39100086699681
360,kappa,399.852684016399,1.25379862162201
360,kappa,449.779577081894,1.12990808364315
360,kappa,499.696551116074,1.02312787468222
360,kappa,549.608014577302,0.925853404064598
360,kappa,600.096986083966,0.832377555068992
360,kappa,649.405592864175,0.775030859208534
360,kappa,699.857092474761,0.746194030947377
360,kappa,750.307489970757,0.71925835035488
360,kappa,799.601769261289,0.686626574187007
360,kappa,850.046656184332,0.669196631937811
360,kappa,899.912932947348,0.649869215735257
360,ZT,299.424184261036,0.097722029443189
360,ZT,350.67178502879,0.164413830923858
360,ZT,400.191938579654,0.277650974348307
360,ZT,449.712092130518,0.433006344373741
360,ZT,500.383877159309,0.639351190870153
360,ZT,549.328214971209,0.89667487684729
360,ZT,599.424184261036,1.16065306392594
360,ZT,650.095969289827,1.31822943751595
360,ZT,699.616122840691,1.43368332970887
360,ZT,750.287907869481,1.56687546684568
360,ZT,799.808061420345,1.62026039352136
360,ZT,849.328214971209,1.69802955665024
360,ZT,899.424184261036,1.77136734964023
361,alpha,1.49021236824341,-5.57434186614054e-06
361,alpha,6.2466465894733,-1.7086492029700297e-05
361,alpha,15.7367983799781,-2.85934498156705e-05
361,alpha,27.8896663032002,-4.0097486889246496e-05
361,alpha,40.0425342264222,-5.1601523962822494e-05
361,alpha,50.7177380272426,-6.39298509787631e-05
361,alpha,61.3891557194038,-7.43386209045121e-05
361,alpha,73.5431053879571,-8.639110286099998e-05
361,alpha,84.8062377762777,-9.679922373955028e-05
361,alpha,97.2538813022482,-0.0001077544914066
361,alpha,108.811248420651,-0.0001173396204371
361,alpha,121.552585804039,-0.0001271976738148
361,alpha,134.885637883586,-0.0001370550781452
361,alpha,146.439218893331,-0.0001447206500856
361,alpha,157.992799903075,-0.000152386222026
361,alpha,169.843860878896,-0.0001608741367672
361,alpha,182.581412153625,-0.0001688126330546
361,alpha,195.316259065025,-0.0001753800171348
361,alpha,207.756871246343,-0.0001827703930629
361,alpha,220.788116378489,-0.000189611675061
361,alpha,233.819902383301,-0.0001967271795004
361,alpha,246.848984024784,-0.0002024715717326
361,alpha,259.88022915693,-0.0002093128537307
361,alpha,272.611830832338,-0.0002142349031621
361,alpha,285.049738650328,-0.000220254166883
361,alpha,297.779717707738,-0.00022435354899
361,alpha,310.511860255811,-0.0002295498208629
361,alpha,322.651747235058,-0.0002344725193416
361,alpha,335.088573307717,-0.0002399433381795
361,alpha,341.601221074129,-0.0002418557557505
361,rho,1.74022174437843,9.932813211936147e-06
361,rho,13.4309626775593,9.929695681020633e-06
361,rho,25.1187059848599,1.0026578949472e-05
361,rho,37.1032142543105,1.02233830806001e-05
361,rho,49.0867233151344,1.0453520811517198e-05
361,rho,61.3639997122279,1.0883580204478e-05
361,rho,73.3425127299179,1.128038593434e-05
361,rho,84.4187403576367,1.17774322736392e-05
361,rho,96.993780925507,1.22740789294878e-05
361,rho,108.367772724002,1.2837712531674895e-05
361,rho,120.939815665992,1.34343599868903e-05
361,rho,132.014044876457,1.3998073525767498e-05
361,rho,142.787512290266,1.45952006011239e-05
361,rho,154.160504880134,1.51921678030999e-05
361,rho,166.130025020184,1.58889759310625e-05
361,rho,178.40030695689,1.6552370522546096e-05
361,rho,190.666592059089,1.73490995131855e-05
361,rho,203.833164134005,1.81122550939655e-05
361,rho,216.401210241488,1.88422369483369e-05
361,rho,229.567782316405,1.96053925291169e-05
361,rho,242.435591011918,2.0335294446798098e-05
361,rho,255.602163086835,2.10984500275781e-05
361,rho,268.467973365094,2.18950191448372e-05
361,rho,281.036019472577,2.26250009992086e-05
361,rho,293.60406558006,2.3354982853579905e-05
361,rho,305.871349890886,2.41183782444304e-05
361,rho,318.438396789742,2.4881693698590694e-05
361,rho,330.704681891941,2.5678422689230097e-05
361,rho,340.576863124405,2.63424567742348e-05
361,kappa,2.03550593977274,0.214713033164283
361,kappa,2.26217732122735,0.280549080446046
361,kappa,2.45939304980824,0.339604511735864
361,kappa,2.68559075492621,0.40796177156127
361,kappa,3.10519912180181,0.553812599411333
361,kappa,3.52774104237945,0.707224866118205
361,kappa,4.15134376144072,0.952757334828255
361,kappa,4.77889759701284,1.17107327693514
361,kappa,5.6484633984367,1.47279259836491
361,kappa,6.67625495541527,1.8102700355741
361,kappa,7.78760156963131,2.06138585687735
361,kappa,9.08394580679279,2.32946740067344
361,kappa,9.70361268346813,2.45746151704601
361,kappa,11.5706361526202,2.75591289398071
361,kappa,13.7363208394435,3.02056715441383
361,kappa,16.4514735774173,3.16227766016837
361,kappa,19.3596189124054,3.18653420068433
361,kappa,23.1862856676846,3.02056715441383
361,kappa,27.8917751251102,2.84144872214076
361,kappa,33.4049274810478,2.51444695348381
361,kappa,40.5393419927633,2.1913309092433
361,kappa,48.5524414750673,1.9391464944933
361,kappa,58.4058093136091,1.74241035131885
361,kappa,70.2588470927749,1.61422697996056
361,kappa,84.890010316945,1.49547363562223
361,kappa,101.223271621605,1.40679264313811
361,kappa,121.231296062973,1.32337039827791
361,kappa,145.194152586266,1.24489505939668
361,kappa,173.130231581261,1.18005610179803
361,kappa,204.632921379377,1.08492128602696
361,kappa,245.081134787976,0.997456133721893
361,kappa,287.138407757289,0.93830738125256
361,kappa,314.929812192586,0.90313404170934
361,kappa,346.933993447411,0.862662079545219
361,ZT,2.1066208082545,0.0033482142857141
361,ZT,14.4453998280309,0.0055803571428569
361,ZT,14.7463456577816,0.0022321428571425
361,ZT,26.182287188306,0.0078124999999997
361,ZT,26.7841788478073,0.0033482142857141
361,ZT,38.8220120378331,0.0044642857142855
361,ZT,51.7626827171109,0.0122767857142855
361,ZT,64.402407566638,0.0212053571428569
361,ZT,77.042132416165,0.0357142857142855
361,ZT,89.0799656061908,0.0513392857142855
361,ZT,102.321582115219,0.0725446428571428
361,ZT,114.359415305245,0.0948660714285712
361,ZT,126.999140154772,0.122767857142857
361,ZT,137.833190025795,0.146205357142857
361,ZT,148.968185726569,0.174107142857142
361,ZT,161.006018916595,0.204241071428571
361,ZT,173.04385210662,0.241071428571428
361,ZT,185.382631126397,0.276785714285714
361,ZT,198.323301805674,0.312499999999999
361,ZT,210.662080825451,0.354910714285714
361,ZT,220.292347377472,0.390625
361,ZT,233.5339638865,0.4375
361,ZT,246.173688736027,0.483258928571428
361,ZT,256.104901117798,0.524553571428571
361,ZT,269.045571797076,0.563616071428571
361,ZT,278.374892519346,0.603794642857142
361,ZT,288.005159071367,0.649553571428571
361,ZT,297.334479793637,0.674107142857143
361,ZT,306.362854686156,0.7265625
361,ZT,319.002579535683,0.755580357142857
361,ZT,325.021496130696,0.790178571428571
361,ZT,334.350816852966,0.828125
361,ZT,344.582975064488,0.880580357142857
361,ZT,350.30094582975,0.9375
362,alpha,324.22800959328,8.311419387582469e-05
362,alpha,373.542846338332,9.43610218237184e-05
362,alpha,423.662264770567,0.0001069367380855
362,alpha,472.965657249196,0.0001215783932249
362,alpha,523.490600774229,0.0001338591459591
362,alpha,572.801456904873,0.000146286783365
362,alpha,622.522316319524,0.000157091046603
362,alpha,672.234716928558,0.0001704045299391
362,alpha,722.780061102431,0.0001766336342014
362,alpha,772.516345397912,0.0001828622607899
362,rho,322.90361465376,5.003568005285717e-06
362,rho,373.067048554504,5.475230342941222e-06
362,rho,423.633985307211,6.082344876973792e-06
362,rho,472.596566261876,6.83144233749527e-06
362,rho,523.148257314886,7.449612271624311e-06
362,rho,572.904631033739,8.371577118803284e-06
362,rho,623.45530570677,9.284138707797496e-06
362,rho,673.208122095694,1.0599201260333296e-05
362,rho,723.343097357005,1.1301196781627787e-05
362,rho,773.068471486476,1.161805715624445e-05
362,kappa,324.258532870613,2.03158269209033
362,kappa,373.881754359309,1.98143548258592
362,kappa,423.85748193001,1.87759024804199
362,kappa,473.055935905963,1.81015143401882
362,kappa,523.85711135857,1.71722619865964
362,kappa,573.049080334329,1.64341652044535
362,kappa,623.46439827536,1.57142486571417
362,kappa,673.517019419796,1.54311987800788
362,kappa,723.590021993414,1.53483760633084
362,kappa,772.94041025964,1.61665903907119
362,ZT,323.65930599369,0.214946619217081
362,ZT,373.343848580441,0.301304863582443
362,ZT,423.817034700315,0.419217081850533
362,ZT,473.107255520504,0.562040332147093
362,ZT,523.186119873817,0.731435349940688
362,ZT,572.870662460567,0.890865954922894
362,ZT,622.555205047318,1.04863582443653
362,ZT,672.239747634069,1.18979833926453
362,ZT,722.318611987381,1.28944246737841
362,ZT,772.791798107255,1.37081850533807
363,alpha,300.477326968973,-0.0001815545243619
363,alpha,323.389021479713,-0.0001861948955916
363,alpha,372.553699284009,-0.0001931554524361
363,alpha,422.673031026252,-0.0001937354988399
363,alpha,473.26968973747,-0.0001908352668213
363,alpha,522.434367541766,-0.0001890951276102
363,alpha,573.031026252983,-0.000191415313225
363,alpha,622.673031026252,-0.0002018561484918
363,alpha,673.26968973747,-0.0002244779582366
363,alpha,723.389021479713,-0.0002650812064965
363,rho,300.0,1.6765899757400875e-05
363,rho,323.272727272727,1.7696356546333962e-05
363,rho,372.727272727272,1.878792455512223e-05
363,rho,423.151515151515,1.9174507131221135e-05
363,rho,473.090909090909,1.890346917431687e-05
363,rho,523.030303030303,1.859491415139137e-05
363,rho,572.969696969697,1.960213316195536e-05
363,rho,622.90909090909,2.3512897487213712e-05
363,rho,673.333333333333,3.115852700233779e-05
363,rho,722.787878787878,4.306792570668274e-05
363,kappa,300.0,1.18983463493441
363,kappa,323.337222870478,1.15557219339362
363,kappa,372.812135355892,1.10068325760019
363,kappa,423.220536756126,1.05944088899154
363,kappa,472.69544924154,1.0295803946088
363,kappa,523.103850641773,1.00426521598878
363,kappa,573.512252042007,0.978950037368761
363,kappa,623.45390898483,0.946811575156344
363,kappa,673.395565927654,0.907847174377375
363,kappa,722.870478413068,0.843856987161872
363,ZT,300.0,0.49575486542443
363,ZT,323.314285714285,0.540243987896162
363,ZT,373.142857142857,0.666666157031374
363,ZT,423.428571428571,0.78060022296544
363,ZT,473.257142857142,0.885617709826405
363,ZT,523.542857142857,0.997768052237617
363,ZT,573.371428571428,1.08673202739289
363,ZT,622.742857142857,1.13823984710941
363,ZT,673.485714285714,1.21649740404523
363,ZT,722.857142857142,1.41427055263577
364,alpha,300.149222893087,7.588739290085669e-05
364,alpha,351.013084491572,8.843329253365969e-05
364,alpha,399.907445557809,0.0001034271725826
364,alpha,449.807701834535,0.0001279069767441
364,alpha,500.209395363336,0.000156364749082
364,alpha,550.573632133549,0.0001658506731946
364,alpha,600.942702033901,0.0001777845777233
364,alpha,650.815771953587,0.000188494492044
364,alpha,700.206133000491,0.0002047123623011
364,alpha,751.054891067288,0.0002096083231334
364,alpha,800.407795355603,0.0002068543451652
364,rho,299.864940689834,4.574353448275865e-06
364,rho,350.07744173321,5.176829268292709e-06
364,rho,400.289363122895,5.928770949720696e-06
364,rho,450.014375411554,7.3697916666667075e-06
364,rho,500.728276898249,1.050742574257426e-05
364,rho,550.43358096139,1.0612500000000007e-05
364,rho,600.621736549715,9.228260869565269e-06
364,rho,650.329359227623,9.647727272727344e-06
364,rho,700.536063734082,1.141129032258064e-05
364,rho,750.736392049933,1.2198275862068973e-05
364,rho,800.443435074149,1.2786144578313247e-05
364,kappa,300.224131968903,2.04550391270379
364,kappa,349.657398276104,1.92440092726597
364,kappa,399.590158685433,1.80325311543436
364,kappa,450.498853725073,1.52047925818722
364,kappa,500.430333380294,1.39035720232072
364,kappa,551.387697076038,1.44860461839931
364,kappa,601.328142010015,1.38130227077703
364,kappa,651.271148452208,1.33194841122452
364,kappa,702.213143098656,1.28250489888446
364,kappa,753.166664532076,1.31382958285838
364,kappa,802.63707270841,1.4529796744323
364,ZT,299.593074461799,0.182375478927202
364,ZT,349.079431617309,0.268199233716474
364,ZT,399.062522839237,0.404980842911877
364,ZT,449.559690464068,0.667816091954022
364,ZT,500.043851336536,0.874329501915708
364,ZT,550.021987605184,0.989655172413793
364,ZT,600.09302924785,1.50727969348659
364,ZT,650.606919840004,1.84252873563218
364,ZT,700.114335546958,2.01954022988505
364,ZT,750.545230671656,1.99540229885057
364,ZT,800.464526870092,1.855938697318
365,alpha,300.522648083623,-0.0001715875613747
365,alpha,325.609756097561,-0.0001802291325695
365,alpha,350.696864111498,-0.000186775777414
365,alpha,375.783972125435,-0.0001919476268412
365,alpha,400.871080139372,-0.0001958756137479
365,alpha,425.95818815331,-0.0001984942716857
365,alpha,450.783972125435,-0.0001998690671031
365,alpha,475.348432055749,-0.0002000654664484
365,alpha,500.95818815331,-0.0001994108019639
365,alpha,526.045296167247,-0.0001972504091653
365,alpha,551.132404181184,-0.0001953518821603
365,alpha,575.95818815331,-0.0001934533551554
365,rho,300.999358984381,8.146341463414638e-06
365,rho,326.295398758618,8.997844827586224e-06
365,rho,351.075186441737,9.823529411764775e-06
365,rho,376.120135707696,1.0636942675159237e-05
365,rho,401.429621175403,1.1422708618331057e-05
365,rho,426.219414955988,1.218978102189782e-05
365,rho,451.011397570394,1.2925696594427253e-05
365,rho,476.065727552727,1.3666121112929638e-05
365,rho,500.598802395209,1.4421416234887751e-05
365,rho,525.655633901909,1.5126811594202903e-05
365,rho,550.712465408608,1.5904761904761902e-05
365,rho,575.508825690655,1.6700000000000023e-05
365,kappa,300.520381613183,1.05410614204574
365,kappa,325.498699045967,1.0303352755144
365,kappa,349.696444058976,1.0136114784971
365,kappa,375.715524718126,1.00448645709673
365,kappa,400.173460537727,1.00349028188278
365,kappa,425.932350390286,1.01497169507819
365,kappa,450.650477016478,1.03837993125544
365,kappa,475.888985255854,1.0775167299114
365,kappa,500.607111882046,1.13183602899537
365,kappa,525.325238508239,1.20242430855657
365,kappa,549.78317432784,1.27518084483936
365,kappa,575.542064180398,1.34739978514974
365,ZT,300.0,1.05446377101585
365,ZT,324.847428073234,1.16575814312461
365,ZT,350.217959895379,1.25737657276525
365,ZT,375.065387968613,1.3271408902292
365,ZT,399.912816041848,1.37176859567129
365,ZT,425.283347863993,1.38907008542122
365,ZT,450.130775937227,1.37468139742068
365,ZT,474.716652136007,1.33078641835913
365,ZT,500.348735832606,1.25518982758538
365,ZT,525.196163905841,1.15774103029523
365,ZT,550.043591979075,1.07231409092858
365,ZT,575.41412380122,0.991254924940805
366,alpha,332.162498004613,-0.0002120605011575
366,alpha,377.873278098952,-0.0002032771703804
366,alpha,427.197663754706,-0.0001926682880158
366,alpha,475.354552767405,-0.0001740394236176
366,alpha,524.301771277078,-0.0001579620662708
366,alpha,575.645018420154,-0.0001437058784864
366,alpha,621.667235286568,-0.0001557035706199
366,alpha,669.678578471111,-0.0001709810623489
366,alpha,717.689921655654,-0.0001862585540778
366,alpha,766.511939452935,-0.0001993479546898
366,rho,331.881893772272,1.2815884476534295e-05
366,rho,377.685389445104,1.1341853035143777e-05
366,rho,426.693251880762,1.0628742514970062e-05
366,rho,475.310820747779,9.466666666666704e-06
366,rho,524.332824254765,8.432304038004796e-06
366,rho,566.521296453419,7.785087719298252e-06
366,rho,621.901125629277,9.293193717277564e-06
366,rho,670.049776571073,1.167763157894737e-05
366,rho,718.611346795633,1.4430894308943094e-05
366,rho,767.178573448724,1.792929292929294e-05
366,kappa,324.092558652364,1.98097129630305
366,kappa,373.891391811669,1.97916042964271
366,kappa,424.493431957415,1.9773203554556
366,kappa,473.859628626296,1.82097976648582
366,kappa,524.014428518229,1.59188322830793
366,kappa,574.191134055245,1.47187680265204
366,kappa,624.791348730567,1.46094588575475
366,kappa,674.98083256055,1.40457535907003
366,kappa,723.96915685172,1.3664303290958
366,kappa,773.753386247636,1.29189272075413
366,ZT,323.133604103565,0.596870925684484
366,ZT,372.994717985488,0.701173402868318
366,ZT,423.356338241386,0.74941329856584
366,ZT,472.787356962554,0.831551499348109
366,ZT,522.17847599623,0.958018252933507
366,ZT,572.090051247628,1.00625814863102
366,ZT,622.414118856474,1.09621903520208
366,ZT,673.604244387932,1.22398956975228
366,ZT,722.146908302303,1.29308996088657
366,ZT,772.077259877226,1.32046936114732
367,alpha,308.98201899213,5.83916083916084e-05
367,alpha,342.94795194694,6.22377622377622e-05
367,alpha,390.24019458802,7.622377622377619e-05
367,alpha,439.955595466212,9.19580419580419e-05
367,alpha,488.454114136621,0.0001094405594405
367,alpha,541.801070516945,0.0001293706293706
367,alpha,591.501622745303,0.0001524475524475
367,alpha,639.385690144032,0.0001737762237762
367,alpha,687.264807992816,0.0001975524475524
367,alpha,735.761912506098,0.0002157342657342
367,alpha,774.543757556902,0.0002381118881118
367,alpha,826.072814950469,0.000256993006993
367,alpha,879.436741216316,0.0002685314685314
367,alpha,932.179852503411,0.0002870629370629
367,rho,308.686659772492,1.0796812749003984e-05
367,rho,342.812823164426,1.0971659919028352e-05
367,rho,389.968976215098,1.209821428571428e-05
367,rho,440.227507755946,1.348258706467663e-05
367,rho,488.624612202688,1.5310734463276853e-05
367,rho,543.226473629782,1.715189873417723e-05
367,rho,591.00310237849,2.0687022900763375e-05
367,rho,639.400206825232,2.509259259259262e-05
367,rho,687.17683557394,3.011111111111114e-05
367,rho,735.573940020682,3.763888888888892e-05
367,rho,774.043433298862,4.370967741935488e-05
367,rho,826.163391933816,5.420000000000005e-05
367,rho,879.524301964839,6.159090909090916e-05
367,rho,932.264736297828,7.324324324324331e-05
367,kappa,308.474576271186,1.98477508650519
367,kappa,342.372881355932,1.93217993079584
367,kappa,390.677966101694,1.81314878892733
367,kappa,439.406779661016,1.64705882352941
367,kappa,488.135593220339,1.47543252595155
367,kappa,541.525423728813,1.35640138408304
367,kappa,591.101694915254,1.21522491349481
367,kappa,638.559322033898,1.13771626297577
367,kappa,686.864406779661,1.04913494809688
367,kappa,735.169491525424,0.943944636678201
367,kappa,773.728813559322,0.863667820069204
367,kappa,825.847457627118,0.811072664359861
367,kappa,879.661016949152,0.769550173010379
367,kappa,932.203389830508,0.752941176470587
367,ZT,309.114927344782,0.0478162718734729
367,ZT,342.998678996036,0.0613859684044806
367,ZT,390.554821664464,0.102300899368451
367,ZT,439.894319682959,0.165469318325763
367,ZT,489.233817701453,0.254322668789924
367,ZT,542.734478203434,0.385968404480555
367,ZT,591.479524438573,0.538180181321365
367,ZT,640.224570673712,0.661282369121079
367,ZT,687.186261558784,0.828911890845261
367,ZT,735.931307793923,0.974274352617578
367,ZT,774.570673712021,1.11625061073813
367,ZT,826.882430647292,1.26331182931904
367,ZT,879.788639365918,1.34016530645482
367,ZT,932.694848084544,1.37249823564539
368,alpha,301.240694789081,-0.0002121328447241
368,alpha,324.193548387096,-0.0002195257423627
368,alpha,374.441687344913,-0.0002348367377121
368,alpha,424.069478908188,-0.0002538569996549
368,alpha,474.317617866004,-0.0002797640214944
368,alpha,526.426799007444,-0.0003125564885872
368,alpha,574.813895781637,-0.000344823098286
368,alpha,624.441687344913,-0.0003760287906923
368,alpha,674.069478908188,-0.0004098834897211
368,alpha,724.317617866004,-0.0004559229618917
368,alpha,773.94540942928,-0.0005077909059536
368,alpha,793.79652605459,-0.000528961924638
368,alpha,813.6476426799,-0.0005522521486204
368,rho,300.0,4.270711785297565e-05
368,rho,323.299748110831,4.77183833116038e-05
368,rho,371.788413098236,5.781990521327019e-05
368,rho,422.795969773299,6.841121495327109e-05
368,rho,473.173803526448,8.224719101123657e-05
368,rho,522.292191435768,0.0001005494505494
368,rho,572.670025188917,0.0001224080267558
368,rho,623.047858942065,0.0001481781376518
368,rho,672.166246851385,0.0001811881188118
368,rho,721.284634760705,0.0002245398773006
368,rho,772.292191435768,0.0003
368,rho,793.073047858942,0.0003485714285714
368,rho,811.964735516372,0.0003773195876288
368,kappa,302.41302054161,0.861630042594209
368,kappa,325.948926026754,0.837581899415143
368,kappa,374.233760143804,0.771642938088601
368,kappa,423.731617407614,0.687861301793646
368,kappa,473.262039051204,0.625077177580075
368,kappa,524.049445754256,0.572797019707962
368,kappa,573.586380273801,0.514212397910669
368,kappa,623.740409790155,0.45353063005562
368,kappa,673.283857185656,0.399145510674603
368,kappa,723.475335738755,0.362610881713146
368,kappa,773.757994555235,0.384869286579567
368,kappa,794.265412720949,0.408052519831707
368,kappa,814.152479451876,0.431233147933464
368,ZT,300.61425061425,0.366015010661935
368,ZT,323.955773955773,0.387755284794009
368,ZT,373.710073710073,0.464020864932027
368,ZT,423.464373464373,0.575821752587128
368,ZT,473.218673218673,0.720424462565692
368,ZT,523.587223587223,0.889625181196934
368,ZT,573.341523341523,1.09163108024155
368,ZT,623.095823095823,1.32643880160964
368,ZT,674.078624078624,1.57217374757238
368,ZT,722.604422604422,1.83979000744376
368,ZT,773.587223587223,1.72197142265479
368,ZT,793.243243243243,1.57698924851544
368,ZT,813.513513513513,1.54134312403105
369,alpha,298.869348162659,-7.53662359000284e-05
369,alpha,322.428765521817,-8.13865209011343e-05
369,alpha,372.568738348763,-9.44308508957629e-05
369,alpha,422.108881797213,-0.0001087317134822
369,alpha,472.85475054504,-0.0001225295585958
369,alpha,522.392619040096,-0.0001360766532907
369,alpha,571.930487535151,-0.0001496237479857
369,alpha,623.277702297071,-0.0001626675724351
369,alpha,672.817845745521,-0.0001769684350216
369,alpha,722.356472558374,-0.0001907667856804
369,alpha,772.499478656513,-0.0002048161395304
369,alpha,823.243072450946,-0.0002178602167525
369,alpha,873.385320231287,-0.0002316583146386
369,rho,299.759111752381,8.44886141848331e-06
369,rho,322.280309918172,8.66487696898863e-06
369,rho,372.194578408506,9.287286060764636e-06
369,rho,422.727744396568,1.0545936805463288e-05
369,rho,472.035715697513,1.1628799632247311e-05
369,rho,522.559987350278,1.28986532565951e-05
369,rho,572.477220619045,1.4634544948349993e-05
369,rho,622.99778629877,1.6209401606715216e-05
369,rho,672.306498794323,1.904858718774123e-05
369,rho,722.83373522552,2.3490847465496647e-05
369,rho,772.748744910463,2.90107369658396e-05
369,rho,822.657825038542,3.413727375470208e-05
369,rho,873.172461161402,3.909627440184694e-05
369,kappa,298.821308886406,2.43289934902353
369,kappa,321.953121990678,2.30396074881553
369,kappa,372.449058202688,2.06982589268518
369,kappa,422.332537267439,1.84522456762066
369,kappa,472.796695042563,1.66347116829089
369,kappa,523.249297022456,1.50076557143407
369,kappa,573.074997111051,1.37140325873425
369,kappa,622.889141404414,1.26108874850737
369,kappa,673.307075998613,1.15552655906937
369,kappa,723.103886599129,1.0737837525519
369,kappa,772.892030353222,1.00632679788914
369,kappa,823.286853356958,0.938860213397017
369,kappa,873.066330264627,0.885689110588959
369,ZT,300.0,0.0819320719117944
369,ZT,322.556390977443,0.104700209439384
369,ZT,372.180451127819,0.167391543980989
369,ZT,423.093447905478,0.252986369777153
369,ZT,473.361976369495,0.363406299588042
369,ZT,522.986036519871,0.489104794034181
369,ZT,572.610096670247,0.63771498299106
369,ZT,622.878625134264,0.811142072706484
369,ZT,673.147153598281,0.948292312779904
369,ZT,723.415682062298,1.06062155046668
369,ZT,773.684210526315,1.14622047789094
369,ZT,823.308270676691,1.24709796995044
369,ZT,873.576799140709,1.39952267303102
372,alpha,300.301204819277,0.0001545614035087
372,alpha,310.240963855421,0.0001575438596491
372,alpha,319.879518072289,0.0001607017543859
372,alpha,330.12048192771,0.0001642105263157
372,alpha,340.361445783132,0.0001680701754385
372,alpha,350.301204819277,0.0001717543859649
372,alpha,360.240963855421,0.0001757894736842
372,alpha,370.180722891566,0.0001794736842105
372,alpha,379.819277108433,0.0001833333333333
372,alpha,390.060240963855,0.0001868421052631
372,alpha,400.301204819277,0.0001898245614035
372,alpha,410.240963855421,0.0001928070175438
372,alpha,420.180722891566,0.0001954385964912
372,alpha,429.518072289156,0.0001977192982456
372,alpha,439.156626506024,0.000199649122807
372,alpha,450.0,0.0002010526315789
372,alpha,460.240963855421,0.0002021052631578
372,alpha,470.180722891566,0.0002028070175438
372,alpha,479.819277108433,0.0002031578947368
372,alpha,490.361445783132,0.0002026315789473
372,alpha,500.301204819277,0.0002022807017543
372,alpha,509.939759036144,0.0002014035087719
372,alpha,519.879518072289,0.0002003508771929
372,alpha,529.819277108433,0.0001991228070175
372,alpha,540.361445783132,0.0001977192982456
372,alpha,550.301204819277,0.0001961403508771
372,alpha,560.240963855421,0.0001949122807017
372,alpha,570.180722891566,0.0001935087719298
372,alpha,579.819277108433,0.0001924561403508
372,alpha,590.361445783132,0.0001915789473684
372,alpha,600.301204819277,0.0001910526315789
372,rho,300.0,7.324840764331252e-06
372,rho,309.876543209876,7.770270270270274e-06
372,rho,320.061728395061,8.228980322003631e-06
372,rho,330.246913580246,8.728652751423177e-06
372,rho,340.123456790123,9.25553319919522e-06
372,rho,350.0,9.787234042553216e-06
372,rho,360.185185185185,1.0337078651685406e-05
372,rho,370.061728395061,1.0900473933649304e-05
372,rho,380.246913580246,1.1500000000000008e-05
372,rho,390.123456790123,1.2137203166226924e-05
372,rho,400.0,1.2813370473537616e-05
372,rho,409.876543209876,1.3489736070381247e-05
372,rho,420.061728395061,1.419753086419754e-05
372,rho,430.246913580246,1.4886731391585777e-05
372,rho,439.814814814814,1.5593220338983073e-05
372,rho,450.0,1.6370106761565843e-05
372,rho,459.876543209876,1.710037174721193e-05
372,rho,470.061728395061,1.7829457364341093e-05
372,rho,480.246913580246,1.8548387096774217e-05
372,rho,490.432098765432,1.9491525423728835e-05
372,rho,499.691358024691,2.0175438596491248e-05
372,rho,509.876543209876,2.1100917431192696e-05
372,rho,520.061728395061,2.1904761904761943e-05
372,rho,529.938271604938,2.2439024390243927e-05
372,rho,540.432098765432,2.311557788944728e-05
372,rho,549.691358024691,2.383419689119179e-05
372,rho,559.876543209876,2.433862433862435e-05
372,rho,570.37037037037,2.4864864864864944e-05
372,rho,579.012345679012,2.5414364640884057e-05
372,rho,589.506172839506,2.598870056497183e-05
372,rho,599.691358024691,2.584269662921351e-05
372,kappa,299.790699166059,1.01088139281828
372,kappa,309.724386810446,0.987377584330794
372,kappa,319.968649885841,0.962568008705114
372,kappa,329.901662366247,0.941675734494015
372,kappa,340.14457511368,0.922089227421109
372,kappa,349.767012163079,0.902502720348204
372,kappa,359.699687061495,0.882916213275299
372,kappa,369.941249480967,0.868552774755168
372,kappa,379.872911633412,0.852883569096844
372,kappa,389.802548293916,0.845048966267682
372,kappa,400.042760385428,0.835908596300326
372,kappa,409.972059463942,0.829379760609358
372,kappa,420.52115907651,0.825462459194777
372,kappa,429.828632129028,0.824156692056583
372,kappa,439.7559057156,0.825462459194777
372,kappa,449.99375473318,0.825462459194777
372,kappa,460.229915840809,0.831991294885745
372,kappa,470.15516393544,0.841131664853101
372,kappa,479.770174181054,0.850272034820457
372,kappa,490.004647378732,0.863329706202393
372,kappa,500.549358425427,0.87638737758433
372,kappa,510.472243446127,0.894668117519042
372,kappa,520.085228199799,0.91164309031556
372,kappa,530.007100474527,0.933841131664853
372,kappa,540.549786029281,0.954733405875952
372,kappa,550.47132072202,0.978237214363438
372,kappa,559.771704552743,1.00435255712731
372,kappa,569.692901663491,1.02916213275299
372,kappa,579.923323877286,1.05788900979325
372,kappa,590.154758837052,1.08269858541893
372,kappa,600.077306275761,1.10228509249183
372,ZT,300.0,0.969734676855796
372,ZT,310.188679245283,1.00780415229593
372,ZT,320.094339622641,1.04587813620071
372,ZT,330.0,1.08395212010549
372,ZT,340.188679245283,1.12441108180609
372,ZT,350.377358490566,1.17203850228804
372,ZT,360.566037735849,1.21727643650954
372,ZT,370.188679245283,1.25774441513942
372,ZT,380.377358490566,1.29581389057956
372,ZT,390.283018867924,1.32671941570298
372,ZT,400.471698113207,1.34806248731994
372,ZT,410.094339622641,1.36702508960573
372,ZT,420.283018867924,1.37164175739951
372,ZT,430.188679245283,1.37387344739748
372,ZT,440.094339622641,1.36893667861409
372,ZT,450.566037735849,1.34726448907824
372,ZT,459.905660377358,1.32561033340096
372,ZT,469.811320754717,1.28961024323166
372,ZT,480.566037735849,1.24881765514753
372,ZT,490.188679245283,1.20326412840107
372,ZT,500.094339622641,1.1553166069295
372,ZT,510.0,1.10497959919749
372,ZT,520.188679245283,1.05224859674037
372,ZT,530.377358490566,1.00190708054372
372,ZT,540.0,0.951574581276346
372,ZT,550.188679245283,0.908401523861048
372,ZT,560.377358490566,0.862838980185297
372,ZT,570.283018867924,0.826838890016004
372,ZT,580.188679245283,0.793228286107165
372,ZT,590.377358490566,0.766781632515046
372,ZT,600.283018867924,0.754676404950293
373,alpha,302.651113467656,-0.0001870042780981
373,alpha,324.92046659597,-0.0001948886169177
373,alpha,348.250265111346,-0.0002051705791775
373,alpha,374.231177094379,-0.0002125424904487
373,alpha,422.481442205726,-0.0002245453158819
373,alpha,472.322375397667,-0.0002350075901741
373,alpha,520.572640509013,-0.0002444419224567
373,alpha,570.943796394485,-0.000253705748195
373,alpha,619.194061505832,-0.0002605715873269
373,alpha,670.095440084835,-0.0002705205261552
373,alpha,718.875927889713,-0.000278071478377
373,alpha,769.777306468716,-0.0002832258966574
373,rho,302.488335811953,2.597322825397111e-05
373,rho,324.681531336543,2.505323001221425e-05
373,rho,347.681492719063,2.464945244975928e-05
373,rho,373.631091949013,2.453665230453757e-05
373,rho,421.918639337282,2.4568441394342967e-05
373,rho,472.527443681603,2.556486486979696e-05
373,rho,520.535802760826,2.7070486364584e-05
373,rho,570.721515021218,2.9858392004300783e-05
373,rho,619.135264134458,3.335807747980962e-05
373,rho,669.282376297759,3.774879685721103e-05
373,rho,718.386797459877,4.2717118793311327e-05
373,rho,769.276259916437,4.867852532207262e-05
373,kappa,302.61780104712,1.0554530446677
373,kappa,324.607329842931,1.01493231451346
373,kappa,348.167539267015,0.997836422810244
373,kappa,374.345549738219,0.981193339936795
373,kappa,422.513089005235,0.951957454837036
373,kappa,472.251308900523,0.92362388566577
373,kappa,520.418848167539,0.912406018584029
373,kappa,571.204188481675,0.893983302674402
373,kappa,619.371727748691,0.879161831989057
373,kappa,670.157068062827,0.867045422385736
373,kappa,718.848167539267,0.838260459412292
373,kappa,770.157068062827,0.825243620583934
373,ZT,302.553999548572,0.385263839684393
373,ZT,324.402840067125,0.484755002502477
373,ZT,347.848850332191,0.596673176380533
373,ZT,373.431167136085,0.702402133485117
373,ZT,421.928944346853,0.909700046124103
373,ZT,471.497021560564,1.10666198883207
373,ZT,519.477129314321,1.26016251386176
373,ZT,570.135747161404,1.37851279207843
373,ZT,618.677685747652,1.43684555294948
373,ZT,669.351637405666,1.50347182013562
373,ZT,717.895416049225,1.55559769968301
373,ZT,769.126905072669,1.54153892579907
374,alpha,324.751718869365,6.8388453866395e-05
374,alpha,346.753246753246,7.56673881673882e-05
374,alpha,369.213139801375,7.84321683218742e-05
374,alpha,379.29717341482,6.80096659876072e-05
374,alpha,388.46447669977,6.071269416857649e-05
374,alpha,398.548510313216,6.00124140565317e-05
374,alpha,417.799847211611,6.451516212545629e-05
374,alpha,441.634835752482,6.86680353959765e-05
374,alpha,465.469824293353,7.28209086664969e-05
374,alpha,489.304812834224,7.766822638146169e-05
374,alpha,514.05653170359,8.14733469145233e-05
374,alpha,536.974789915966,8.49323062558356e-05
374,alpha,560.809778456837,9.2210179526356e-05
374,alpha,584.18640183346,9.601609583227228e-05
374,alpha,607.563025210084,9.87803454715219e-05
374,alpha,631.856378915202,0.000107099620151
374,alpha,655.233002291825,0.0001091694253458
374,alpha,679.067990832696,0.0001147111875053
374,alpha,702.902979373567,0.0001244196163313
374,alpha,726.27960275019,0.0001226699770817
374,alpha,750.572956455309,0.0001299475850946
374,alpha,774.40794499618,0.000135489347254
374,alpha,797.784568372803,0.0001372119302266
374,alpha,821.619556913674,0.0001437953590527
374,alpha,844.996180290297,0.0001521151642475
374,rho,325.273799494524,7.700041893590318e-06
374,rho,348.020219039595,9.08551655956506e-06
374,rho,370.766638584667,1.044021584777052e-05
374,rho,380.370682392586,1.01575020723957e-05
374,rho,388.963774220724,6.882606253510606e-06
374,rho,399.578770008424,6.784791435954256e-06
374,rho,418.786857624262,7.11575687185447e-06
374,rho,443.049705139005,7.566899958830828e-06
374,rho,466.807076663858,8.054338299737088e-06
374,rho,490.05897219882,8.566767653227732e-06
374,rho,513.816343723673,9.101262688784416e-06
374,rho,537.068239258635,9.61800104657252e-06
374,rho,561.836562763268,1.017718715393135e-05
374,rho,584.58298230834,1.076112412177986e-05
374,rho,608.340353833192,1.139138518748064e-05
374,rho,632.603201347936,1.204456094364352e-05
374,rho,655.855096882898,1.2715323417502602e-05
374,rho,679.61246840775,1.339650145772596e-05
374,rho,702.864363942712,1.4116743471582186e-05
374,rho,727.127211457455,1.4876568191015798e-05
374,rho,750.379106992418,1.567590618336888e-05
374,rho,774.64195450716,1.6359590565198056e-05
374,rho,797.893850042123,1.721779859484779e-05
374,rho,822.156697556866,1.7922964407606046e-05
374,rho,845.408593091828,1.8426065162907266e-05
374,kappa,325.555555555555,0.555016181229773
374,kappa,350.555555555555,0.597087378640776
374,kappa,375.555555555555,0.567961165048543
374,kappa,450.555555555555,0.491909385113268
374,kappa,475.555555555555,0.477346278317151
374,kappa,500.0,0.446601941747572
374,kappa,525.555555555555,0.441747572815533
374,kappa,550.555555555555,0.430420711974109
374,kappa,575.0,0.420711974110032
374,kappa,600.0,0.417475728155339
374,kappa,625.0,0.407766990291261
374,kappa,650.555555555555,0.401294498381876
374,kappa,675.0,0.388349514563106
374,kappa,700.0,0.402912621359223
374,kappa,725.0,0.388349514563106
374,kappa,749.999999999999,0.38673139158576
374,kappa,775.0,0.389967637540452
374,kappa,800.555555555555,0.394822006472491
374,kappa,825.0,0.398058252427184
374,kappa,850.0,0.409385113268608
374,ZT,325.945951494201,0.347724371096121
374,ZT,350.86397547944,0.359783313291681
374,ZT,375.78910550015,0.341902159366267
374,ZT,449.785674074577,0.569693232448684
374,ZT,475.398668328952,0.65361077401307
374,ZT,500.287557568756,0.78842411030462
374,ZT,525.18923767241,0.869345273578417
374,ZT,550.79086227003,1.00116696893636
374,ZT,575.681883320476,1.12699827639161
374,ZT,599.868696255672,1.21989310943531
374,ZT,625.455398178802,1.4145890066473
374,ZT,650.351393454078,1.51946224681787
374,ZT,674.521862507688,1.68121930093981
374,ZT,700.109275034365,1.8729211885397
374,ZT,724.311721247598,1.89994781011725
374,ZT,749.901976188464,2.07967365926875
374,ZT,774.78802301408,2.22646303400869
374,ZT,799.708889413507,2.22654593775586
374,ZT,824.584987789462,2.41525144706516
374,ZT,850.170979109045,2.61294135388925
375,alpha,297.942115122357,-0.0001071037344592
375,alpha,322.781054370931,-0.0001134000909162
375,alpha,372.92636838827,-0.0001235002039187
375,alpha,422.605415474219,-0.0001385866853329
375,alpha,473.221086483751,-0.0001524286196745
375,alpha,522.899549275299,-0.0001662682168386
375,alpha,573.04778476464,-0.0001826027510917
375,alpha,623.197188842781,-0.000201431053845
375,alpha,672.411721880539,-0.0002252445564212
375,alpha,722.567553197083,-0.0002577885859257
375,alpha,772.711114331222,-0.0002641480461779
375,rho,298.887146542566,4.721711908520518e-06
375,rho,324.353249731367,4.8732827756010845e-06
375,rho,374.38720249181,5.443134383763545e-06
375,rho,424.41808954025,6.27478179391767e-06
375,rho,474.002149064114,7.233495222665683e-06
375,rho,523.582376447974,8.674619393203028e-06
375,rho,574.05319316898,1.0736798077528646e-05
375,rho,623.628055556833,1.360788835766047e-05
375,rho,674.5342033824,1.8961516588463514e-05
375,rho,723.64920896966,2.7485779729712893e-05
375,rho,774.124624258672,3.244510829864782e-05
375,kappa,298.514989174457,3.42715191434701
375,kappa,323.480566603865,3.12423329313681
375,kappa,373.425480662918,2.639477012799
375,kappa,422.928134714364,2.26283266552072
375,kappa,472.895161773796,1.97267078852993
375,kappa,522.868577033339,1.73872507250607
375,kappa,573.300468500768,1.53936998587716
375,kappa,622.824744152585,1.35299572187152
375,kappa,673.258601220048,1.17093791554013
375,kappa,722.790247871992,1.04942845265016
375,kappa,772.777422331771,0.936563698708895
375,ZT,298.069498069498,0.214912280701754
375,ZT,322.683397683397,0.274122807017543
375,ZT,372.876447876447,0.399122807017543
375,ZT,423.069498069498,0.574561403508771
375,ZT,473.262548262548,0.765350877192982
375,ZT,522.972972972973,0.945175438596491
375,ZT,573.166023166023,1.14473684210526
375,ZT,622.876447876447,1.32236842105263
375,ZT,673.069498069498,1.5328947368421
375,ZT,723.262548262548,1.64473684210526
375,ZT,772.972972972973,1.7719298245614
376,alpha,307.732103651819,2.0623501199040697e-05
376,alpha,323.621736190772,2.85371702637889e-05
376,alpha,413.696413513328,4.53237410071942e-05
376,alpha,510.827072238724,7.57793764988009e-05
376,alpha,608.609543199653,0.0001091127098321
376,alpha,705.842000106356,0.0001556354916067
376,alpha,802.980255710953,0.0001872901678657
376,alpha,901.876429162899,0.0001964028776978
376,rho,308.136973277994,2.083961789844145e-06
376,rho,323.384310277851,2.112640163098879e-06
376,rho,416.047514873954,2.8784722222222228e-06
376,rho,511.270726421459,4.199594731509641e-06
376,rho,608.426018687002,6.548183254344394e-06
376,rho,706.884698738525,1.0234567901234587e-05
376,rho,802.834740651387,1.3414239482200655e-05
376,rho,901.34172272086,1.5351851851851884e-05
376,kappa,307.260726072607,4.72727272727272
376,kappa,322.442244224422,4.56762749445676
376,kappa,414.191419141914,3.90243902439024
376,kappa,511.221122112211,3.29933481152993
376,kappa,608.250825082508,2.59866962305986
376,kappa,705.940594059406,2.25277161862527
376,kappa,801.650165016501,2.19955654101995
376,kappa,900.0,2.09312638580931
376,ZT,307.834602829162,0.0220390527913165
376,ZT,322.850924918389,0.0248463785326191
376,ZT,414.254624591947,0.070109537718686
376,ZT,511.534276387377,0.207407934461383
376,ZT,608.16104461371,0.421815781822553
376,ZT,704.787812840043,0.736336368755313
376,ZT,802.72034820457,0.926401301350789
376,ZT,900.652883569096,1.11376048422811
377,alpha,297.425565934528,0.0001775107296137
377,alpha,322.164099974753,0.0001852932761087
377,alpha,347.225784734494,0.0001914735336194
377,alpha,372.298241184885,0.0001958226037195
377,alpha,397.065050913069,0.0001987982832618
377,alpha,422.156357822098,0.0001999427753934
377,alpha,447.258436421779,0.0001992560801144
377,alpha,472.369940250778,0.0001969670958512
377,alpha,497.178490280232,0.0001928469241773
377,alpha,522.307498106538,0.0001875822603719
377,rho,297.977528089887,7.953368203124896e-06
377,rho,322.921348314606,8.984423745639437e-06
377,rho,347.865168539325,1.0142336408446415e-05
377,rho,373.14606741573,1.145900969526892e-05
377,rho,398.089887640449,1.2876629443431068e-05
377,rho,423.033707865168,1.4331864962722944e-05
377,rho,447.977528089887,1.5892612791491967e-05
377,rho,473.258426966292,1.7200765936507156e-05
377,rho,498.202247191011,1.827194662633001e-05
377,rho,523.14606741573,1.8731191341253955e-05
377,kappa,297.908959661151,1.26503782029032
377,kappa,322.855763087866,1.18775732637124
377,kappa,347.798944620229,1.12791021726335
377,kappa,373.069303942331,1.09324734687854
377,kappa,398.003631955169,1.07601517842021
377,kappa,423.265540190451,1.08203020592816
377,kappa,448.191819549174,1.1035388926058
377,kappa,473.112062417312,1.1541032206354
377,kappa,498.029085823804,1.22016389071939
377,kappa,522.941280037828,1.30946907388496
377,ZT,297.716937876051,0.93574555288349
377,ZT,322.811307513077,1.04318377048106
377,ZT,347.584530304022,1.11638503934797
377,ZT,372.700459449596,1.14556224091627
377,ZT,397.827617505871,1.133978496636
377,ZT,422.633628716067,1.08815780362506
377,ZT,447.777405560182,1.01624785948889
377,ZT,472.925224812149,0.92966397484724
377,ZT,498.073942376973,0.839819214537696
377,ZT,522.891182497871,0.753237575678179
378,alpha,305.01002004008,-0.0001400886005271
378,alpha,374.148296593186,-0.0001548052909274
378,alpha,423.747494989979,-0.0001673537139072
378,alpha,473.346693386773,-0.0001796861541657
378,alpha,523.446893787575,-0.0001879151391335
378,alpha,573.046092184368,-0.0001961439076857
378,alpha,622.645290581162,-0.0002035087453524
378,alpha,671.242484969939,-0.0002104411847453
378,alpha,720.841683366733,-0.0002169420915264
378,alpha,770.440881763527,-0.0002234429983076
378,rho,304.646766390771,7.406560594943557e-06
378,rho,374.178604979374,9.494470753045478e-06
378,rho,423.544165167768,1.0832949278861628e-05
378,rho,473.01787376209,1.2550034793756684e-05
378,rho,522.717594831604,1.4100933898377189e-05
378,rho,572.666554451709,1.6038047760640103e-05
378,rho,621.390267352637,1.790909093251296e-05
378,rho,670.384291874456,2.024417868166047e-05
378,rho,719.775691590081,2.233034878679837e-05
378,rho,769.102963045295,2.5087242400425215e-05
378,kappa,304.381694255112,1.91769041769041
378,kappa,374.001947419668,1.6044226044226
378,kappa,423.661148977604,1.45331695331695
378,kappa,473.32035053554,1.3022113022113
378,kappa,522.979552093476,1.21744471744471
378,kappa,572.638753651411,1.12899262899262
378,kappa,621.811100292113,1.08845208845208
378,kappa,670.983446932814,1.04791154791154
378,kappa,720.155793573515,1.06633906633906
378,kappa,769.81499513145,1.08845208845208
378,ZT,304.442652137827,0.407464324917672
378,ZT,372.983878164797,0.584851811196487
378,ZT,422.726522270711,0.755214050493962
378,ZT,472.976180914388,0.929088913282107
378,ZT,522.727749368602,1.07135016465422
378,ZT,571.969514426209,1.21888035126234
378,ZT,620.721555870882,1.30845225027442
378,ZT,669.98005408155,1.4032930845225
378,ZT,719.77680204903,1.4032930845225
378,ZT,768.555616538602,1.4085620197585
379,alpha,298.055555555555,0.0001864644032921
379,alpha,323.055555555555,0.0002014458847736
379,alpha,348.333333333333,0.000210686419753
379,alpha,373.055555555555,0.0002178903292181
379,alpha,398.055555555555,0.000222316255144
379,alpha,423.333333333333,0.0002235938271604
379,alpha,448.055555555555,0.0002230199588477
379,alpha,473.055555555555,0.0002187421810699
379,alpha,498.333333333333,0.0002109456790123
379,alpha,521.666666666666,0.0002037061728395
379,rho,298.040313549832,8.066080722892131e-06
379,rho,322.956326987681,9.288662215213283e-06
379,rho,348.152295632698,1.0619119898305444e-05
379,rho,373.068309070548,1.2104161733683496e-05
379,rho,397.984322508398,1.3671095058212871e-05
379,rho,423.180291153415,1.531013012030152e-05
379,rho,448.096304591265,1.6956740120320264e-05
379,rho,473.012318029115,1.852849714256296e-05
379,rho,498.208286674132,1.964467215665128e-05
379,rho,521.724524076147,2.1102742754341324e-05
379,kappa,298.333333333333,1.11363526570048
379,kappa,325.0,1.07229468599033
379,kappa,346.388888888888,1.02563405797101
379,kappa,371.388888888888,0.997916666666666
379,kappa,397.777777777777,0.986473429951691
379,kappa,423.611111111111,1.01852053140096
379,kappa,449.166666666666,1.0858997584541
379,kappa,474.722222222222,1.19675724637681
379,kappa,498.055555555555,1.29679347826086
379,kappa,525.277777777777,1.41576690821256
379,ZT,298.668270584048,1.10107993563086
379,ZT,324.000605452256,1.24470616977093
379,ZT,349.067391084981,1.33006134187339
379,ZT,374.111073934218,1.36974693157858
379,ZT,399.129264056848,1.35903849932816
379,ZT,423.871548523811,1.26958643362065
379,ZT,448.834769954697,1.15021589152844
379,ZT,474.022114940331,1.00722612579598
379,ZT,498.737313385274,0.864230411760644
379,ZT,522.027309083377,0.703893907769439
380,alpha,298.860371332821,-8.696953362184269e-05
380,alpha,322.184618827011,-9.45430297544281e-05
380,alpha,372.164277396093,-0.0001103792151258
380,alpha,423.480367976485,-0.0001282780215924
380,alpha,473.466128974842,-0.0001468633513524
380,alpha,522.782148360226,-0.0001637300844677
380,alpha,573.44756741913,-0.0001885013705039
380,alpha,624.100781619483,-0.0002077743677629
380,alpha,674.074337759289,-0.0002208614087457
380,alpha,722.708410673148,-0.0002305112564393
380,alpha,772.671287561723,-0.0002387872947422
380,alpha,823.293989615699,-0.0002443145700584
380,alpha,873.906012418443,-0.0002450308426946
380,rho,298.35610586425,6.767033282744082e-06
380,rho,322.77006973497,6.941243925955123e-06
380,rho,372.295742725557,7.909032512372809e-06
380,rho,423.167858362461,8.794454612971438e-06
380,rho,472.013190180409,1.0276914905221022e-05
380,rho,522.216039966088,1.2486847488489746e-05
380,rho,571.738548579128,1.560325460829492e-05
380,rho,621.255519531461,1.9625953230568555e-05
380,rho,671.441756335017,2.363608599382641e-05
380,rho,721.623246572253,2.769020419637608e-05
380,rho,773.156717116513,3.128941896730968e-05
380,rho,821.977525008471,3.543886045104414e-05
380,rho,872.151104301839,3.830346095379485e-05
380,kappa,299.602574109176,2.01990049751243
380,kappa,323.920419248474,1.92537313432835
380,kappa,373.835199668679,1.72636815920397
380,kappa,423.750776533554,1.53233830845771
380,kappa,473.673521400468,1.38308457711442
380,kappa,522.955924751907,1.23383084577114
380,kappa,573.526179136335,1.12935323383084
380,kappa,623.456888449959,1.02985074626865
380,kappa,672.11248984533,0.965174129353233
380,kappa,722.693894455152,0.930348258706467
380,kappa,773.282467067012,0.940298507462686
380,kappa,823.230698163398,0.950248756218905
380,kappa,873.182115038468,0.980099502487561
380,ZT,300.0,0.158744394618834
380,ZT,323.452768729641,0.209865470852017
380,ZT,373.615635179153,0.336322869955156
380,ZT,424.42996742671,0.508520179372197
380,ZT,473.28990228013,0.710313901345291
380,ZT,523.452768729641,0.914798206278026
380,ZT,573.615635179153,1.17040358744394
380,ZT,624.42996742671,1.33183856502242
380,ZT,673.941368078175,1.45829596412556
380,ZT,724.104234527687,1.53094170403587
380,ZT,774.267100977198,1.54439461883408
380,ZT,823.778501628664,1.52825112107623
380,ZT,873.941368078175,1.46367713004484
382,alpha,296.018099547511,6.76142131979695e-05
382,alpha,324.253393665158,7.49238578680203e-05
382,alpha,374.20814479638,8.654097171863669e-05
382,alpha,424.886877828054,0.0001008992023205
382,alpha,474.841628959276,0.0001129079042784
382,alpha,525.882352941176,0.0001294851341551
382,alpha,575.837104072398,0.000145018129079
382,alpha,624.705882352941,0.0001598984771573
382,alpha,673.574660633484,0.0001689050036258
382,alpha,722.805429864253,0.0001738651196519
382,rho,296.777442094662,5.028386050283872e-06
382,rho,324.16918429003,5.160216396171456e-06
382,rho,374.521651560926,5.578047683310844e-06
382,rho,424.874118831822,6.262626262626291e-06
382,rho,476.032225579053,6.958473625140332e-06
382,rho,526.384692849949,7.828282828282826e-06
382,rho,575.931520644511,9.06432748538014e-06
382,rho,625.075528700906,1.0281923714759529e-05
382,rho,674.219536757301,1.129326047358834e-05
382,rho,722.960725075528,1.1877394636015337e-05
382,kappa,296.170212765957,1.66986155484557
382,kappa,324.255319148936,1.63578274760383
382,kappa,374.042553191489,1.64430244941426
382,kappa,424.680851063829,1.60170394036208
382,kappa,474.893617021276,1.53354632587859
382,kappa,525.531914893616,1.41427050053247
382,kappa,575.31914893617,1.31203407880724
382,kappa,625.106382978723,1.24387646432374
382,kappa,674.042553191489,1.20979765708199
382,kappa,722.553191489361,1.2353567625133
382,ZT,295.648232094288,0.160436137071651
382,ZT,323.934723481414,0.214953271028038
382,ZT,374.524025385312,0.305295950155763
382,ZT,424.569356300997,0.431464174454829
382,ZT,476.246600181323,0.580996884735202
382,ZT,525.747960108794,0.800623052959502
382,ZT,575.249320036264,1.0404984423676
382,ZT,624.750679963735,1.2803738317757
382,ZT,673.708068902991,1.43146417445482
382,ZT,723.209428830462,1.52492211838006
383,alpha,300.139931293214,0.0001302505966587
383,alpha,323.252003254312,0.0001350238663484
383,alpha,373.417111776492,0.0001547136038186
383,alpha,423.152022605406,0.0001776849642004
383,alpha,473.331696466656,0.0002057279236276
383,alpha,523.524375094934,0.0002412291169451
383,alpha,573.724856583429,0.0002812052505966
383,alpha,623.399425293335,0.0002695704057279
383,alpha,647.779722134945,0.0002516706443914
383,alpha,673.925546148196,0.0002463007159904
383,alpha,698.764130979852,0.0002412291169451
383,alpha,724.041756746352,0.0002379474940334
383,rho,300.0,7.91904352582636e-06
383,rho,323.123909249563,8.29692226972841e-06
383,rho,373.298429319371,9.5634021366615e-06
383,rho,423.036649214659,1.14696524855155e-05
383,rho,473.211169284467,1.4207347704261e-05
383,rho,523.385689354275,1.79045311959276e-05
383,rho,573.123909249563,2.33289052121591e-05
383,rho,622.862129144851,1.9606157693209305e-05
383,rho,646.858638743455,1.4610678842139305e-05
383,rho,673.472949389179,1.36443809374965e-05
383,rho,698.342059336823,1.29983589903883e-05
383,rho,723.211169284467,1.2480268813003e-05
383,kappa,299.882644043831,1.85577942735949
383,kappa,322.996111700247,1.8186638388123
383,kappa,372.780487804878,1.71474019088017
383,kappa,423.011193590196,1.58112407211028
383,kappa,472.797454931071,1.4475079533404
383,kappa,523.028160716389,1.31389183457052
383,kappa,572.813479439142,1.19512195121951
383,kappa,623.479674796748,1.20254506892895
383,kappa,647.022033698597,1.41039236479321
383,kappa,673.235301048662,1.55143160127253
383,kappa,698.120419465064,1.61081654294803
383,kappa,723.006480499587,1.65535524920466
383,ZT,300.075982384577,0.344497886544768
383,ZT,323.197005669534,0.389102668855236
383,ZT,373.008663032696,0.541560803081761
383,ZT,423.272571712278,0.729149861202041
383,ZT,473.548970646859,0.972945066817659
383,ZT,523.396017065851,1.28465395228098
383,ZT,573.695314801264,1.63149376163805
383,ZT,623.534554810881,1.90807380491678
383,ZT,647.552274319307,1.98781159283017
383,ZT,673.757349734426,1.9106509608649
383,ZT,698.648866665487,1.92247715063976
383,ZT,723.988991921927,1.95304080462222
385,alpha,301.807348873703,-0.0001483882812303
385,alpha,326.649466330229,-0.000151297374325
385,alpha,377.310119672727,-0.0001638085892037
385,alpha,428.453245020375,-0.0001778642608998
385,alpha,479.108980754667,-0.0001888308550409
385,alpha,529.281151681985,-0.0001979097433117
385,alpha,579.929784204423,-0.0002066452186095
385,alpha,630.095944721712,-0.0002138362370899
385,alpha,680.261558838089,-0.0002208556310438
385,alpha,730.42553375173,-0.0002273601514186
385,rho,302.042874769795,4.8470288106788e-06
385,rho,326.608472273106,5.1017827013396296e-06
385,rho,377.181242732388,5.662153038581281e-06
385,rho,428.718330982783,6.222547881992979e-06
385,rho,478.806491929505,6.808318864482099e-06
385,rho,528.893427567725,7.40679629613746e-06
385,rho,579.460071484498,8.030698879210308e-06
385,rho,629.058721684652,8.69269630361184e-06
385,rho,678.65982250181,9.32928082968089e-06
385,rho,728.736955672014,1.00294098546661e-05
385,kappa,303.307197610039,3.37642328780601
385,kappa,327.966525344138,3.35387205838945
385,kappa,378.725798517007,3.20475666586166
385,kappa,429.969749823346,3.06721317340632
385,kappa,478.313458734716,2.94116331696496
385,kappa,528.595880179962,2.86140106081341
385,kappa,578.878301625209,2.78163880466185
385,kappa,628.196957093407,2.73653634582874
385,kappa,678.970765019991,2.73771030670566
385,kappa,729.267721218951,2.80823740395882
385,ZT,302.855155132723,0.410471204188481
385,ZT,327.671425224601,0.446073298429319
385,ZT,378.292007048709,0.567539267015706
385,ZT,429.894900890256,0.720418848167539
385,ZT,480.521212337278,0.860732984293193
385,ZT,530.658595962271,0.992670157068062
385,ZT,580.794706337726,1.12041884816753
385,ZT,630.921903966427,1.21884816753926
385,ZT,681.045918471285,1.30680628272251
385,ZT,730.670819157821,1.35287958115183
387,alpha,299.105559550569,6.652441597820589e-05
387,alpha,324.239010138078,7.09035152705148e-05
387,alpha,372.727898463439,8.063186838067869e-05
387,alpha,421.236349277365,9.18165400840824e-05
387,alpha,471.548896259036,0.0001039728153862
387,alpha,520.080169976289,0.0001168565254484
387,alpha,572.193552710944,0.0001297416845838
387,alpha,620.695482695348,0.0001404409167561
387,alpha,670.099460763625,0.0001516259507278
387,alpha,718.585088674224,0.0001611115840725
387,alpha,767.946681350608,0.0001691412610922
387,alpha,818.210322110865,0.0001776567399112
387,alpha,858.590558925657,0.0001837410361235
387,alpha,907.831516255884,0.0001827900818182
387,rho,304.963659147869,3.598971722365049e-06
387,rho,325.060150375939,3.804347826086969e-06
387,rho,373.1328320802,4.347826086956522e-06
387,rho,422.105263157894,4.96453900709221e-06
387,rho,471.081453634085,5.761316872428003e-06
387,rho,520.068922305764,6.763285024154628e-06
387,rho,571.721804511278,7.777777777777813e-06
387,rho,619.022556390977,8.64197530864203e-06
387,rho,668.077694235589,9.722222222222304e-06
387,rho,717.144110275689,1.0852713178294578e-05
387,rho,766.240601503759,1.147540983606558e-05
387,rho,816.214285714285,1.2173913043478268e-05
387,rho,857.431077694235,1.25e-05
387,rho,904.818295739348,1.1965811965811978e-05
387,kappa,300.0,2.91373025516403
387,kappa,323.353293413173,2.80437424058323
387,kappa,373.652694610778,2.72539489671932
387,kappa,423.952095808383,2.56743620899149
387,kappa,473.353293413173,2.38517618469015
387,kappa,523.652694610778,2.16646415552855
387,kappa,573.053892215568,2.0145808019441
387,kappa,623.353293413173,1.97205346294046
387,kappa,673.652694610778,1.89914945321992
387,kappa,723.952095808383,1.82017010935601
387,kappa,773.353293413173,1.81409477521263
387,kappa,821.856287425149,1.7958687727825
387,kappa,873.053892215569,1.81409477521263
387,kappa,923.353293413173,1.93560145808019
387,ZT,298.807157057654,0.126018434845472
387,ZT,321.17296222664,0.155380444605096
387,ZT,370.377733598409,0.20688595698536
387,ZT,420.477137176938,0.282038677028736
387,ZT,468.787276341948,0.382624254473161
387,ZT,518.886679920477,0.499595156334718
387,ZT,568.986083499006,0.631111512741731
387,ZT,617.296222664015,0.748060726549792
387,ZT,665.606361829025,0.875919031266943
387,ZT,715.705765407554,0.994708114946683
387,ZT,764.910536779324,1.10439544550876
387,ZT,814.115308151093,1.21771913970721
387,ZT,856.163021868787,1.32550153623712
387,ZT,903.578528827037,1.33698536056388
388,alpha,295.187261831067,0.0002541170288096
388,alpha,323.035825357875,0.0002638648276722
388,alpha,344.329445436583,0.0002700324659419
388,alpha,366.170547883182,0.0002771785359597
388,alpha,391.281699570535,0.000282034176082
388,alpha,415.306793502061,0.0002898295649385
388,alpha,439.328324641605,0.0002956663089029
388,alpha,463.343917794513,0.0002982386447139
388,alpha,487.915306496602,0.0003063595836877
388,alpha,511.951088804074,0.0003200309072204
388,alpha,535.973213742282,0.0003261940920001
388,alpha,559.985244103208,0.000326807782919
388,alpha,583.990742678833,0.0003238306248691
388,alpha,607.996835053122,0.0003211799076346
388,alpha,632.548628399311,0.000318528299702
388,alpha,657.65740489201,0.000322078176563
388,alpha,682.238888171382,0.0003357486093977
388,alpha,706.312079794664,0.0003699857042971
388,rho,294.693125062849,0.0001960071903686
388,rho,321.990413300707,0.0001926419841097
388,rho,342.727181309288,0.0001926230778369
388,rho,366.742198236851,0.0001915136466232
388,rho,390.754533570207,0.0001911323017626
388,rho,414.225186873596,0.0001896861305885
388,rho,438.23349981564,0.0001903746359443
388,rho,461.686722756678,0.0001936136630902
388,rho,486.763650990513,0.000200851259789
388,rho,510.199443569201,0.0002099442925947
388,rho,535.280394194348,0.0002170828397372
388,rho,559.310159890054,0.0002107606401166
388,rho,583.361378339422,0.000198406786785
388,rho,607.415278382998,0.0001867330817937
388,rho,633.095565313579,0.0001788351884444
388,rho,657.110582241142,0.0001778785038481
388,rho,681.066604096135,0.0001915908857377
388,rho,705.39000435759,0.0002849019989838
388,kappa,298.560969607481,0.329568106312292
388,kappa,323.006029285099,0.330454042081949
388,kappa,372.458471760797,0.341971207087486
388,kappa,422.46093269349,0.345514950166113
388,kappa,473.010335917312,0.336655592469546
388,kappa,523.009720684139,0.335769656699889
388,kappa,572.459702227144,0.343743078626799
388,kappa,622.456626061277,0.339313399778516
388,kappa,672.469545957918,0.357918050941306
388,kappa,722.462163159837,0.347286821705426
388,ZT,295.077971481836,0.286547085201793
388,ZT,322.076384340202,0.355156950672645
388,ZT,342.880536101174,0.392825112107623
388,ZT,366.496195898624,0.435874439461883
388,ZT,390.110596059857,0.476233183856502
388,ZT,414.857409180228,0.535426008968609
388,ZT,439.041794729682,0.593273542600896
388,ZT,462.657454527132,0.636322869955156
388,ZT,486.838690986043,0.68744394618834
388,ZT,511.02559580793,0.75067264573991
388,ZT,535.200534085756,0.788340807174887
388,ZT,559.946717388018,0.846188340807174
388,ZT,583.57434372953,0.914798206278026
388,ZT,607.771955459263,1.00089686098654
388,ZT,633.078676878117,1.05605381165919
388,ZT,656.695596311785,1.10179372197309
388,ZT,681.992870459011,1.13677130044843
388,ZT,706.077114929208,0.980717488789237
389,alpha,314.499464691392,0.0001309923664122
389,alpha,334.362460504669,0.0001362849872773
389,alpha,380.944754410855,0.000150330788804
389,alpha,431.63717391872,0.0001655979643765
389,alpha,481.635868287969,0.0001786259541984
389,alpha,531.631080975219,0.0001908396946564
389,alpha,580.955199456857,0.000206106870229
389,alpha,630.944319200605,0.0002168956743002
389,alpha,679.574712543629,0.0002299236641221
389,alpha,729.548164718375,0.0002370483460559
389,alpha,778.165501753897,0.0002470229007633
389,alpha,827.453062574529,0.0002537404580152
389,rho,313.602714932126,2.066115702479343e-05
389,rho,334.684162895927,2.1739130434782658e-05
389,rho,379.552036199094,2.39310784939375e-05
389,rho,431.21628959276,2.6997840172786177e-05
389,rho,480.145701357466,2.9880478087649464e-05
389,rho,530.437104072398,3.3753375337533826e-05
389,rho,580.715837104072,3.768844221105533e-05
389,rho,630.319457013574,4.305396096440885e-05
389,rho,679.916742081448,4.927726675427078e-05
389,rho,728.815384615384,5.39568345323742e-05
389,rho,778.390950226244,5.924170616113744e-05
389,rho,826.605429864253,6.476683937823876e-05
389,kappa,310.032623812482,1.07894474103226
389,kappa,331.05139662587,1.04660335275699
389,kappa,379.891854427877,1.00487784771381
389,kappa,428.716740733051,0.940210337336632
389,kappa,476.16767143531,0.851248238665247
389,kappa,525.011793118925,0.814920852524185
389,kappa,575.883873272441,0.766452278705367
389,kappa,625.398485290278,0.717980651651876
389,kappa,675.565268234299,0.630374189175367
389,kappa,725.750370586358,0.569758321209447
389,kappa,774.590828388365,0.528032816166267
389,kappa,824.796998059669,0.498456131887524
389,ZT,309.404851760772,0.240139703873238
389,ZT,329.894572812933,0.256847897543279
389,ZT,379.028998563463,0.356804882601673
389,ZT,427.476808453653,0.461509743290075
389,ZT,475.220147224724,0.597090674955835
389,ZT,523.672826730945,0.694669664185867
389,ZT,574.820027107529,0.849266446451808
389,ZT,624.636199102367,0.951601427338565
389,ZT,674.387442883461,1.14894802767024
389,ZT,724.151672307305,1.32729230411293
389,ZT,773.911032115117,1.51276245201399
389,ZT,823.702856029802,1.65072679019259
390,alpha,300.0,-0.0002146215946215
390,alpha,332.767232767232,-0.0002197788697788
390,alpha,373.126873126873,-0.0002454818154818
390,alpha,423.076923076923,-0.0002665966465966
390,alpha,473.026973026973,-0.0002885222885222
390,alpha,522.977022977023,-0.0002990965790965
390,alpha,573.326673326673,-0.0003034549234549
390,alpha,622.877122877122,-0.0003126775926775
390,alpha,673.226773226773,-0.0003108197208197
390,rho,299.711997475046,2.794520547945213e-05
390,rho,332.723136202837,2.928229665071772e-05
390,rho,373.000092055601,3.362637362637371e-05
390,rho,422.929735274391,3.849056603773592e-05
390,rho,472.859378493181,4.500000000000004e-05
390,rho,522.777185991767,5.016393442622955e-05
390,rho,573.090832577162,5.415929203539852e-05
390,rho,622.99943451559,5.773584905660409e-05
390,rho,672.91110497407,6.331034482758645e-05
390,kappa,300.0,0.787713116865539
390,kappa,333.266533066132,0.705723429429665
390,kappa,372.945891783567,0.689950707515248
390,kappa,423.046092184368,0.661083386817207
390,kappa,473.14629258517,0.631344606424177
390,kappa,522.845691382765,0.619035893137036
390,kappa,572.945891783567,0.612826524508712
390,kappa,623.046092184368,0.618817591610235
390,kappa,673.14629258517,0.653566828646399
390,ZT,299.601196410767,0.628261924044479
390,ZT,332.701894317048,0.77532881398953
390,ZT,372.981056829511,0.96778058489042
390,ZT,422.831505483549,1.18406807624591
390,ZT,473.080757726819,1.38525738856784
390,ZT,522.931206380857,1.50661499858568
390,ZT,573.180458624127,1.59129945653868
390,ZT,623.030907278165,1.70186958004089
390,ZT,672.881355932203,1.57080000559271
391,alpha,308.413461538461,-0.0001311586051743
391,alpha,322.435897435897,-0.0001395950506186
391,alpha,370.673076923076,-0.0001587176602924
391,alpha,421.714743589743,-0.0001800899887514
391,alpha,470.51282051282,-0.0001978065241844
391,alpha,520.993589743589,-0.0002079302587176
391,alpha,570.913461538461,-0.0002191788526434
391,alpha,619.711538461538,-0.0002264904386951
391,alpha,669.070512820512,-0.0002270528683914
391,alpha,717.307692307692,-0.000236051743532
391,alpha,766.105769230769,-0.0002506749156355
391,alpha,815.464743589743,-0.0002501124859392
391,alpha,864.823717948717,-0.0002492688413948
391,rho,306.515837104072,5.149231233041919e-06
391,rho,322.262443438914,5.655629139072851e-06
391,rho,370.588235294117,7.504393673110727e-06
391,rho,420.542986425339,9.804822043628033e-06
391,rho,470.497737556561,1.25495958853784e-05
391,rho,520.452488687782,1.531838565022423e-05
391,rho,570.407239819004,1.809322033898306e-05
391,rho,620.361990950226,2.043062200956939e-05
391,rho,668.687782805429,2.235602094240841e-05
391,rho,717.556561085972,2.5454545454545515e-05
391,rho,765.882352941176,3.116788321167889e-05
391,rho,816.380090497737,3.6340425531914895e-05
391,rho,864.705882352941,4.196560196560209e-05
391,kappa,299.424342105263,2.80867709815078
391,kappa,324.177631578947,2.58463726884779
391,kappa,372.532894736842,2.24679943100995
391,kappa,421.463815789473,1.94630156472261
391,kappa,471.546052631578,1.70625889046941
391,kappa,523.355263157894,1.53733997155049
391,kappa,573.4375,1.4128733997155
391,kappa,622.944078947368,1.31507823613086
391,kappa,673.026315789473,1.23684210526315
391,kappa,722.532894736842,1.19416785206258
391,kappa,772.03947368421,1.15860597439544
391,kappa,822.697368421052,1.17994310099573
391,kappa,872.779605263157,1.24928876244665
391,ZT,306.318956870612,0.369811320754717
391,ZT,323.169508525576,0.428930817610062
391,ZT,371.088264794383,0.558490566037735
391,ZT,421.11334002006,0.711949685534591
391,ZT,471.138415245737,0.857861635220126
391,ZT,519.583751253761,0.948427672955974
391,ZT,570.661985957873,1.06666666666666
391,ZT,620.160481444333,1.18113207547169
391,ZT,668.605817452357,1.24150943396226
391,ZT,717.051153460381,1.30943396226415
391,ZT,765.496489468405,1.33081761006289
391,ZT,814.994984954864,1.19245283018867
391,ZT,863.966900702106,1.04528301886792
392,alpha,299.540059721704,0.0001736508492747
392,alpha,314.45786442193,0.0001790085187324
392,alpha,329.635893605679,0.0001841072852461
392,alpha,344.304610390863,0.0001884288974648
392,alpha,359.751030875022,0.0001923191235669
392,alpha,374.430141790789,0.0001954321062814
392,alpha,389.373931817473,0.0001977682019787
392,alpha,404.324403785245,0.0001993273215661
392,alpha,419.53510023654,0.0002006275382095
392,alpha,434.497451210693,0.000200805366935
392,alpha,449.466484125935,0.0002002062195507
392,alpha,464.699453714194,0.000198916515828
392,alpha,479.423110903888,0.0001968496578103
392,alpha,494.67241412592,0.0001936606791524
392,alpha,509.668917243417,0.0001898672966499
392,alpha,524.675814491496,0.0001848652846432
392,rho,300.882545655309,6.505628811398114e-06
392,rho,315.435902724415,7.035502547588396e-06
392,rho,330.516837851807,7.596277442588013e-06
392,rho,345.601545885457,8.205230074035046e-06
392,rho,360.169994579591,8.834838782078184e-06
392,rho,375.265078105447,9.487102545486733e-06
392,rho,390.362048084432,1.020556995558488e-05
392,rho,405.204661299917,1.0889639994357584e-05
392,rho,420.04916096853,1.1622968995641818e-05
392,rho,435.157449666286,1.2378589047930786e-05
392,rho,450.270454496864,1.3082776044233237e-05
392,rho,465.123443204555,1.3837189067280147e-05
392,rho,479.981148045068,1.4491648752803273e-05
392,rho,495.098869008467,1.5253064211524831e-05
392,rho,509.958460302109,1.5959580348558792e-05
392,rho,525.081840624893,1.658430926781451e-05
392,kappa,299.107937524421,1.06567967698519
392,kappa,314.246203816263,1.03822341857335
392,kappa,329.133471540832,1.00915208613728
392,kappa,344.269702709156,0.984925975773889
392,kappa,359.40491631572,0.962314939434723
392,kappa,374.285061107975,0.944549125168236
392,kappa,389.162153214952,0.931628532974427
392,kappa,404.287191203924,0.925168236877523
392,kappa,419.404088698823,0.931628532974427
392,kappa,434.519968631962,0.939703903095558
392,kappa,449.629743194547,0.957469717362045
392,kappa,464.232432813788,0.980080753701211
392,kappa,479.334066882299,1.0107671601615
392,kappa,493.931668692745,1.0414535666218
392,kappa,509.281248643251,1.078600269179
392,kappa,524.124761212173,1.11897711978465
392,ZT,299.499497944555,1.29310344827586
392,ZT,314.579801961495,1.38177339901477
392,ZT,329.67129038191,1.45270935960591
392,ZT,344.764642869569,1.52068965517241
392,ZT,359.365570926515,1.56945812807881
392,ZT,374.483156288368,1.59901477832512
392,ZT,389.361519687035,1.60788177339901
392,ZT,404.505201990326,1.59605911330049
392,ZT,419.410594364054,1.56206896551724
392,ZT,434.326239107633,1.51182266009852
392,ZT,449.509066823082,1.43793103448275
392,ZT,464.441488171872,1.36108374384236
392,ZT,479.385093924134,1.26650246305418
392,ZT,494.581902143925,1.17044334975369
392,ZT,509.530168064302,1.06847290640394
392,ZT,524.477501951057,0.967980295566502
393,alpha,299.550763701707,0.000180389641407
393,alpha,322.461814914645,0.0001912211266163
393,alpha,372.327044025157,0.0002130755058173
393,alpha,422.641509433962,0.0002394870176396
393,alpha,472.506738544474,0.0002476705107646
393,alpha,522.371967654986,0.0002361071684465
393,alpha,572.686433063791,0.0002213161486232
393,alpha,622.551662174303,0.0002270312873178
393,alpha,672.866127583108,0.0002306579890136
393,alpha,722.73135669362,0.0002312465454297
393,alpha,772.596585804132,0.0002280376334914
393,rho,299.058668765702,3.047897551783141e-05
393,rho,322.457165654888,3.1583811989459095e-05
393,rho,372.421043551395,3.5622867221938066e-05
393,rho,422.378451817427,4.013875724407175e-05
393,rho,472.242050441552,3.569608540486951e-05
393,rho,522.02046559774,2.717508194338713e-05
393,rho,571.598322209163,1.6959551339303698e-05
393,rho,621.55680874694,1.7942497180191113e-05
393,rho,671.946603983135,1.8612801310789523e-05
393,rho,721.902933977421,1.974718593923538e-05
393,rho,772.312138105045,2.1124665617050477e-05
393,kappa,298.968180480486,0.742978483123619
393,kappa,322.426672026146,0.744217862859521
393,kappa,372.10893142976,0.734985919402035
393,kappa,422.252369296879,0.723151996286646
393,kappa,471.916085856954,0.754232194683108
393,kappa,522.500963031551,0.782709217109182
393,kappa,572.113238154711,0.925623099358537
393,kappa,621.781141808489,0.947600556046043
393,kappa,672.354654014465,1.00078502025357
393,kappa,721.999229574758,1.07347775217669
393,kappa,772.103189129826,1.14746967946003
393,ZT,300.098789975567,0.431097047401874
393,ZT,322.800624515598,0.500783699857722
393,ZT,372.743030978295,0.646911387428823
393,ZT,422.695112747878,0.835687827751021
393,ZT,472.65890673106,1.07609170561402
393,ZT,522.634922154517,1.37036769221524
393,ZT,572.638945045275,1.78810059467491
393,ZT,622.570148521052,1.88484551590264
393,ZT,672.941833073457,1.92323102290399
393,ZT,722.827715374877,1.82020020756079
393,ZT,772.699848555985,1.65656326988708
395,alpha,300.0,0.0002003062574943
395,alpha,322.974308300395,0.0002078072567393
395,alpha,347.92490118577,0.0002190792734378
395,alpha,372.875494071146,0.0002225310654172
395,alpha,397.826086956521,0.0002262525203179
395,alpha,422.776679841897,0.0002181088066793
395,alpha,448.221343873517,0.0002115820047075
395,alpha,472.92490118577,0.0002010118577075
395,alpha,497.875494071146,0.0001958344362037
395,alpha,523.073122529644,0.0001936227739041
395,alpha,548.023715415019,0.0001862880490296
395,rho,299.86562692259,1.74483039246639e-05
395,rho,330.190632086514,1.9229292282986105e-05
395,rho,360.764394021841,2.11920212655278e-05
395,rho,389.612405855556,2.18860232879694e-05
395,rho,416.234933002249,2.1378655790334e-05
395,rho,441.369361605725,2.0499186606157906e-05
395,rho,465.269445783239,1.88957145433935e-05
395,rho,487.678099853633,1.7337249417389503e-05
395,rho,509.086174231908,1.6280968574406802e-05
395,rho,529.24546740731,1.56119276509531e-05
395,rho,548.406957193845,1.51452487055003e-05
395,kappa,299.916635914581,0.900674915635545
395,kappa,322.896223940386,0.881439820022497
395,kappa,347.852096551172,0.862204724409448
395,kappa,372.804078837971,0.857142857142857
395,kappa,398.001985176754,0.856130483689538
395,kappa,422.953133822699,0.854105736782902
395,kappa,447.898724862949,0.872328458942632
395,kappa,472.844315903199,0.890551181102362
395,kappa,498.029717629169,0.935095613048369
395,kappa,522.969473183441,0.974578177727784
395,kappa,547.906727815149,1.02317210348706
395,ZT,300.118718808703,0.767030848116125
395,ZT,323.549118112514,0.820950170126813
395,ZT,348.465159066638,0.916089546008231
395,ZT,373.376506486464,0.980769761712024
395,ZT,398.532745960523,1.03470145256603
395,ZT,423.20251440915,1.1316307767744
395,ZT,448.363723507759,1.2178133431106
395,ZT,473.26761649076,1.23411724559111
395,ZT,498.417781979257,1.24863119974467
395,ZT,523.078991630047,1.29001734951148
395,ZT,547.97128882243,1.23106920920021
396,alpha,299.586331705273,-0.0001361623616236
396,alpha,327.346656345208,-0.0001416974169741
396,alpha,373.92454921727,-0.0001490774907749
396,alpha,423.789224721974,-0.0001527675276752
396,alpha,473.187583239896,-0.0001590405904059
396,alpha,523.053994415767,-0.0001638376383763
396,alpha,572.454667161911,-0.0001715867158671
396,alpha,621.858811250389,-0.0001815498154981
396,alpha,670.786802882139,-0.0001878228782287
396,alpha,720.184582843006,-0.0001937269372693
396,alpha,769.562113306928,-0.0001867158671586
396,alpha,794.001520447942,-0.0001741697416974
396,rho,174.543239951279,0.0001022222222222
396,rho,208.647990255785,9.860664523044028e-05
396,rho,267.113276492082,9.378185524974575e-05
396,rho,329.841656516443,8.333333333333333e-05
396,rho,391.352009744214,7.628524046434502e-05
396,rho,454.080389768574,7.497962510187467e-05
396,rho,516.19975639464,7.590759075907626e-05
396,rho,577.710109622411,7.863247863247879e-05
396,rho,639.829476248477,8.221626452189502e-05
396,rho,700.730816077953,8.566108007448835e-05
396,rho,762.241169305724,8.006962576153182e-05
396,rho,793.300852618757,6.891385767790306e-05
396,kappa,295.201535508637,0.670298999486652
396,kappa,322.552783109405,0.648457584872518
396,kappa,373.41650671785,0.616365289423174
396,kappa,424.280230326295,0.590717677110242
396,kappa,478.502879078694,0.576679153326145
396,kappa,526.487523992322,0.51106708366749
396,kappa,576.391554702495,0.491861680524316
396,kappa,626.295585412668,0.475234150635706
396,kappa,674.280230326295,0.462468482695634
396,kappa,720.825335892514,0.452276977060144
396,kappa,798.560460652591,0.464077798004745
396,kappa,774.088291746641,0.460147901973194
396,ZT,299.515972894482,0.0884786165505406
396,ZT,327.105517909002,0.112252533587964
396,ZT,374.05614714424,0.150738457244638
396,ZT,423.426911907066,0.206244993533486
396,ZT,473.281703775411,0.286722054164885
396,ZT,523.620522749274,0.366062942203537
396,ZT,572.9912875121,0.448811249207481
396,ZT,622.362052274927,0.542910294009382
396,ZT,671.248789932236,0.618849257147503
396,ZT,721.10358180058,0.69478602265972
396,ZT,769.990319457889,0.74234814130295
396,ZT,794.675701839303,0.772939093896863
397,alpha,301.4754346535,-0.0001173417721518
397,alpha,320.841242299675,-0.0001262025316455
397,alpha,371.955096479685,-0.0001368354430379
397,alpha,421.689005857487,-0.0001474683544303
397,alpha,471.432231318342,-0.0001598734177215
397,alpha,521.637767400696,-0.0001727215189873
397,alpha,572.279994876154,-0.0001811392405063
397,alpha,621.99527208785,-0.0001882278481012
397,alpha,671.710549299547,-0.0001953164556962
397,alpha,722.338802650425,-0.000201075949367
397,alpha,772.026131612963,-0.0002028481012658
397,alpha,822.140835885552,-0.0001984177215189
397,rho,304.127304838402,6.689368142262595e-05
397,rho,323.780472672826,6.681783824641008e-05
397,rho,374.05779777809,6.636636636636645e-05
397,rho,423.877050468619,6.606875934230212e-05
397,rho,474.150239479844,6.62172284644196e-05
397,rho,523.495909402996,6.836813611755647e-05
397,rho,573.744798861747,7.248872488724931e-05
397,rho,623.529411764705,7.85777777777778e-05
397,rho,673.31143960889,8.64125122189642e-05
397,rho,723.549471820791,9.629629629629708e-05
397,rho,773.336669782524,0.0001063778580024
397,rho,823.592797405841,0.000113551701991
397,kappa,302.33834131661,1.56528973844348
397,kappa,322.732567708233,1.48703727452853
397,kappa,371.797124310413,1.3638139543831
397,kappa,422.682765740521,1.2655792524575
397,kappa,472.631146962828,1.18089207507486
397,kappa,522.573115914614,1.10245493776891
397,kappa,572.970356073381,1.03026495501792
397,kappa,622.905912754647,0.958077857788664
397,kappa,672.810476795061,0.916099287596745
397,kappa,723.174586889471,0.876201178575321
397,kappa,773.074876082872,0.838389301767863
397,kappa,822.969821717505,0.805785791690979
397,ZT,302.849002849002,0.0379765778659934
397,ZT,322.792022792022,0.0486637141455467
397,ZT,372.649572649572,0.0753815548444301
397,ZT,422.981956315289,0.108616545820337
397,ZT,472.839506172839,0.153699315429173
397,ZT,522.222222222222,0.20292844186999
397,ZT,572.554605887939,0.249196608201347
397,ZT,622.886989553656,0.291910272163036
397,ZT,673.219373219373,0.322183177830887
397,ZT,723.076923076923,0.345938933221713
397,ZT,772.934472934472,0.356069096195478
397,ZT,823.26685660019,0.35257422935148
398,alpha,322.689768976897,0.0001433213857099
398,alpha,373.019801980198,0.0001649391724886
398,alpha,422.937293729372,0.0001900744985212
398,alpha,472.854785478547,0.0002208916427357
398,alpha,523.184818481848,0.0002406154901204
398,alpha,573.102310231023,0.0002768438897461
398,alpha,623.019801980198,0.000264641553441
398,alpha,672.937293729373,0.0002502747149714
398,alpha,722.854785478547,0.0002396957552898
398,rho,323.178807947019,1.2329428643915e-05
398,rho,373.261589403973,1.39727663222724e-05
398,rho,422.930463576158,1.65143429536248e-05
398,rho,473.42715231788,2.03770110316953e-05
398,rho,523.096026490066,2.2284505760802e-05
398,rho,573.178807947019,2.49318064510484e-05
398,rho,623.261589403973,2.4144496837464e-05
398,rho,672.930463576158,2.2194659994576e-05
398,rho,723.013245033112,2.11959897469096e-05
398,kappa,300.333885099863,1.62195987985273
398,kappa,323.380946204689,1.58628554110575
398,kappa,373.317957496426,1.51500620897868
398,kappa,423.24983209432,1.42568167137744
398,kappa,472.744445628737,1.30025901778708
398,kappa,523.077624433197,1.12071615785573
398,kappa,573.410803237658,0.941173297924388
398,kappa,622.98760387358,1.10447393192082
398,kappa,672.561836162581,1.25875196318017
398,kappa,722.542509351993,1.34085687758359
398,ZT,322.950012379731,0.337530869386065
398,ZT,373.268367912832,0.479207989540725
398,ZT,422.735217184346,0.649173024793267
398,ZT,473.020681917643,0.869196030080463
398,ZT,522.831514137105,1.21979368332189
398,ZT,572.512610424008,1.87942232791944
398,ZT,622.564641842031,1.65548349018894
398,ZT,672.584696093578,1.50771426300397
398,ZT,722.55906867873,1.46875876516973
399,alpha,306.119464124991,-0.0001197769783757
399,alpha,322.756513812282,-0.0001349185629226
399,alpha,374.139761371766,-0.0001538741028363
399,alpha,424.580554337541,-0.0001778707795804
399,alpha,474.106153792896,-0.0001980850891971
399,alpha,523.620069926842,-0.00022208090051
399,alpha,573.14696752902,-0.0002418750432715
399,alpha,621.225133276407,-0.0002805753963674
399,alpha,669.848520689575,-0.0002928056703053
399,alpha,718.492678451916,-0.0002983132745609
399,alpha,766.705851468925,-0.0002933162747224
399,rho,305.530779574445,1.5417819075257402e-05
399,rho,322.432629868934,1.696533337331214e-05
399,rho,374.056773980703,1.8550262555393453e-05
399,rho,424.731174877351,1.7833592048895922e-05
399,rho,474.477041060543,1.927394791001346e-05
399,rho,523.760959566875,2.3238731847227477e-05
399,rho,573.51477893819,2.9623991588022488e-05
399,rho,622.800685741553,4.23131044969587e-05
399,rho,671.609401257487,5.377918765643293e-05
399,rho,719.943576548699,5.9013932709272696e-05
399,rho,768.277089074234,6.361535074158368e-05
399,kappa,303.822939408545,1.44826901811789
399,kappa,322.798881453968,1.38794692222631
399,kappa,369.725183588987,1.32130908162975
399,kappa,421.420191953273,1.18740253480393
399,kappa,472.628760384473,1.0804247356035
399,kappa,523.357268422694,0.986907766026822
399,kappa,573.586577447617,0.947255380078822
399,kappa,623.828645552751,0.880667158127534
399,kappa,673.574704414641,0.861209560804105
399,kappa,723.762546428875,0.909098641866796
399,kappa,773.463948510023,0.983916470554879
399,ZT,303.759159563331,0.195962314939434
399,ZT,322.755595433926,0.24764468371467
399,ZT,370.475674193709,0.368236877523553
399,ZT,421.939335028164,0.62664872139973
399,ZT,472.940032899656,0.885060565275908
399,ZT,523.467798215442,1.10901749663526
399,ZT,573.50269179004,1.22960969044414
399,ZT,623.527615771895,1.3157469717362
399,ZT,673.500822491401,1.22314939434724
399,ZT,723.027266836149,1.18654104979811
399,ZT,772.993619460645,1.07025572005383
400,alpha,310.206706095696,0.0001812129760225
400,alpha,328.51068495099,0.0001879830747531
400,alpha,378.384160434272,0.0002091960507757
400,alpha,429.519917981296,0.0002308603667136
400,alpha,480.028979151604,0.0002534273624823
400,alpha,531.802100247715,0.0002768970380818
400,alpha,580.464851667042,0.0003107475317348
400,alpha,632.342866624788,0.0003608462623413
400,alpha,683.469734861504,0.0003802538787023
400,alpha,732.544061348093,0.0003585895627644
400,alpha,782.802443967714,0.0003175176304654
400,alpha,830.740716596934,0.0003274471086036
400,rho,310.530038191848,7.652367810507728e-05
400,rho,328.563699924865,6.973185701226934e-05
400,rho,378.452835179854,6.60551111085225e-05
400,rho,429.712578326355,7.361125535224794e-05
400,rho,480.389523786779,8.899852725558166e-05
400,rho,531.654226913587,0.0001043102866804
400,rho,583.561247490158,0.000131790507235
400,rho,632.349267116983,0.0001799593902319
400,rho,682.956772853109,0.000220110840466
400,rho,732.241617174023,0.000201617288011
400,rho,782.061312704713,0.0001409798406729
400,rho,830.740212764784,0.000139660365547
400,kappa,300.0,1.10106974753958
400,kappa,328.695652173913,1.05116928057152
400,kappa,378.260869565217,0.920514967163401
400,kappa,420.0,0.791099700470688
400,kappa,472.173913043478,0.680999423266543
400,kappa,524.347826086956,0.599140481107328
400,kappa,572.608695652174,0.53266357835203
400,kappa,622.826086956521,0.468765232274748
400,kappa,673.043478260869,0.429257130099905
400,kappa,722.608695652174,0.394880095254041
400,kappa,772.826086956521,0.423407936596528
400,kappa,823.043478260869,0.527673903741325
400,ZT,300.0,0.118439040556775
400,ZT,328.242677824267,0.157074650979742
400,ZT,378.451882845188,0.269695824184928
400,ZT,420.502092050209,0.384274410704668
400,ZT,472.594142259414,0.500585152657524
400,ZT,524.686192468619,0.642885993620282
400,ZT,572.384937238493,0.792666949749367
400,ZT,622.594142259414,0.962837627905049
400,ZT,672.803347280334,1.02719147437756
400,ZT,722.384937238493,1.16952338539293
400,ZT,772.594142259414,1.31741683582584
400,ZT,822.803347280334,1.22583008823894
401,alpha,322.22941792845,-0.0001449599392188
401,alpha,372.766915193409,-0.0001544760102606
401,alpha,422.805783002178,-0.000159255376347
401,alpha,472.852897163584,-0.0001608054707402
401,alpha,522.887366917612,-0.000167307115063
401,alpha,572.435301865984,-0.0001643357892804
401,alpha,622.459326240004,-0.0001749278444144
401,alpha,672.48060182981,-0.0001865963234461
401,alpha,722.503526690144,-0.0001976189481392
401,alpha,772.530849605219,-0.0002069192945959
401,alpha,822.030405951447,-0.000222893029413
401,rho,322.454957460219,8.959998896013724e-06
401,rho,372.72168078955,9.969529515935596e-06
401,rho,422.980323034228,1.0860910535559966e-05
401,rho,472.749821978458,1.1158520866551464e-05
401,rho,523.008939581057,1.2314551002689018e-05
401,rho,572.300703814937,1.2469964362689668e-05
401,rho,622.560296775457,1.3966619980210055e-05
401,rho,672.355940405328,1.68879454596424e-05
401,rho,722.615058007927,1.968466404813076e-05
401,rho,772.395965542255,2.272092788154971e-05
401,rho,822.179249866186,2.7532356779728923e-05
401,kappa,322.799897319689,1.81295896328293
401,kappa,372.462645611301,1.67300215982721
401,kappa,422.642114860319,1.55377969762419
401,kappa,472.829329391353,1.47084233261339
401,kappa,523.01101157809,1.36198704103671
401,kappa,572.689250433735,1.29460043196544
401,kappa,622.371915164819,1.24794816414686
401,kappa,672.560789399143,1.17278617710583
401,kappa,722.750770102326,1.10280777537796
401,kappa,772.426242785823,1.02246220302375
401,kappa,822.097842828311,0.923974082073434
401,ZT,322.199798183652,0.419595314164004
401,ZT,372.653884964682,0.532481363152289
401,ZT,422.603430877901,0.632587859424919
401,ZT,472.55297679112,0.736954206602768
401,ZT,523.007063572149,0.862619808306708
401,ZT,572.452068617558,0.930777422790202
401,ZT,622.401614530777,1.07348242811501
401,ZT,672.351160443995,1.16080937167199
401,ZT,722.805247225025,1.28647497337593
401,ZT,772.250252270434,1.39510117145899
401,ZT,822.199798183653,1.58892438764643
402,alpha,300.199316628701,0.0001922727272727
402,alpha,325.1138952164,0.0001970454545454
402,alpha,350.227790432801,0.0002023636363636
402,alpha,375.142369020501,0.0002073409090909
402,alpha,400.0569476082,0.0002114318181818
402,alpha,425.370159453303,0.0002136818181818
402,alpha,449.886104783599,0.000213409090909
402,alpha,475.0,0.0002102045454545
402,rho,300.2009184845,1.471914042389301e-05
402,rho,325.114810562571,1.6627179969071636e-05
402,rho,350.229621125143,1.834295891952546e-05
402,rho,375.143513203214,2.043201723413685e-05
402,rho,400.057405281285,2.254757488332457e-05
402,rho,425.373134328358,2.5021656975773178e-05
402,rho,449.885189437428,2.6894791980001915e-05
402,rho,475.0,2.8854169074198213e-05
402,kappa,300.311193866844,0.651995674308097
402,kappa,325.167305648726,0.644582499708538
402,kappa,350.221577805502,0.634340204679734
402,kappa,375.077455078064,0.625983632589559
402,kappa,400.132430762798,0.618571530032603
402,kappa,425.388380934258,0.619651076933797
402,kappa,450.049615471718,0.628274587632112
402,kappa,475.110922908076,0.646334217321796
402,ZT,300.172074729596,1.16188864926501
402,ZT,325.12291052114,1.22101170851821
402,ZT,350.245821042281,1.23917044693983
402,ZT,375.196656833824,1.24682291795774
402,ZT,400.147492625368,1.29334093519413
402,ZT,425.442477876106,1.26213199143964
402,ZT,449.877089478859,1.21410599638085
402,ZT,475.172074729596,1.12197268287846
403,alpha,300.43156596794,-0.0001346564688728
403,alpha,323.736128236744,-0.0001465337183154
403,alpha,373.797780517879,-0.0001677951951616
403,alpha,423.427866831072,-0.0001859361624773
403,alpha,473.489519112207,-0.0002071976393235
403,alpha,523.551171393341,-0.0002265870412868
403,alpha,573.612823674475,-0.0002372400937961
403,alpha,598.643649815043,-0.0002394464952457
403,alpha,623.67447595561,-0.0002413408842148
403,alpha,648.273736128236,-0.0002472910507049
403,alpha,673.736128236744,-0.0002597942487366
403,rho,300.470477240089,4.141201616404541e-06
403,rho,323.604515245633,4.86841665831754e-06
403,rho,373.728751294125,7.012490398423591e-06
403,rho,423.424590054436,9.155729218849162e-06
403,rho,473.549994990481,1.2664061717262802e-05
403,rho,523.67656881408,1.75366529739839e-05
403,rho,573.373576461944,2.10441505527167e-05
403,rho,598.650185352169,2.24576695721871e-05
403,rho,623.498981397989,2.4552483051130303e-05
403,rho,648.348361887586,2.73294259092275e-05
403,rho,673.62672410914,3.0789333066159e-05
403,kappa,300.157893267384,2.52386473344765
403,kappa,323.367174952205,2.34598389767869
403,kappa,373.650266045379,1.99490685840155
403,kappa,423.493621817337,1.73965023959513
403,kappa,473.331320175805,1.53708838643219
403,kappa,523.592295925339,1.39199997648867
403,kappa,573.419193767146,1.29003722137238
403,kappa,598.760806027129,1.25102017125064
403,kappa,623.671940551605,1.22159574327392
403,kappa,648.152597340574,1.20176393744223
403,kappa,673.491123738654,1.19148948676238
403,ZT,300.280331250434,0.526006730576064
403,ZT,323.70637303883,0.60741335007005
403,ZT,373.487688402952,0.776203750267529
403,ZT,423.693636677569,0.919315282714394
403,ZT,473.48414323023,1.04858882430255
403,ZT,523.695146658543,1.16996608451429
403,ZT,573.497601756304,1.24786770991033
403,ZT,598.614362676421,1.26014818821978
403,ZT,623.313843636874,1.26649404739239
403,ZT,648.434281032406,1.26296778225811
403,ZT,673.547365477107,1.29105500401129
404,alpha,319.06976744186,7.41242965987749e-05
404,alpha,370.232558139534,0.0001023350430755
404,alpha,471.627906976744,9.83720930232558e-05
404,alpha,569.302325581395,0.0001271754394701
404,alpha,670.697674418604,0.0001559748020516
404,alpha,772.093023255814,0.0001802773766246
404,alpha,870.697674418604,0.0002032981425227
404,alpha,921.860465116279,0.0002109521438175
404,alpha,972.093023255814,0.000224388725661
404,rho,318.894009216589,8.07685619892193e-06
404,rho,370.506912442396,1.3689949896846457e-05
404,rho,471.889400921659,1.1837410805300723e-05
404,rho,568.663594470046,1.6332630098452905e-05
404,rho,670.967741935483,2.2056030389363755e-05
404,rho,771.428571428571,2.8049516908212572e-05
404,rho,869.124423963133,3.5593869731800864e-05
404,rho,920.73732718894,3.970085470085479e-05
404,rho,970.506912442396,4.265381083562912e-05
404,kappa,298.784194528875,0.36344537815126
404,kappa,374.468085106383,0.36344537815126
404,kappa,473.86018237082,0.508403361344537
404,kappa,574.164133738601,0.516806722689075
404,kappa,674.468085106383,0.525210084033613
404,kappa,772.948328267477,0.527310924369747
404,kappa,872.340425531914,0.474789915966386
404,kappa,923.404255319148,0.449579831932773
404,kappa,972.644376899695,0.434873949579831
404,ZT,318.60561975146,0.593246031207927
404,ZT,370.394118729599,0.771693964724001
404,ZT,471.470220741357,0.748815900351598
404,ZT,568.685528316689,1.08659666999215
404,ZT,670.455139815774,1.42116172525013
404,ZT,771.331712561626,1.72700812645893
404,ZT,869.411001230107,2.14138004513623
404,ZT,920.279340972269,2.33579031992483
404,ZT,970.153908739575,2.66743992328777
405,alpha,300.0,8.35908141962421e-05
405,alpha,325.380710659898,8.79749478079331e-05
405,alpha,349.746192893401,9.273486430062628e-05
405,alpha,375.126903553299,9.711899791231727e-05
405,alpha,400.0,0.0001012526096033
405,alpha,424.365482233502,0.0001051356993736
405,alpha,449.746192893401,0.0001083924843423
405,alpha,475.634517766497,0.0001130271398747
405,alpha,498.984771573604,0.0001175365344467
405,alpha,524.8730964467,0.0001207933194154
405,alpha,550.253807106599,0.0001250521920668
405,alpha,574.111675126903,0.0001284342379958
405,alpha,599.492385786802,0.0001323173277661
405,alpha,625.380710659898,0.0001368267223382
405,alpha,649.238578680203,0.0001404592901878
405,alpha,674.619289340101,0.0001449686847599
405,alpha,700.0,0.0001496033402922
405,rho,300.038325602987,4.55316530345375e-06
405,rho,325.360753233048,4.7182892746339805e-06
405,rho,349.672680457586,4.943077033112511e-06
405,rho,375.000506059898,5.257454937052889e-06
405,rho,400.32725206776,5.541982054441241e-06
405,rho,424.6434976701,5.886172959127899e-06
405,rho,449.973482461313,6.260252436172349e-06
405,rho,475.304546846976,6.664182699768831e-06
405,rho,499.623491435442,7.08300057083556e-06
405,rho,524.956715010006,7.546632407536099e-06
405,rho,550.290478381796,8.02518963751266e-06
405,rho,574.1063319564,8.53354097533261e-06
405,rho,599.44225451709,9.07179977841323e-06
405,rho,625.286126266668,9.65485365422479e-06
405,rho,650.117878219047,1.02527951375065e-05
405,rho,674.445459563115,1.09104193009895e-05
405,rho,700.294729284944,1.16427271095612e-05
405,kappa,300.012459913195,2.94665436497459
405,kappa,325.087145226221,2.77926136447916
405,kappa,349.14011765718,2.61187429727572
405,kappa,374.714386156443,2.48861312266191
405,kappa,400.286281338906,2.37464348331706
405,kappa,424.318487247872,2.28855734971713
405,kappa,449.370626051305,2.20943393427692
405,kappa,474.933621295771,2.13030755219071
405,kappa,499.474903658171,2.05118710339651
405,kappa,524.523482486405,1.98600099085976
405,kappa,550.592587538306,1.9254547126655
405,kappa,574.10800371424,1.86260038388399
405,kappa,599.665658995909,1.80437995615297
405,kappa,625.224500935976,1.74151376078746
405,kappa,648.738730453511,1.68330519964044
405,kappa,675.318098617246,1.62507883861742
405,kappa,699.854041016847,1.5668643441784
405,ZT,300.0,0.144420131291028
405,ZT,325.274725274725,0.189277899343544
405,ZT,349.450549450549,0.234135667396061
405,ZT,374.725274725274,0.271334792122538
405,ZT,400.0,0.310722100656455
405,ZT,424.175824175824,0.347921225382932
405,ZT,449.450549450549,0.382932166301969
405,ZT,475.824175824175,0.427789934354485
405,ZT,498.901098901099,0.474835886214441
405,ZT,524.725274725274,0.509846827133479
405,ZT,550.54945054945,0.556892778993435
405,ZT,574.175824175824,0.599562363238512
405,ZT,599.450549450549,0.643326039387308
405,ZT,625.274725274725,0.696936542669584
405,ZT,648.901098901099,0.74398249452954
405,ZT,674.725274725274,0.800875273522975
405,ZT,700.0,0.862144420131291
406,alpha,300.0,-0.0001550593824228
406,alpha,314.983713355048,-0.0001587648456057
406,alpha,329.967426710097,-0.000161971496437
406,alpha,344.951140065146,-0.0001648218527315
406,alpha,359.934853420195,-0.0001673871733966
406,alpha,374.918566775244,-0.0001697387173396
406,alpha,389.902280130293,-0.0001719477434679
406,alpha,404.885993485342,-0.0001739429928741
406,alpha,419.86970684039,-0.0001757957244655
406,alpha,434.853420195439,-0.0001775771971496
406,alpha,449.837133550488,-0.000179216152019
406,alpha,465.14657980456,-0.0001807125890736
406,alpha,479.804560260586,-0.0001819952494061
406,alpha,495.114006514658,-0.0001829928741092
406,alpha,509.771986970684,-0.0001835629453681
406,alpha,525.081433224755,-0.0001837054631828
406,alpha,539.739413680781,-0.0001832779097387
406,alpha,555.048859934853,-0.0001822090261282
406,alpha,570.032573289902,-0.0001802850356294
406,alpha,585.016286644951,-0.0001772921615201
406,alpha,599.674267100977,-0.0001732304038004
406,rho,299.944870069365,6.481465016428466e-06
406,rho,315.235272802567,6.8445707049681325e-06
406,rho,330.201107775131,7.22454235153282e-06
406,rho,345.16810746454,7.620003317332444e-06
406,rho,360.135883631845,8.039636347746172e-06
406,rho,375.430556993477,8.472110297947014e-06
406,rho,390.074541878041,8.927053065087434e-06
406,rho,405.045423956931,9.38930397980996e-06
406,rho,420.017082513717,9.869426032437623e-06
406,rho,449.962729060979,1.0874068403395408e-05
406,rho,434.9895175484,1.036531595085194e-05
406,rho,465.262449528936,1.139188851305132e-05
406,rho,479.911481519826,1.1913880614504133e-05
406,rho,495.212754943576,1.2434249992919732e-05
406,rho,509.862951651309,1.2973942979258686e-05
406,rho,525.165001552955,1.3532052815494274e-05
406,rho,539.816362977533,1.4073850926314835e-05
406,rho,555.119965834972,1.458953802187827e-05
406,rho,570.098224453877,1.5106237481032176e-05
406,rho,585.07687131173,1.5620060109497288e-05
406,rho,600.05590640853,1.6126554804240778e-05
406,kappa,299.74073853332,1.19533073929961
406,kappa,314.845592555066,1.17198443579766
406,kappa,329.950020860118,1.15019455252918
406,kappa,344.726221594053,1.1284046692607
406,kappa,359.829798465717,1.10972762645914
406,kappa,374.932949620686,1.09260700389105
406,kappa,389.707021771151,1.07859922178988
406,kappa,404.808895776039,1.06614785992217
406,kappa,419.909492630844,1.05836575875486
406,kappa,434.681436197839,1.05214007782101
406,kappa,449.779904469173,1.05214007782101
406,kappa,464.549293736004,1.05525291828793
406,kappa,479.973435278291,1.06459143968871
406,kappa,494.739844528263,1.07859922178988
406,kappa,509.833204199269,1.09727626459144
406,kappa,524.595781998995,1.12529182879377
406,kappa,539.686161653143,1.15486381322957
406,kappa,554.773561290432,1.19533073929961
406,kappa,569.859683777639,1.24046692607003
406,kappa,584.616301543648,1.29027237354085
406,kappa,599.699018297303,1.34785992217898
406,ZT,299.819176372379,0.940978954583398
406,ZT,314.811935426229,0.99872409994906
406,ZT,329.806294689172,1.05254766622838
406,ZT,344.80345431803,1.09950846910663
406,ZT,359.802614208256,1.14156729812695
406,ZT,374.803774359849,1.17872415328936
406,ZT,389.807334825083,1.20999863982227
406,ZT,404.812495499411,1.23735154726884
406,ZT,419.820856591928,1.25686129654274
406,ZT,434.504775290638,1.27147120557086
406,ZT,449.844779717883,1.27823368920205
406,ZT,464.535099252969,1.27715728188483
406,ZT,479.881904568863,1.2672530543991
406,ZT,494.905867700046,1.24852740758125
406,ZT,509.607388698789,1.21999994665969
406,ZT,524.966195582889,1.18068387602646
406,ZT,539.676117679376,1.13156812490165
406,ZT,554.717283058319,1.07068550290571
406,ZT,569.76164885545,1.0019597227371
406,ZT,584.810015175316,0.92342999485266
406,ZT,599.86158191337,0.837057108795549
407,alpha,330.230326295585,-0.0001327243294632
407,alpha,372.936660268714,-0.0001421162376842
407,alpha,422.36084452975,-0.0001512001653747
407,alpha,470.825335892514,-0.0001577860953381
407,alpha,519.769673704414,-0.0001646844997113
407,alpha,568.234165067178,-0.0001668999822242
407,alpha,617.178502879078,-0.0001747349110511
407,alpha,665.642994241842,-0.0001881886870082
407,alpha,714.587332053742,-0.0001982088395605
407,alpha,764.491362763915,-0.0002066687172071
407,rho,330.208724706927,2.3409604604156087e-05
407,rho,373.07727752848,2.14040122438988e-05
407,rho,422.437610618423,1.904846998370127e-05
407,rho,470.80429784328,1.709020405394055e-05
407,rho,520.158723407272,1.569923315859197e-05
407,rho,569.006873997197,1.4694710495914242e-05
407,rho,617.820760936602,1.4499909715843047e-05
407,rho,666.048030548998,1.6397793215042978e-05
407,rho,714.779212125078,1.8658649822888123e-05
407,rho,764.526488164862,2.0737869843942506e-05
407,kappa,293.756532480283,2.73714091153833
407,kappa,321.416637633421,2.57865502169575
407,kappa,372.110664175086,2.319751053115
407,kappa,421.761473410825,2.10346656953726
407,kappa,471.911126595508,1.91044563392772
407,kappa,522.052861622272,1.73292845152503
407,kappa,572.188658030595,1.56703908402749
407,kappa,623.466648718842,1.16473331644126
407,kappa,672.581002755519,0.998828112627878
407,kappa,723.178031862667,0.929845120831089
407,kappa,773.763183732936,0.884117758844582
407,ZT,323.260137442756,0.0915860561531474
407,ZT,373.123823213214,0.148771746425835
407,ZT,422.993448601517,0.234838234507992
407,ZT,472.870795493018,0.358449759742458
407,ZT,523.249446130635,0.519600620096103
407,ZT,573.629878653607,0.689415719792588
407,ZT,623.076009289562,1.11628132405961
407,ZT,672.994933505978,1.44205843396035
407,ZT,722.890099251014,1.65231235262323
407,ZT,773.271719697554,1.82790361188161
408,alpha,299.742171781062,-0.0001522831050228
408,alpha,322.979843616342,-0.0001593607305936
408,alpha,372.606956542692,-0.0001680365296803
408,alpha,422.757557137865,-0.0001751141552511
408,alpha,472.910567342562,-0.000183105022831
408,alpha,523.064782352019,-0.0001915525114155
408,alpha,572.690088071228,-0.0001995433789954
408,alpha,622.837074252117,-0.0002052511415525
408,alpha,672.978036409199,-0.0002086757990867
408,alpha,723.118396163901,-0.0002118721461187
408,alpha,772.726232214069,-0.0002132420091324
408,alpha,822.858158335441,-0.0002132420091324
408,alpha,872.991891663955,-0.0002139269406392
408,rho,300.0,5.1234428086070205e-06
408,rho,323.056768558951,5.43601359003397e-06
408,rho,372.838427947598,5.884484711211769e-06
408,rho,422.620087336244,6.29218573046432e-06
408,rho,472.925764192139,6.6727066817667e-06
408,rho,522.707423580786,7.053227633069081e-06
408,rho,572.489082969432,7.40656851642129e-06
408,rho,622.794759825327,7.80067950169875e-06
408,rho,672.576419213973,8.1132502831257e-06
408,rho,722.882096069869,8.41223103057757e-06
408,rho,772.663755458515,8.67044167610419e-06
408,rho,822.96943231441,8.98301245753114e-06
408,rho,872.751091703056,9.41789354473386e-06
408,kappa,299.758059268577,3.39088118087583
408,kappa,323.267718165667,3.21034252261169
408,kappa,372.860835770158,3.04991629678851
408,kappa,422.969186570416,2.92689919530552
408,kappa,473.073396575759,2.82769166457983
408,kappa,523.173465786189,2.75229370461146
408,kappa,572.745879416108,2.71091533257484
408,kappa,622.836483952447,2.68993924862318
408,kappa,672.919989983219,2.70977957168406
408,kappa,722.999355219077,2.75342946550224
408,kappa,773.073396575759,2.82769166457983
408,kappa,822.629247026021,2.88155157557246
408,kappa,872.706837635487,2.93540557114378
408,ZT,299.866593852395,0.410859728506787
408,ZT,323.122562022156,0.472398190045249
408,ZT,372.739701981588,0.590045248868778
408,ZT,422.8717428616,0.714932126696832
408,ZT,472.482446559525,0.852488687782805
408,ZT,523.124707442658,0.999095022624434
408,ZT,572.734240911218,1.14027149321267
408,ZT,622.350795755968,1.25972850678733
408,ZT,672.495124044312,1.34660633484162
408,ZT,722.647058823529,1.40995475113122
408,ZT,772.292869402403,1.43891402714932
408,ZT,822.460602278046,1.45339366515837
408,ZT,872.119285379934,1.44253393665158
410,alpha,325.234598943927,8.10309278350515e-05
410,alpha,373.016846869499,9.49484536082474e-05
410,alpha,421.280864973598,0.0001125773195876
410,alpha,470.507417651496,0.0001382474226804
410,alpha,519.236107618808,0.0001701030927835
410,alpha,568.471712345989,0.000190206185567
410,alpha,617.706311289917,0.0002109278350515
410,alpha,666.941413125471,0.0002313402061855
410,alpha,715.698767915514,0.0002455670103092
410,alpha,765.928589388986,0.0002542268041237
410,rho,325.279464799892,2.979952144142041e-06
410,rho,372.938576965647,3.490606386345695e-06
410,rho,421.090862307682,4.168718310194884e-06
410,rho,470.224388689895,5.264376663642208e-06
410,rho,519.357915072107,7.141319628763278e-06
410,rho,568.509820578901,8.332584621458131e-06
410,rho,617.669894585509,8.827433787847111e-06
410,rho,666.826905404687,9.84530942136806e-06
410,rho,715.490232516347,1.1555739097602412e-05
410,rho,766.124210208174,1.2796627886314e-05
410,kappa,323.530175880119,2.99989191558309
410,kappa,373.128528237301,2.7935914865177
410,kappa,423.211773070321,2.5628025000223
410,kappa,472.806159026883,2.29126271355348
410,kappa,522.886429059437,2.01154420900551
410,kappa,573.458532768914,1.82150602248354
410,kappa,623.544752402399,1.63964655404072
410,kappa,673.160953562373,1.72692323329079
410,kappa,722.771205121416,1.71634087643571
410,kappa,772.865357556141,1.66496012279976
410,ZT,325.806451612903,0.235928809788653
410,ZT,372.58064516129,0.342788283277715
410,ZT,420.430107526881,0.492763564454331
410,ZT,469.892473118279,0.737584970955382
410,ZT,518.817204301075,1.04849215177357
410,ZT,567.204301075268,1.35651958966753
410,ZT,617.741935483871,1.87721542454579
410,ZT,666.129032258064,2.07604746014089
410,ZT,715.591397849462,2.18581139537757
410,ZT,766.129032258064,2.33869113830181
411,alpha,307.554537885095,-0.0002002881955537
411,alpha,322.958368026644,-0.0002075327458739
411,alpha,372.916736053288,-0.0002187915743258
411,alpha,422.458784346378,-0.0002248139138834
411,alpha,472.833472106577,-0.0002336556562045
411,alpha,522.375520399666,-0.0002429005536675
411,alpha,572.333888426311,-0.0002509368242141
411,alpha,622.708576186511,-0.000259174336928
411,alpha,672.666944213155,-0.0002692247061654
411,alpha,722.6253122398,-0.0002804835346174
411,alpha,773.0,-0.0002889224572004
411,rho,307.628378378378,1.71255774710227e-05
411,rho,322.831081081081,1.8227267697584897e-05
411,rho,373.084459459459,1.8951872804226895e-05
411,rho,422.493243243243,1.90625605134305e-05
411,rho,472.746621621621,2.01556405433068e-05
411,rho,523.0,2.21084953940634e-05
411,rho,572.831081081081,2.47984038285982e-05
411,rho,623.084459459459,2.8347983346703894e-05
411,rho,672.91554054054,3.38628661927024e-05
411,rho,723.168918918918,3.91934078397742e-05
411,rho,773.0,4.495394063459559e-05
411,kappa,307.756097560975,1.15528745644599
411,kappa,322.390243902439,1.13984693877551
411,kappa,373.0,1.11183113489298
411,kappa,422.390243902439,1.06852040816326
411,kappa,472.390243902439,1.02826530612244
411,kappa,523.0,0.994127053260328
411,kappa,573.0,0.969178073668491
411,kappa,623.0,0.944229094076655
411,kappa,673.0,0.916218889995022
411,kappa,723.0,0.912698481831757
411,kappa,773.0,0.896933175709308
411,ZT,308.219399538106,0.622950819672131
411,ZT,322.653579676674,0.667447306791569
411,ZT,372.884526558891,0.847775175644028
411,ZT,422.538106235565,1.04449648711943
411,ZT,472.19168591224,1.23185011709601
411,ZT,522.422632794457,1.39812646370023
411,ZT,573.230946882217,1.48946135831381
411,ZT,622.884526558891,1.54800936768149
411,ZT,672.538106235565,1.55971896955503
411,ZT,722.769053117782,1.57845433255269
411,ZT,772.422632794457,1.58782201405152
412,alpha,309.073724007561,-0.0001586225504585
412,alpha,371.833648393194,-0.0001751574399135
412,alpha,420.226843100189,-0.0001888627082623
412,alpha,468.620037807183,-0.0001980959269217
412,alpha,518.525519848771,-0.0002079251370803
412,alpha,566.162570888468,-0.0002164131550211
412,alpha,615.31190926276,-0.0002244536862003
412,alpha,664.461247637051,-0.0002320470124106
412,alpha,712.854442344045,-0.0002356156347966
412,alpha,762.003780718336,-0.000242463619392
412,alpha,811.153119092627,-0.0002451376909438
412,alpha,859.546313799622,-0.0002475137667461
412,alpha,909.451795841209,-0.0002475044675879
412,alpha,957.844990548204,-0.0002439178104709
412,alpha,1007.75047258979,-0.0002366041634867
412,alpha,1056.89981096408,-0.0002257130176472
412,rho,309.476661951909,3.239515676369179e-05
412,rho,371.968287054269,3.037822392661109e-05
412,rho,420.151864810541,2.904176550930925e-05
412,rho,469.066850294051,2.8202443280977323e-05
412,rho,518.701146430432,2.800887409872435e-05
412,rho,566.836335889227,2.773201537616699e-05
412,rho,615.726196679818,2.741027206730446e-05
412,rho,664.56673862875,2.7991408577565363e-05
412,rho,713.449155065882,2.780071566198739e-05
412,rho,762.302724633365,2.814938684503904e-05
412,rho,811.171182907764,2.822017323274661e-05
412,rho,860.039641182163,2.829131652661068e-05
412,rho,909.667423509268,2.822017323274661e-05
412,rho,958.573103550956,2.7595628415300576e-05
412,rho,1008.24369091044,2.677269715043079e-05
412,rho,1057.20706469143,2.5294264963686468e-05
412,kappa,303.038936372269,2.6011745023729
412,kappa,373.69420702754,2.70881901055003
412,kappa,423.076923076923,2.8596697281118
412,kappa,472.459639126305,2.97696518601978
412,kappa,522.602089268755,2.98879898027701
412,kappa,572.744539411206,3.00302957879522
412,kappa,622.886989553656,2.9908953304426
412,kappa,673.029439696106,2.97157066930702
412,kappa,723.171889838556,2.97621405078129
412,kappa,772.554605887939,2.97606609990098
412,kappa,822.697056030389,2.96632865580934
412,kappa,872.839506172839,2.99973368841544
412,kappa,922.981956315289,3.04272593806548
412,kappa,972.364672364672,3.13365654910262
412,kappa,1022.50712250712,3.21260086266744
412,kappa,1072.64957264957,3.33468765292999
412,ZT,302.779815765875,0.0891599413059427
412,ZT,372.650199722833,0.148862802641232
412,ZT,423.222874378413,0.180718085106383
412,ZT,472.287437841363,0.219965150403521
412,ZT,522.074468085106,0.268238719735876
412,ZT,571.84927040026,0.32143708730741
412,ZT,622.350615472405,0.3820203595011
412,ZT,672.127455775658,0.434397927366104
412,ZT,721.910410043205,0.484313096111518
412,ZT,771.677060405967,0.540794662509171
412,ZT,821.466128637808,0.588247432134996
412,ZT,871.275576750631,0.627492204695524
412,ZT,921.11151870873,0.656066581071166
412,ZT,970.992296404989,0.666583363903154
412,ZT,1021.65056656069,0.663965058694057
412,ZT,1070.85778919051,0.645756144534115
413,alpha,300.0,0.0001923487307771
413,alpha,343.829296424452,0.0002143724105015
413,alpha,387.658592848904,0.0002337207037812
413,alpha,430.911188004613,0.0002584194270839
413,alpha,474.740484429065,0.0002703360913505
413,alpha,518.569780853517,0.0002706594143567
413,alpha,561.822376009227,0.0002584972577546
413,alpha,605.651672433679,0.0002519834820687
413,alpha,648.904267589388,0.0002609271518637
413,alpha,692.73356401384,0.000263034065833
413,alpha,735.98615916955,0.0002559254169598
413,alpha,779.815455594002,0.0002455471941871
413,rho,299.971688265647,2.5478723404255463e-05
413,rho,343.604994682317,2.661111111111116e-05
413,rho,387.238301098987,2.784883720930241e-05
413,rho,430.872838460629,3.07051282051284e-05
413,rho,474.506144877299,3.236486486486501e-05
413,rho,518.135758459053,2.9207317073170867e-05
413,rho,561.759832788435,2.2175925925925983e-05
413,rho,605.382676172844,1.7355072463768163e-05
413,rho,648.42697542049,1.814393939393945e-05
413,rho,692.651750896128,1.963114754098369e-05
413,rho,736.281364477882,1.8423076923076967e-05
413,rho,779.910362587151,1.7107142857142905e-05
413,kappa,299.898079962384,0.999168332493058
413,kappa,343.898998601657,0.970532878724667
413,kappa,387.309460489678,0.921342191770024
413,kappa,430.713127708525,0.906437405469164
413,kappa,474.712687413962,0.88465913183153
413,kappa,518.1082010298001,0.91089742631521
413,kappa,561.496919976463,0.971421621452672
413,kappa,605.480172475882,1.03192950938411
413,kappa,648.87296822405,1.0718821641293
413,kappa,692.863015392643,1.09810415140697
413,kappa,735.66263652189,1.13121593322742
413,kappa,779.645889021309,1.19172382115887
413,ZT,300.106169260502,0.44070796460177
413,ZT,343.826289288983,0.615929203539823
413,ZT,387.548316549689,0.799115044247787
413,ZT,431.280515715593,1.02477876106194
413,ZT,474.423380124097,1.18938053097345
413,ZT,518.723298748855,1.3858407079646
413,ZT,561.9081222663,1.72566371681415
413,ZT,605.669565659648,2.07345132743362
413,ZT,649.395407384803,2.27256637168141
413,ZT,693.071025328044,2.26194690265486
413,ZT,736.183374020954,2.29911504424778
413,ZT,779.855177499745,2.27256637168141
416,alpha,331.060653001669,-0.0001232625698324
416,alpha,384.825056715403,-0.0001377430167597
416,alpha,435.346638550484,-0.0001488268156424
416,alpha,484.243811275122,-0.0001577653631284
416,alpha,533.669261750332,-0.0001654525139664
416,alpha,582.552043253615,-0.0001722458100558
416,alpha,631.449215978253,-0.0001811843575418
416,alpha,680.837489131629,-0.0001833296089385
416,alpha,729.13442799892,-0.0001827932960893
416,alpha,777.964441690568,-0.000181720670391
416,alpha,826.787259771539,-0.0001795754189944
416,alpha,875.063811075244,-0.0001759999999999
416,alpha,923.337963842056,-0.0001720670391061
416,rho,330.632457050628,8.21592349371626e-06
416,rho,384.347078244973,8.546166586326289e-06
416,rho,434.337113421292,8.92084395675168e-06
416,rho,484.857296852588,9.36194694001372e-06
416,rho,533.782323090018,9.78096041265169e-06
416,rho,582.17366675077,1.02664387683674e-05
416,rho,631.620005438928,1.1084104093628098e-05
416,rho,680.014294367763,1.14588403694151e-05
416,rho,728.94521114136,1.16563696821957e-05
416,rho,777.345979659978,1.17874733821396e-05
416,rho,826.282197916124,1.17856669510486e-05
416,rho,874.688856970909,1.1695286491135198e-05
416,rho,922.56654587795,1.14941835864136e-05
416,kappa,331.326614647209,3.04966139954853
416,kappa,384.857479722483,2.90744920993227
416,kappa,434.720913836109,2.84650112866817
416,kappa,484.586717856656,2.81264108352144
416,kappa,533.401468157338,2.76523702031602
416,kappa,582.215625981289,2.71106094808126
416,kappa,631.556495618634,2.67720090293453
416,kappa,680.371245919316,2.62979683972911
416,kappa,729.18895860365,2.61625282167042
416,kappa,777.481144428052,2.59593679458239
416,kappa,826.298264635656,2.57562076749435
416,kappa,874.582155785831,2.46049661399548
416,kappa,922.88322876119,2.54176072234762
416,ZT,330.371713508612,0.195638629283488
416,ZT,384.224841341795,0.285358255451713
416,ZT,434.270172257479,0.368847352024922
416,ZT,484.315503173164,0.449844236760124
416,ZT,533.27289211242,0.529595015576323
416,ZT,583.318223028105,0.610591900311526
416,ZT,631.731640979147,0.694080996884735
416,ZT,680.14505893019,0.751401869158878
416,ZT,728.558476881233,0.791277258566978
416,ZT,776.971894832275,0.83239875389408
416,ZT,825.385312783318,0.87227414330218
416,ZT,874.886672710788,0.940809968847351
416,ZT,922.756119673617,0.933333333333333
418,alpha,299.332061068702,8.3466915191053e-05
418,alpha,329.86641221374,8.86113699906803e-05
418,alpha,358.492366412213,9.442684063373708e-05
418,alpha,388.54961832061,0.0001009133271202
418,alpha,419.56106870229,0.0001073998136067
418,alpha,450.095419847328,0.0001135507921714
418,alpha,480.629770992366,0.0001202609506057
418,alpha,510.687022900763,0.00012697110904
418,alpha,540.267175572518,0.0001342404473438
418,alpha,571.278625954198,0.000141062441752
418,alpha,600.858778625954,0.0001477726001863
418,alpha,630.438931297709,0.0001543709226467
418,alpha,660.496183206106,0.0001602982292637
418,alpha,690.076335877862,0.0001664492078285
418,alpha,721.087786259541,0.0001715936626281
418,alpha,750.667938931297,0.0001770736253494
418,alpha,780.248091603053,0.0001809878844361
418,alpha,810.782442748091,0.0001843429636533
418,alpha,841.316793893129,0.0001869151910531
418,alpha,870.896946564885,0.0001884808946877
418,alpha,900.47709923664,0.0001895992544268
418,rho,300.0,1.0108425570363684e-05
418,rho,330.421216848673,1.0574196597353505e-05
418,rho,360.374414976599,1.1052111632501852e-05
418,rho,390.327613104524,1.1539453326456943e-05
418,rho,419.8127925117,1.205224885537302e-05
418,rho,450.234009360374,1.2580826539218438e-05
418,rho,480.187207488299,1.314629847238544e-05
418,rho,510.608424336973,1.3764995386035072e-05
418,rho,539.625585023401,1.4472833117723158e-05
418,rho,570.046801872074,1.5288691492996262e-05
418,rho,600.468018720748,1.6149404547094914e-05
418,rho,630.889235569422,1.7132465543644743e-05
418,rho,660.842433697347,1.817627944760358e-05
418,rho,690.327613104524,1.92555938037866e-05
418,rho,720.748829953198,2.0387243735763112e-05
418,rho,750.702028081123,2.135019083969468e-05
418,rho,779.71918876755,2.210968379446641e-05
418,rho,811.076443057722,2.2612430520464903e-05
418,rho,840.561622464898,2.2510060362173037e-05
418,rho,869.578783151326,2.194703285924476e-05
418,rho,900.468018720748,2.0641143911439143e-05
418,kappa,300.514579759862,1.52898550724637
418,kappa,330.360205831903,1.5127536231884
418,kappa,360.205831903945,1.49942028985507
418,kappa,391.080617495711,1.48608695652173
418,kappa,419.897084048027,1.4727536231884
418,kappa,450.771869639794,1.4559420289855
418,kappa,480.617495711835,1.43797101449275
418,kappa,510.977701543739,1.41652173913043
418,kappa,540.308747855917,1.39217391304347
418,kappa,570.668953687821,1.36376811594202
418,kappa,601.029159519725,1.33362318840579
418,kappa,630.874785591766,1.30057971014492
418,kappa,661.23499142367,1.2663768115942
418,kappa,690.051457975986,1.23391304347826
418,kappa,720.41166380789,1.20028985507246
418,kappa,750.257289879931,1.17130434782608
418,kappa,780.617495711835,1.1463768115942
418,kappa,810.463121783876,1.12782608695652
418,kappa,840.82332761578,1.11971014492753
418,kappa,870.668953687821,1.12086956521739
418,kappa,901.029159519725,1.13826086956521
418,ZT,300.472069236821,0.137359263050153
418,ZT,330.684500393391,0.164380757420675
418,ZT,360.89693154996,0.19754350051177
418,ZT,390.637293469708,0.236847492323439
418,ZT,420.377655389457,0.277379733879222
418,ZT,451.062155782848,0.324053224155578
418,ZT,480.330448465774,0.376867963152507
418,ZT,511.014948859166,0.430910951893551
418,ZT,540.755310778914,0.488638689866939
418,ZT,570.023603461841,0.551279426816786
418,ZT,600.23603461841,0.615148413510747
418,ZT,630.44846577498,0.682702149437052
418,ZT,660.188827694728,0.746571136131013
418,ZT,690.401258851298,0.811668372569089
418,ZT,720.613690007867,0.87553735926305
418,ZT,750.826121164437,0.939406345957011
418,ZT,780.566483084185,1.00941658137154
418,ZT,810.778914240755,1.08925281473899
418,ZT,840.991345397325,1.18014329580348
418,ZT,871.203776553894,1.28822927328556
418,ZT,900.944138473642,1.41842374616171
419,alpha,297.965193362455,0.0001973417721518
419,alpha,323.086262961774,0.0002049367088607
419,alpha,373.320028470545,0.0002239240506329
419,alpha,423.54039607553,0.0002489873417721
419,alpha,473.107615870933,0.0002702531645569
419,alpha,522.678185142282,0.00029
419,alpha,572.907763806121,0.0003108860759493
419,alpha,623.134830362999,0.000332911392405
419,alpha,672.705399634348,0.0003526582278481
419,alpha,722.961774105759,0.0003613924050632
419,alpha,773.308584427728,0.0003291139240506
419,alpha,822.997222726194,0.0002953164556962
419,alpha,873.270344577337,0.0002964556962025
419,rho,297.526681436361,7.53334290943455e-05
419,rho,322.627985285648,7.008768551761668e-05
419,rho,372.267909119681,7.371633608731706e-05
419,rho,422.608269299615,8.471479406872987e-05
419,rho,472.970420832533,0.0001058181972908
419,rho,522.662488261205,0.0001364439701325
419,rho,573.00051365332,0.0001775774771425
419,rho,623.317525955057,0.000221953901873
419,rho,672.293591785697,0.0002586192090213
419,rho,722.572469219713,0.0002646599216746
419,rho,772.80153784691,0.0001981973366239
419,rho,822.313048350861,0.0001275953587243
419,rho,871.954528710107,0.0001409921174421
419,kappa,298.671096345514,0.911291808966227
419,kappa,323.92026578073,0.826374658932798
419,kappa,373.75415282392,0.694071303373629
419,kappa,423.588039867109,0.581348367394879
419,kappa,473.421926910299,0.49962776241846
419,kappa,523.255813953488,0.439119278654162
419,kappa,573.75415282392,0.401452810755136
419,kappa,623.588039867109,0.373578359624871
419,kappa,674.086378737541,0.352228908042861
419,kappa,723.92026578073,0.342303174861314
419,kappa,773.75415282392,0.329114038416364
419,kappa,823.588039867109,0.335505321551833
419,kappa,873.421926910299,0.335369798160495
419,ZT,297.838340908851,0.172865760416776
419,ZT,323.074306866477,0.240990055155394
419,ZT,372.884215854803,0.372003891460932
419,ZT,422.673560212184,0.537024772470814
419,ZT,472.49137867395,0.654958976197758
419,ZT,522.32976176666,0.738886135220358
419,ZT,572.853896206616,0.788809149678875
419,ZT,622.711262035582,0.84134519051285
419,ZT,672.548063233603,0.927888276051169
419,ZT,722.359554116617,1.05628618584098
419,ZT,772.106187317423,1.29193708277527
419,ZT,822.424675447939,1.68193054427723
419,ZT,872.348480853801,1.62459767145101
420,alpha,298.273394384134,-0.0001753277942871
420,alpha,323.47443750379,-0.0001919764691612
420,alpha,372.776396385469,-0.0002285899690702
420,alpha,422.633877130208,-0.0002585675298683
420,alpha,473.030505185275,-0.0002968427436472
420,alpha,522.342167505609,-0.0003246067075019
420,alpha,572.748498999332,-0.0003540323852265
420,alpha,622.594456910667,-0.0003945187700891
420,alpha,672.45739583965,-0.0004195184668566
420,alpha,722.330038207289,-0.0004356686275698
420,alpha,772.778822245133,-0.0004263775850567
420,rho,297.818974918211,3.634958428709467e-05
420,rho,322.355507088331,4.012298674355878e-05
420,rho,372.519083969465,4.9473452026457184e-05
420,rho,422.682660850599,6.123292987784202e-05
420,rho,472.846237731733,7.588068075317011e-05
420,rho,522.464558342421,9.212468972989376e-05
420,rho,573.173391494002,0.0001111711697229
420,rho,623.336968375136,0.0001394971020924
420,rho,672.955288985823,0.0001629276461742
420,rho,723.118865866957,0.0001896637230434
420,rho,773.282442748091,0.0002140191663958
420,kappa,297.45631011025,0.660098522167487
420,kappa,322.368743735738,0.629556650246305
420,kappa,372.185614057535,0.580295566502463
420,kappa,421.997819503977,0.537931034482758
420,kappa,472.901605783379,0.481773399014778
420,kappa,522.711145586761,0.443349753694581
420,kappa,572.526683087027,0.396059113300492
420,kappa,622.874682788475,0.361576354679802
420,kappa,672.131101656963,0.340886699507389
420,kappa,722.483099823001,0.300492610837438
420,kappa,772.765124858721,0.363546798029556
420,ZT,297.943410657926,0.379157427937915
420,ZT,322.835100082009,0.468957871396895
420,ZT,373.111640660162,0.678492239467849
420,ZT,422.896124013883,0.851441241685144
420,ZT,473.160515030939,1.13414634146341
420,ZT,522.44079159913,1.34368070953436
420,ZT,572.704630363409,1.62971175166297
420,ZT,622.46978486993,1.9190687361419
420,ZT,672.247088937548,2.13525498891352
420,ZT,722.513136712936,2.40798226164079
421,alpha,306.167763157894,0.0001732323232323
421,alpha,314.391447368421,0.0001771717171717
421,alpha,325.082236842105,0.0001825252525252
421,alpha,351.398026315789,0.0001927272727272
421,alpha,376.274671052631,0.0001987878787878
421,alpha,401.151315789473,0.0002047474747474
421,alpha,426.027960526315,0.0002050505050505
421,alpha,450.699013157894,0.0002076767676767
421,alpha,475.16447368421,0.0002093939393939
421,alpha,499.835526315789,0.0002058585858585
421,alpha,524.506578947368,0.0001970707070707
421,alpha,548.972039473684,0.0001895959595959
421,alpha,573.643092105263,0.0001750505050505
421,rho,306.369426751592,6.850773817975316e-06
421,rho,314.331210191082,7.174721189591126e-06
421,rho,324.68152866242,7.602016700803541e-06
421,rho,351.154458598726,8.79992704723698e-06
421,rho,376.035031847133,1.002909997921431e-05
421,rho,400.915605095541,1.137703371846263e-05
421,rho,425.597133757961,1.2767928023286593e-05
421,rho,450.079617834395,1.4212076583210607e-05
421,rho,474.761146496815,1.5711494627157296e-05
421,rho,499.641719745223,1.7115998581057122e-05
421,rho,524.124203821656,1.862215360864534e-05
421,rho,548.805732484076,2.01125468945394e-05
421,rho,573.487261146496,2.1627073061407403e-05
421,kappa,306.281407035175,1.00684485006518
421,kappa,314.447236180904,0.988917861799217
421,kappa,324.916247906197,0.966101694915253
421,kappa,351.298157453936,0.930247718383311
421,kappa,376.423785594639,0.920469361147326
421,kappa,401.130653266331,0.933507170795306
421,kappa,425.837520938023,0.961212516297261
421,kappa,450.544388609715,1.00684485006518
421,kappa,475.251256281406,1.06551499348109
421,kappa,499.748743718592,1.13885267275097
421,kappa,524.455611390284,1.21870925684485
421,kappa,548.95309882747,1.3116036505867
421,kappa,573.869346733668,1.40449804432855
421,ZT,300.216262975778,1.32436500470366
421,ZT,325.086505190311,1.52248353715898
421,ZT,350.389273356401,1.62746942615239
421,ZT,375.043252595155,1.6596425211665
421,ZT,400.346020761245,1.63085606773283
421,ZT,425.0,1.54957666980244
421,ZT,450.086505190311,1.42765757290686
421,ZT,474.956747404844,1.27525870178739
421,ZT,499.826989619377,1.10592662276575
421,ZT,525.129757785467,0.929821260583254
421,ZT,550.0,0.758795860771401
421,ZT,575.086505190311,0.601317027281279
422,alpha,303.401360544217,0.0001159550561797
422,alpha,372.108843537414,0.0001319662921348
422,alpha,471.428571428571,0.0001547191011235
422,alpha,570.748299319727,0.0001766292134831
422,alpha,670.068027210884,0.0001944943820224
422,alpha,770.068027210884,0.0002094943820224
422,alpha,869.38775510204,0.0002211235955056
422,alpha,969.38775510204,0.0002271910112359
422,rho,303.472222222222,3.5625e-06
422,rho,372.222222222222,4.21022727272727e-06
422,rho,470.833333333333,5.267045454545449e-06
422,rho,571.527777777777,6.52840909090909e-06
422,rho,670.138888888889,7.89204545454545e-06
422,rho,770.138888888889,9.27272727272727e-06
422,rho,870.833333333333,1.0534090909090898e-05
422,rho,970.833333333333,1.14204545454545e-05
422,kappa,303.472222222222,3.91324200913242
422,kappa,372.222222222222,3.77625570776255
422,kappa,472.222222222222,3.57077625570776
422,kappa,573.611111111111,3.37899543378995
422,kappa,672.916666666666,3.22374429223744
422,kappa,773.611111111111,3.08675799086758
422,kappa,873.611111111111,2.97260273972602
422,kappa,975.0,2.90410958904109
422,ZT,304.137931034482,0.298181818181818
422,ZT,375.862068965517,0.412727272727272
422,ZT,476.551724137931,0.609090909090909
422,ZT,576.55172413793,0.814545454545454
422,ZT,676.551724137931,1.00181818181818
422,ZT,777.241379310344,1.18727272727272
422,ZT,877.241379310344,1.3690909090909
422,ZT,977.241379310344,1.51818181818181
423,alpha,299.465240641711,-0.0002050171037628
423,alpha,322.994652406417,-0.0002159635119726
423,alpha,373.262032085561,-0.000236944127708
423,alpha,424.064171122994,-0.0002633979475484
423,alpha,472.727272727272,-0.0002957810718358
423,alpha,522.994652406417,-0.0003272519954389
423,alpha,573.262032085561,-0.0003591790193842
423,alpha,622.994652406417,-0.0003915621436716
423,alpha,673.262032085561,-0.0004193842645381
423,alpha,723.529411764705,-0.0004403648802736
423,alpha,773.262032085561,-0.0004681870011402
423,alpha,793.048128342246,-0.0004855188141391
423,alpha,812.83422459893,-0.0005037628278221
423,rho,298.942917547568,4.8334566987416864e-05
423,rho,322.198731501057,5.291734197730971e-05
423,rho,371.881606765327,6.230916030534353e-05
423,rho,422.093023255813,7.523041474654422e-05
423,rho,471.775898520084,8.963623884694574e-05
423,rho,522.515856236786,0.0001081125827814
423,rho,572.198731501057,0.0001410367170626
423,rho,622.410147991543,0.000178659370725
423,rho,672.621564482029,0.0002116693679092
423,rho,722.3044397463,0.0002436567164179
423,rho,772.515856236786,0.0002659877800407
423,rho,793.657505285412,0.0002709543568464
423,rho,812.684989429175,0.0002676229508196
423,kappa,301.091703056768,0.945307068366164
423,kappa,324.563318777292,0.893395133256083
423,kappa,373.689956331877,0.780301274623406
423,kappa,423.362445414847,0.698725376593279
423,kappa,473.5807860262,0.636616454229432
423,kappa,523.799126637554,0.586558516801854
423,kappa,573.471615720523,0.535573580533024
423,kappa,623.689956331877,0.478099652375434
423,kappa,673.362445414847,0.415990730011587
423,kappa,722.489082969432,0.358516801853997
423,kappa,773.25327510917,0.30289687137891
423,kappa,793.449781659388,0.377056778679026
423,kappa,813.100436681222,0.418771726535342
423,ZT,301.054852320675,0.270740305522913
423,ZT,323.734177215189,0.308343125734429
423,ZT,373.839662447257,0.425851938895416
423,ZT,423.417721518987,0.564512338425381
423,ZT,473.523206751054,0.721974148061103
423,ZT,523.101265822784,0.874735605170387
423,ZT,573.206751054852,0.978143360752055
423,ZT,623.312236286919,1.11915393654524
423,ZT,672.890295358649,1.35887191539365
423,ZT,722.468354430379,1.63384253819036
423,ZT,773.101265822784,2.10387779083431
423,ZT,793.143459915611,1.83125734430082
423,ZT,812.658227848101,1.83360752056404
424,alpha,300.369003690036,-0.0001427497062279
424,alpha,325.092250922509,-0.0001471680376028
424,alpha,350.184501845018,-0.0001515863689776
424,alpha,375.276752767527,-0.0001559106933019
424,alpha,399.630996309963,-0.0001596709753231
424,alpha,425.092250922509,-0.0001635252643948
424,alpha,450.184501845018,-0.0001673795534665
424,alpha,474.90774907749,-0.0001711398354876
424,alpha,500.0,-0.0001749001175088
424,alpha,524.723247232472,-0.0001784723854289
424,alpha,549.815498154981,-0.0001821386603995
424,alpha,575.276752767527,-0.0001857109283196
424,alpha,600.0,-0.0001892831962397
424,alpha,624.723247232472,-0.0001923854289071
424,alpha,649.815498154981,-0.0001955816686251
424,alpha,674.90774907749,-0.0001987779083431
424,alpha,700.0,-0.00020178613396
424,alpha,724.723247232472,-0.0002031962397179
424,alpha,749.815498154981,-0.0002042303172737
424,alpha,775.276752767528,-0.000205170387779
424,alpha,800.0,-0.0002063924794359
424,alpha,825.092250922509,-0.0002074265569917
424,alpha,849.815498154981,-0.0002084606345475
424,rho,299.651810584958,4.64756602095659e-06
424,rho,324.721448467966,4.841308200418889e-06
424,rho,349.791086350975,5.048723118279577e-06
424,rho,374.512534818941,5.274705985606464e-06
424,rho,399.930362116991,5.446800797534894e-06
424,rho,424.651810584958,5.6384276198517895e-06
424,rho,449.721448467966,5.839770684545512e-06
424,rho,474.791086350974,6.056025796049985e-06
424,rho,499.860724233983,6.24967503769563e-06
424,rho,524.582172701949,6.430214518803861e-06
424,rho,549.651810584958,6.605121441916732e-06
424,rho,575.069637883008,6.807112923320898e-06
424,rho,599.791086350974,7.003437627454439e-06
424,rho,624.860724233983,7.172693638859086e-06
424,rho,649.582172701949,7.357081650140803e-06
424,rho,674.651810584958,7.55119989948488e-06
424,rho,699.373259052924,7.755839463156548e-06
424,rho,724.791086350974,7.85466901914659e-06
424,rho,749.512534818941,7.948158434173146e-06
424,rho,774.582172701949,8.04390015391827e-06
424,rho,799.651810584958,8.141976563029258e-06
424,rho,824.721448467966,8.24247411369404e-06
424,rho,849.442896935933,8.33680122069639e-06
424,kappa,300.0,2.91309523809523
424,kappa,324.857954545454,2.85
424,kappa,350.071022727272,2.78452380952381
424,kappa,374.928977272727,2.72142857142857
424,kappa,400.142045454545,2.67142857142857
424,kappa,425.0,2.625
424,kappa,449.857954545454,2.57738095238095
424,kappa,474.715909090909,2.52857142857142
424,kappa,499.573863636363,2.50714285714285
424,kappa,524.786931818181,2.48333333333333
424,kappa,550.0,2.4595238095238
424,kappa,575.568181818181,2.43809523809523
424,kappa,600.071022727272,2.43214285714285
424,kappa,624.928977272727,2.42738095238095
424,kappa,650.142045454545,2.42142857142857
424,kappa,674.644886363636,2.41666666666666
424,kappa,699.857954545454,2.43571428571428
424,kappa,725.071022727272,2.45238095238095
424,kappa,749.928977272727,2.47023809523809
424,kappa,775.142045454545,2.48809523809523
424,kappa,800.0,2.50714285714285
424,kappa,825.213068181818,2.525
424,kappa,850.071022727272,2.54642857142857
424,ZT,300.0,0.45360641139804
424,ZT,325.234318673395,0.509706144256455
424,ZT,350.108147080028,0.571148708815672
424,ZT,374.981975486661,0.635262689225289
424,ZT,399.855803893294,0.698040961709706
424,ZT,424.729632299927,0.763490650044523
424,ZT,449.963950973323,0.834283170080142
424,ZT,475.198269646719,0.907747105966162
424,ZT,500.072098053352,0.97586821015138
424,ZT,524.945926459985,1.04532502226179
424,ZT,549.819754866618,1.11878895814781
424,ZT,575.054073540014,1.19358860195903
424,ZT,599.927901946647,1.26170970614425
424,ZT,624.80173035328,1.32448797862867
424,ZT,650.036049026676,1.38993766696349
424,ZT,674.909877433309,1.4553873552983
424,ZT,699.783705839942,1.50881567230632
424,ZT,725.018024513338,1.55155832591273
424,ZT,749.891852919971,1.59162956366874
424,ZT,775.126171593367,1.63170080142475
424,ZT,800.0,1.67043633125556
424,ZT,824.873828406633,1.70917186108637
424,ZT,850.468637346791,1.74790739091718
