DOI,sample_id,YEAR,DOIlink,dbnanme,dbversion,pykeri_compatible,TF_matzt_complete,TF_mat_complete,fraction_Ts_TEPZToverTEPZTex,is_Temperature_range_valid,autoTc,autoTh,ztTc,ztTh,Tc_ofTEP,Th_ofTEP,Tc_ofZT,Th_ofZT,Tc_ofTEPZT,Th_ofTEPZT,deltaT_ofTEP,deltaT_ofZT,deltaT_ofTEPZT,avg_ZT_ofRawFig,avg_ZT_ofTEPEval,peak_ZT_ofRawFig,peak_ZT_ofTEPEval,d_Tmid,d_avgZT,d_peakZT,errdZT_Linf,errdZT_L2,errdZT_L1,is_avg_ZT_ofRawFig_positiveFinite,is_avg_ZT_ofTEPEval_positiveFinite,ispeak_ZT_ofRawFig_positiveFinite,is_peak_ZT_ofTEPEval_positiveFinite,errdZT_Linf_over_avg_ZT_ofRawFig,errdZT_Linf_over_avg_ZT_ofTEPEval,errdZT_Linf_over_peak_ZT_ofRawFig,errdZT_Linf_over_peak_ZT_ofTEPEval,cri_product_def,cri_product_1o2,cri_product_1o5
10.1038/NCHEM.955,1,2011.0,https://DOI.org/10.1038/NCHEM.955,tematdb,v1.1.6,True,True,True,0.9290780141843972,True,299.575404133415,823.294406883835,298.917016488164,862.789367554654,300.0,822.0,300.0,862.0,300.0,822.0,522.0,562.0,522.0,1.025719597709811,0.96302918137253,1.7013629470182423,1.6686115918277915,20.0,0.062690416337281,0.0327513551904508,0.0361592501043968,0.0143466095063764,0.0120330872129364,True,True,True,True,0.0352525682312513,0.0375474085352863,0.0212531077908851,0.0216702618401374,True,False,False
10.1038/nature11439,2,2012.0,https://DOI.org/10.1038/nature11439,tematdb,v1.1.6,True,True,True,0.993485342019544,True,302.117,915.035,301.290348568666,913.115298888232,304.0,914.0,302.0,912.0,304.0,912.0,610.0,610.0,608.0,1.2044201259666985,1.24235185507045,2.211960014850056,2.359835128351121,-2.0,-0.0379317291037515,-0.1478751135010654,0.1697865623711338,0.0528596246230298,0.0322715890200751,True,True,True,True,0.1409695493379927,0.1366654395678475,0.076758422951259,0.071948485015463,False,False,False
10.1038/nature06458,3,2008.0,https://DOI.org/10.1038/nature06458,tematdb,v1.1.6,,,,,,,,,,,,,,,,,,,,,,,,,,,,,,,,,,,,,False,False,False
10.1038/ncomms9144,4,2015.0,https://DOI.org/10.1038/ncomms9144,tematdb,v1.1.6,True,True,True,1.0,True,300.0,1200.0,300.0,1200.0,300.0,1200.0,300.0,1200.0,300.0,1200.0,900.0,900.0,900.0,0.8802136053215077,0.8652778469961161,1.46208,1.453887232311876,0.0,0.0149357583253916,0.0081927676881239,0.0249516214601979,0.0167020316976937,0.0152560832519274,True,True,True,True,0.0283472344773449,0.0288365425589243,0.0170658387093715,0.0171620060384748,True,True,False
10.1002/aenm.201200970,5,2013.0,https://DOI.org/10.1002/aenm.201200970,tematdb,v1.1.6,True,True,True,0.8652849740932642,True,329.4201,713.343,379.384,714.449,330.0,712.0,380.0,714.0,380.0,712.0,382.0,334.0,332.0,1.4623511997108474,1.315562191829845,2.295537857142857,2.305352080788792,26.0,0.1467890078810023,-0.009814223645935,0.0409566144815038,0.0155880064177892,0.0122594834118949,True,True,True,True,0.0280073722985301,0.0311324046372421,0.0178418379614442,0.0177658826271301,False,False,False
10.1002/adma.201501030,6,2015.0,https://DOI.org/10.1002/adma.201501030,tematdb,v1.1.6,True,True,True,0.9943019943019944,True,298.997,997.478,299.005,1000.5,300.0,996.0,300.0,1000.0,300.0,996.0,696.0,700.0,696.0,0.7291775904637187,0.7238195402284107,2.0892548211787427,2.115063909389805,2.0,0.0053580502353079,-0.0258090882110622,0.048410518781123,0.0144749981378249,0.0114877785296638,True,True,True,True,0.0663905740031539,0.066882028034013,0.0231711892155932,0.0228884425506978,True,True,False
10.1126/science.1159725,7,2008.0,https://DOI.org/10.1126/science.1159725,tematdb,v1.1.6,True,True,True,0.978902953586498,True,296.448,764.354,300.041,770.221,298.0,764.0,302.0,770.0,302.0,764.0,466.0,468.0,462.0,0.8201494683824467,0.7947549142744476,1.511151498313253,1.4614899013641736,5.0,0.0253945541079991,0.0496615969490794,0.0595703028255854,0.026002300925005,0.0200211646511185,True,True,True,True,0.0726334712416188,0.0749543057308034,0.0394204703446859,0.0407599825150907,True,False,False
10.1126/science.1092963,8,2004.0,https://DOI.org/10.1126/science.1092963,tematdb,v1.1.6,True,True,True,0.904,True,321.749,772.005,300.0,798.958,322.0,772.0,300.0,798.0,322.0,772.0,450.0,498.0,450.0,1.2958783051144993,1.3179828267173004,2.1121049173333333,2.003631179223328,2.0,-0.022104521602801,0.1084737381100051,0.1305298447077099,0.0393157311000203,0.0310677146830264,True,True,True,True,0.1007269310648554,0.0990375914326748,0.0618008336785239,0.0651466427859779,False,False,False
10.1038/am.2013.86,9,2014.0,https://DOI.org/10.1038/am.2013.86,tematdb,v1.1.6,True,True,True,0.945054945054945,True,297.749,479.442,297.581,468.84,298.0,478.0,298.0,468.0,298.0,468.0,180.0,170.0,170.0,1.1814203329204591,1.1626689482524108,1.2546314588235294,1.2683722510618884,-5.0,0.0187513846680484,-0.013740792238359,0.0304480805872524,0.0136601349971367,0.0112440205717699,True,True,True,True,0.0257724365653882,0.0261880913161209,0.0242685454546179,0.0240056344356013,True,True,False
10.1039/c5ee02979a,10,2016.0,https://DOI.org/10.1039/c5ee02979a,tematdb,v1.1.6,True,True,True,0.9932885906040269,True,306.571,899.645,304.981,901.13,308.0,898.0,306.0,900.0,308.0,898.0,590.0,594.0,590.0,1.0489094504746876,1.025051616996496,1.7515932140950348,1.7295048643923698,0.0,0.0238578334781915,0.0220883497026649,0.0700737435934544,0.0304911482781779,0.025153636263524,True,True,True,True,0.0668062849102392,0.0683611853603797,0.0400057176686758,0.0405166501905581,True,False,False
10.1039/c5ee02979a,11,2016.0,https://DOI.org/10.1039/c5ee02979a,tematdb,v1.1.6,True,True,True,0.9966329966329966,True,307.339,898.14,304.989,898.453,308.0,898.0,306.0,898.0,308.0,898.0,590.0,592.0,590.0,0.815558869879145,0.7884499141619162,1.3901540867962467,1.3328187555491682,-1.0,0.0271089557172288,0.0573353312470785,0.0643308288943165,0.0358171976842651,0.029977241240907,True,True,True,True,0.0788794423924903,0.0815915224782503,0.0462760419908368,0.0482667494184608,True,False,False
10.1126/science.aaa4166,12,2015.0,https://DOI.org/10.1126/science.aaa4166,tematdb,v1.1.6,True,True,True,1.0,True,300.0,479.726,299.371,479.874,300.0,478.0,300.0,478.0,300.0,478.0,178.0,178.0,178.0,1.4336660698709345,1.411485930557123,1.85714,1.8468809745672865,0.0,0.0221801393138112,0.0102590254327135,0.0391107463869504,0.0252455223913715,0.0228147484947051,True,True,True,True,0.0272802343648067,0.0277089169224047,0.0210596650693811,0.0211766469661716,True,True,False
10.1038/ncomms10287,13,2016.0,https://DOI.org/10.1038/ncomms10287,tematdb,v1.1.6,True,True,True,0.9828571428571428,True,305.302,650.546,300.393346782615,649.925525392842,306.0,650.0,302.0,648.0,306.0,648.0,344.0,346.0,342.0,0.6634437201845014,0.6939007854459572,0.994876033057851,1.0765383897902807,-3.0,-0.0304570652614558,-0.0816623567324297,0.0906122482074854,0.0374744258666915,0.0286288365366614,True,True,True,True,0.1365786508345975,0.1305838674750175,0.0910789336526478,0.0841700110900249,True,False,False
10.1002/aenm.201100149,14,2011.0,https://DOI.org/10.1002/aenm.201100149,tematdb,v1.1.6,True,True,True,1.0,True,302.56179999999995,522.509,302.4057,523.681,304.0,522.0,304.0,522.0,304.0,522.0,218.0,218.0,218.0,0.9790948448188098,0.9664400515490976,1.0597071248237115,1.0576010395725826,0.0,0.012654793269712,0.0021060852511289,0.0204893522760394,0.0135015713079942,0.0126547932697122,True,True,True,True,0.0209268309239552,0.0212008517685057,0.0193349198057415,0.0193734229727307,True,True,False
10.1103/PhysRevLett.108.166601,15,2012.0,https://DOI.org/10.1103/PhysRevLett.108.166601,tematdb,v1.1.6,True,True,True,0.995967741935484,True,303.274,797.033,300.494,797.497,304.0,796.0,302.0,796.0,304.0,796.0,492.0,494.0,492.0,1.0186507825822646,1.0256278749224008,1.332909227742511,1.3654889218417423,-1.0,-0.0069770923401362,-0.0325796940992313,0.0328483053997927,0.0124497919228511,0.0096906212903451,True,True,True,True,0.0322468759279041,0.0320275084199306,0.0246440678150503,0.0240560760870089,True,True,False
10.1038/am.2016.67,16,2016.0,https://DOI.org/10.1038/am.2016.67,tematdb,v1.1.6,True,True,True,1.0,True,322.815,572.579,322.296,573.39,324.0,572.0,324.0,572.0,324.0,572.0,248.0,248.0,248.0,0.9873130418657856,0.983763753586022,1.1037112932259592,1.0914866963976666,0.0,0.0035492882797636,0.0122245968282925,0.0124519194249774,0.0048718837796247,0.0038734303031015,True,True,True,True,0.0126119264072986,0.0126574285539466,0.0112818628398579,0.0114082191437364,True,True,True
10.1038/nature09996,17,2011.0,https://DOI.org/10.1038/nature09996,tematdb,v1.1.6,True,True,True,0.9927272727272728,True,299.87,847.42,301.101,849.358,300.0,846.0,302.0,848.0,302.0,846.0,546.0,546.0,544.0,0.972075545507758,0.9656234347835578,1.7532852151114782,1.779639254918565,2.0,0.0064521107242001,-0.0263540398070867,0.0280844897039209,0.0082890286199371,0.0063453348954485,True,True,True,True,0.0288912624473555,0.02908430832586,0.016018209394491,0.015781001473361,True,True,False
10.1039/c0ee00456a,18,2011.0,https://DOI.org/10.1039/c0ee00456a,tematdb,v1.1.6,True,True,True,0.995575221238938,True,300.043,750.0,298.886,750.139,302.0,750.0,300.0,750.0,302.0,750.0,448.0,450.0,448.0,0.8231278321964098,0.8392139090593105,1.4853504206103132,1.552553372229571,-1.0,-0.0160860768629006,-0.0672029516192578,0.0672029516192578,0.019494085225067,0.014009198292673,True,True,True,True,0.0816433960687922,0.0800784530544623,0.0452438365295947,0.043285437281135,True,False,False
10.1126/science.1156446,19,2008.0,https://DOI.org/10.1126/science.1156446,tematdb,v1.1.6,True,True,True,1.0,True,299.6765,524.581,298.7254,524.429,300.0,524.0,300.0,524.0,300.0,524.0,224.0,224.0,224.0,1.2369748587418126,1.2348868767013508,1.4401192292268206,1.433829873015852,0.0,0.0020879820404617,0.0062893562109684,0.021136761330188,0.0101773204040893,0.0088072715162051,True,True,True,True,0.0170874623528624,0.0171163543227934,0.0146770912444076,0.0147414708871492,True,True,False
10.1038/nature08088,20,2009.0,https://DOI.org/10.1038/nature08088,tematdb,v1.1.6,True,True,True,0.9685863874345548,True,323.266219239373,693.50445259298,323.406720741599,705.793742757821,324.0,692.0,324.0,704.0,324.0,692.0,368.0,380.0,368.0,0.4490253209429312,0.4503618034835994,1.4665956521739154,1.4688272785491892,6.0,-0.0013364825406681,-0.0022316263752737,0.0948653090851225,0.0463506559928883,0.0341933418193128,True,True,True,True,0.211269397649803,0.210642439814675,0.0646840244920302,0.064585748420212,False,False,False
10.1038/nmat1154,21,2004.0,https://DOI.org/10.1038/nmat1154,tematdb,v1.1.6,,,,,,,,,,,,,,,,,,,,,,,,,,,,,,,,,,,,,False,False,False
10.1038/35098012,22,2001.0,https://DOI.org/10.1038/35098012,tematdb,v1.1.6,,,,,,,,,,,,,,,,,,,,,,,,,,,,,,,,,,,,,False,False,False
10.1073/pnas.1403601111,23,2014.0,https://DOI.org/10.1073/pnas.1403601111,tematdb,v1.1.6,True,True,True,0.9646017699115044,True,321.362,758.673,322.311,773.87,322.0,758.0,324.0,772.0,324.0,758.0,436.0,448.0,434.0,1.1210018581702508,1.046069338391968,2.008182502621461,1.935987177783733,8.0,0.0749325197782826,0.072195324837728,0.0744377132027536,0.0462375730075539,0.0425127340862562,True,True,True,True,0.0664028455084402,0.0711594446666224,0.0370672053489079,0.0384494866789189,True,False,False
10.1038/ncomms10892,24,2016.0,https://DOI.org/10.1038/ncomms10892,tematdb,v1.1.6,,,,,,,,,,,,,,,,,,,,,,,,,,,,,,,,,,,,,False,False,False
10.1021/ja306527n,25,2012.0,https://DOI.org/10.1021/ja306527n,tematdb,v1.1.6,True,True,True,0.9936507936507936,True,303.361344537815,929.508196721311,300.898876404494,930.112359550561,304.0,928.0,302.0,930.0,304.0,928.0,624.0,628.0,624.0,0.5451543278960901,0.5423793966788647,1.3049976220672113,1.263356522037333,0.0,0.0027749312172253,0.0416411000298782,0.0783759909176434,0.0437200017201032,0.039260564228492,True,True,True,True,0.1437684466710909,0.1445039973818341,0.0600583400247811,0.0620379042261574,True,False,False
10.1021/ja301772w,26,2012.0,https://DOI.org/10.1021/ja301772w,tematdb,v1.1.6,True,True,True,1.0,True,303.903345724907,931.114551083591,303.098106712564,930.464716006884,304.0,930.0,304.0,930.0,304.0,930.0,626.0,626.0,626.0,0.6019369064742905,0.485424202732839,1.2189610389610304,1.0351524359506272,0.0,0.1165127037414515,0.1838086030104031,0.188516019217564,0.1253286517199826,0.1165127037414514,True,True,True,True,0.3131823571373185,0.3883531520601102,0.1546530308944441,0.1821142593790461,False,False,False
10.1038/nature13184,27,2014.0,https://DOI.org/10.1038/nature13184,tematdb,v1.1.6,True,True,True,0.9910979228486648,True,302.681,970.094,298.676,972.848,304.0,970.0,300.0,972.0,304.0,970.0,666.0,672.0,666.0,0.9576154382805216,0.9471712168781504,2.6167583726058967,2.6639105614414302,-1.0,0.010444221402371,-0.0471521888355335,0.2327284338114807,0.0561117875365105,0.0349571345541526,True,True,True,True,0.2430291163949529,0.2457089380086391,0.0889376857442586,0.0873634562586637,False,False,False
10.1126/science.aad3749,28,2015.0,https://DOI.org/10.1126/science.aad3749,tematdb,v1.1.6,True,True,True,0.9915254237288136,True,304.526748971193,772.839506172839,300.816326530612,773.061224489795,306.0,772.0,302.0,772.0,306.0,772.0,466.0,470.0,466.0,1.5410444719346854,1.506646524978219,2.046777863285042,2.008977221073179,-2.0,0.0343979469564663,0.037800642211863,0.078414244712794,0.0444648762658188,0.0413308825853007,True,True,True,True,0.0508838298575185,0.0520455484500106,0.0383110674193732,0.0390319232544138,True,False,False
10.1063/1.4807771,29,2013.0,https://DOI.org/10.1063/1.4807771,tematdb,v1.1.6,,,,,,,,,,,,,,,,,,,,,,,,,,,,,,,,,,,,,False,False,False
10.1063/1.4807771,30,2013.0,https://DOI.org/10.1063/1.4807771,tematdb,v1.1.6,,,,,,,,,,,,,,,,,,,,,,,,,,,,,,,,,,,,,False,False,False
10.1016/j.jssc.2006.12.010,31,2007.0,https://DOI.org/10.1016/j.jssc.2006.12.010,tematdb,v1.1.6,True,True,True,1.0,True,319.179986101459,504.663212435233,318.905472636815,504.975124378109,320.0,504.0,320.0,504.0,320.0,504.0,184.0,184.0,184.0,0.7471637982319813,0.746226088001313,0.8556263298321453,0.8543622602550182,0.0,0.0009377102306683,0.0012640695771271,0.0020121572356998,0.0010716158641039,0.000949415673826,True,True,True,True,0.0026930603978152,0.0026964445066362,0.0023516775554283,0.0023551569741612,True,True,True
10.1016/j.jallcom.2007.05.063,32,2008.0,https://DOI.org/10.1016/j.jallcom.2007.05.063,tematdb,v1.1.6,True,True,True,1.0,True,319.691,533.2265812650136,318.13,533.31,320.0,532.0,320.0,532.0,320.0,532.0,212.0,212.0,212.0,0.7568141634127707,0.7515941357054796,0.8630068051768766,0.8586792369204652,0.0,0.0052200277072911,0.0043275682564113,0.0121723475823525,0.005925905233217,0.0053303330988655,True,True,True,True,0.0160836677890152,0.0161953732793923,0.0141045789086886,0.0141756631102517,True,True,True
10.3938/jkps.66.1726,33,2015.0,https://DOI.org/10.3938/jkps.66.1726,tematdb,v1.1.6,True,True,True,1.0,True,322.943,522.747,323.131,523.067,324.0,522.0,324.0,522.0,324.0,522.0,198.0,198.0,198.0,0.6686425590159754,0.6806453545202674,0.7287410215128938,0.7433128012797604,0.0,-0.012002795504292,-0.0145717797668666,0.0214816608027224,0.0133043771544091,0.0120027955042921,True,True,True,True,0.0321272711601493,0.031560724920929,0.0294777707972657,0.0288998935115034,True,True,False
10.1063/1.3427427,34,2010.0,https://DOI.org/10.1063/1.3427427,tematdb,v1.1.6,True,True,True,1.0,True,302.9594,512.7439999999999,303.189,512.843,304.0,512.0,304.0,512.0,304.0,512.0,208.0,208.0,208.0,1.3769248256840247,1.37013716395176,1.8010877654145547,1.7840280627866432,0.0,0.0067876617322648,0.0170597026279115,0.0183978922637193,0.0081857142631069,0.007227488150255,True,True,True,True,0.0133615807635538,0.0134277740563258,0.0102148782624619,0.010312557659537,True,True,True
10.1039/c3ra23197f,35,2013.0,https://DOI.org/10.1039/c3ra23197f,tematdb,v1.1.6,True,True,True,0.9587628865979382,True,324.117,511.756,316.916,511.789,326.0,510.0,318.0,510.0,326.0,510.0,184.0,192.0,184.0,0.3097639040905994,0.330946660467033,0.4797684578281282,0.5268282452546417,-4.0,-0.0211827563764336,-0.0470597874265134,0.0470597874265134,0.0195857179513232,0.0144864170564525,True,True,True,True,0.151921469238551,0.1421974990172208,0.0980885397084026,0.0893266218172626,True,False,False
https://api.semanticscholar.org/CorpusID:137891673,36,2014.0,https://DOI.org/https://api.semanticscholar.org/CorpusID:137891673,tematdb,v1.1.6,True,True,True,1.0,True,301.296,400.312,300.675,400.745,302.0,400.0,302.0,400.0,302.0,400.0,98.0,98.0,98.0,1.2882797485579376,1.2810439060718068,1.4173684092180905,1.40855484916725,0.0,0.0072358424861307,0.0088135600508405,0.0097944051403553,0.0074909832681916,0.0072358424861308,True,True,True,True,0.0076027005402506,0.0076456435988903,0.0069102747575406,0.006953513486639,True,True,True
10.1002/aenm.201401391,37,2014.0,https://DOI.org/10.1002/aenm.201401391,tematdb,v1.1.6,True,True,True,1.0,True,300.228,500.0,300.286,500.874,302.0,500.0,302.0,500.0,302.0,500.0,198.0,198.0,198.0,0.9609767301786972,0.9573806600449868,1.2259229219562957,1.2284807006253835,0.0,0.0035960701337104,-0.0025577786690877,0.0114806028890706,0.0056503432865677,0.0047280449698364,True,True,True,True,0.0119468063362322,0.0119916803923437,0.0093648651831635,0.0093453669098962,True,True,True
10.1002/aenm.201500411,38,2015.0,https://DOI.org/10.1002/aenm.201500411,tematdb,v1.1.6,True,True,True,1.0,True,299.282,530.312,298.948,531.018,300.0,530.0,300.0,530.0,300.0,530.0,230.0,230.0,230.0,1.0175021356495573,1.0157013305788494,1.1868629728601252,1.1947101619217488,0.0,0.0018008050707079,-0.0078471890616236,0.0152358672284327,0.0055259161585043,0.0040647674287246,True,True,True,True,0.0149737938571562,0.0150003419014424,0.012837090360749,0.012752772776223,True,True,True
10.1007/s11664-012-2280-6,39,2013.0,https://DOI.org/10.1007/s11664-012-2280-6,tematdb,v1.1.6,True,True,True,0.9850746268656716,True,310.07,442.958,309.366,443.451,312.0,442.0,310.0,442.0,312.0,442.0,130.0,132.0,130.0,1.253003887991654,1.2444484903623465,1.4700610653643875,1.4631503760354267,-1.0,0.0085553976293075,0.0069106893289607,0.0115000082758465,0.0060900301849439,0.0055271966220352,True,True,True,True,0.0091779509912607,0.0092410480344574,0.0078228099136793,0.007859758275159,True,True,True
10.1039/c3ta12623d,40,2013.0,https://DOI.org/10.1039/c3ta12623d,tematdb,v1.1.6,True,True,True,0.978021978021978,True,300.0,479.094,301.141,480.803,300.0,478.0,302.0,480.0,302.0,478.0,178.0,178.0,176.0,0.7399642290871248,0.753275399985738,0.7999155466620063,0.8031725432310417,2.0,-0.0133111708986132,-0.0032569965690354,0.0254905174213183,0.0153604701494622,0.0139745292345897,True,True,True,True,0.0344483103632798,0.033839572381895,0.0318665108181589,0.0317372868833063,True,True,False
10.1002/adfm.201402663,41,2015.0,https://DOI.org/10.1002/adfm.201402663,tematdb,v1.1.6,True,True,True,1.0,True,298.396,472.765,298.022,472.995,300.0,472.0,300.0,472.0,300.0,472.0,172.0,172.0,172.0,0.4806436583943353,0.480766232486687,0.7658911611022788,0.761234637170931,0.0,-0.0001225740923516,0.0046565239313478,0.0060982983720656,0.0018956794751381,0.0013391323383856,True,True,True,True,0.0126877745405774,0.0126845397201113,0.0079623563787952,0.008011062653073,True,True,True
10.1063/1.1863440,42,2005.0,https://DOI.org/10.1063/1.1863440,tematdb,v1.1.6,True,True,True,0.99,True,308.446,507.798,307.771,507.904,310.0,506.0,308.0,506.0,310.0,506.0,196.0,198.0,196.0,0.8990364829954445,0.8894639254340285,1.0087684735481304,1.0062136136574136,-1.0,0.0095725575614159,0.0025548598907167,0.0237595223793359,0.0132099880210341,0.0117356608163503,True,True,True,True,0.0264277621973394,0.0267121821357084,0.0235529985347052,0.0236128015531157,True,True,False
10.3365/eml.2010.12.201,43,2010.0,https://DOI.org/10.3365/eml.2010.12.201,tematdb,v1.1.6,True,True,True,1.0,True,322.923,572.727,322.826,573.098,324.0,572.0,324.0,572.0,324.0,572.0,248.0,248.0,248.0,0.9247596717170136,0.905696757850272,1.203484218304843,1.1775443677562167,0.0,0.0190629138667416,0.0259398505486263,0.0275824230393739,0.0199046216237782,0.0190629138667416,True,True,True,True,0.0298265850933587,0.030454368750135,0.0229188074258463,0.0234236804953104,True,True,False
10.1007/s11664-012-2356-3,44,2012.0,https://DOI.org/10.1007/s11664-012-2356-3,tematdb,v1.1.6,True,True,True,0.9801980198019802,True,321.158,520.256,319.265,519.368,322.0,520.0,320.0,518.0,322.0,518.0,198.0,198.0,196.0,1.0714299515401864,1.064179859592569,1.229782129718048,1.222780068300915,-2.0,0.007250091947617,0.0070020614171331,0.0173465306773747,0.0098975825872132,0.0083039591519303,True,True,True,True,0.0161900744443806,0.0163003749046858,0.014105368957794,0.0141861411770296,True,True,True
10.1039/c3ce40643a,45,2013.0,https://DOI.org/10.1039/c3ce40643a,tematdb,v1.1.6,True,True,True,0.9651162790697676,True,298.947,464.561,296.842,468.772,300.0,464.0,298.0,468.0,300.0,464.0,164.0,170.0,164.0,0.2175158243581148,0.2176546842381343,0.2440548572415579,0.2420345674187199,1.0,-0.0001388598800194,0.002020289822838,0.0049006702917859,0.0020878801245072,0.0016872397322939,True,True,True,True,0.0225301782352974,0.0225158043758166,0.0200801997844912,0.0202478114760682,True,True,True
10.1021/nl101156v,46,2010.0,https://DOI.org/10.1021/nl101156v,tematdb,v1.1.6,True,True,True,0.9912280701754386,True,297.7979,523.636,296.6242,525.497,298.0,522.0,298.0,524.0,298.0,522.0,224.0,226.0,224.0,0.8959569829391736,0.8914907554251311,1.0362489636752927,1.0475391524151654,1.0,0.0044662275140424,-0.0112901887398726,0.019582733532695,0.0113422249251194,0.0103342413714753,True,True,True,True,0.0218567787355751,0.021966277735944,0.0188977110898527,0.0186940349556824,True,True,True
10.1007/s11664-013-2822-6,47,2013.0,https://DOI.org/10.1007/s11664-013-2822-6,tematdb,v1.1.6,True,True,True,0.99009900990099,True,323.692,522.868,321.45,523.71,324.0,522.0,322.0,522.0,324.0,522.0,198.0,200.0,198.0,0.8324753720033083,0.8341205552998988,0.8919583748760265,0.8956184958703047,-1.0,-0.0016451832965904,-0.0036601209942782,0.0067128342465897,0.0024195924077701,0.0020860405897601,True,True,True,True,0.0080637031104423,0.0080477986112885,0.0075259501291445,0.0074951938549087,True,True,True
10.3938/jkps.64.1416,48,2014.0,https://DOI.org/10.3938/jkps.64.1416,tematdb,v1.1.6,True,True,True,1.0,True,322.608,523.132,322.611,522.93,324.0,522.0,324.0,522.0,324.0,522.0,198.0,198.0,198.0,0.5621439390767752,0.5648149689167531,0.596997682,0.602648867824875,0.0,-0.0026710298399779,-0.005651185824875,0.008566377413107,0.0041566143729907,0.0035770588817151,True,True,True,True,0.0152387614943885,0.0151666968556735,0.0143490966068894,0.0142145416186136,True,True,True
10.3938/jkps.65.696,49,2014.0,https://DOI.org/10.3938/jkps.65.696,tematdb,v1.1.6,True,True,True,1.0,True,322.75,522.767,322.202,523.168,324.0,522.0,324.0,522.0,324.0,522.0,198.0,198.0,198.0,1.0687699010048626,1.0772643788200775,1.137301694255112,1.1773468435826435,0.0,-0.0084944778152149,-0.0400451493275315,0.0400451493275315,0.0170398252817738,0.0127149172281329,True,True,True,True,0.0374684478762743,0.0371730005325088,0.0352106653228539,0.0340130434338915,True,True,False
10.1007/s11664-014-3485-7,50,2014.0,https://DOI.org/10.1007/s11664-014-3485-7,tematdb,v1.1.6,,,,,,,,,,,,,,,,,,,,,,,,,,,,,,,,,,,,,False,False,False
10.3938/jkps.64.1692,51,2014.0,https://DOI.org/10.3938/jkps.64.1692,tematdb,v1.1.6,True,True,True,0.99009900990099,True,322.861,522.345,321.687,522.443,324.0,522.0,322.0,522.0,324.0,522.0,198.0,200.0,198.0,0.8360211355388261,0.8411048198209602,0.9016736216322362,0.8952185918305435,-1.0,-0.0050836842821341,0.0064550298016926,0.0261640769658458,0.0135799983348326,0.011231570443934,True,True,True,True,0.031295951565845,0.0311067970950579,0.0290172367674268,0.0292264673730083,True,True,False
10.1002/aenm.201100338,52,2011.0,https://DOI.org/10.1002/aenm.201100338,tematdb,v1.1.6,True,True,True,1.0,True,303.1442,422.846,302.8046,423.011,304.0,422.0,304.0,422.0,304.0,422.0,118.0,118.0,118.0,0.4317268591111388,0.4322189595305899,0.4523817485497213,0.4522061755362058,0.0,-0.000492100419451,0.0001755730135155,0.0016848425047581,0.0007497597531391,0.0006037830091552,True,True,True,True,0.0039025658682136,0.0038981226242088,0.0037243821399947,0.0037258281640236,True,True,True
10.1063/1.4749806,53,2012.0,https://DOI.org/10.1063/1.4749806,tematdb,v1.1.6,True,True,True,0.990909090909091,True,307.27,525.887,307.009,526.635,308.0,524.0,308.0,526.0,308.0,524.0,216.0,218.0,216.0,0.8136465547493802,0.846160917472273,0.869643,0.904710631660691,1.0,-0.0325143627228927,-0.0350676316606909,0.049472567075196,0.0319049421718241,0.031303210613278,True,True,True,True,0.0608035107952182,0.0584670906604679,0.0568883634723629,0.0546833046323154,True,True,False
10.1002/adma.201203764,54,2013.0,https://DOI.org/10.1002/adma.201203764,tematdb,v1.1.6,True,True,True,1.0,True,305.393,479.341,304.462,479.716,306.0,478.0,306.0,478.0,306.0,478.0,172.0,172.0,172.0,0.6447689311560741,0.64106446313478,0.7056697185332012,0.7029108346307648,0.0,0.003704468021294,0.0027588839024363,0.007924114840372,0.004501598200861,0.0038478363729274,True,True,True,True,0.0122898521586082,0.0123608705458783,0.0112292119560451,0.0112732859560125,True,True,True
10.3390/ma8030959,55,2015.0,https://DOI.org/10.3390/ma8030959,tematdb,v1.1.6,True,True,True,0.9782608695652174,True,302.305,483.954,302.693,486.858,304.0,482.0,304.0,486.0,304.0,482.0,178.0,182.0,178.0,0.9480567707016048,0.9480570236235824,1.0972052279544091,1.0914872882080822,2.0,-2.5292197780579784e-07,0.0057179397463269,0.0292117440641269,0.0131414635243692,0.0094926248921923,True,True,True,True,0.0308122308356164,0.0308122226155514,0.0266237740396008,0.0267632471579989,True,True,False
10.1063/1.4916947,56,2015.0,https://DOI.org/10.1063/1.4916947,tematdb,v1.1.6,True,True,True,0.9836065573770492,True,84.0906,324.735,82.8027,327.675,86.0,324.0,84.0,326.0,86.0,324.0,238.0,242.0,238.0,0.5926778501954714,0.6019059091874792,0.9625348227313166,0.9577813743639756,0.0,-0.0092280589920078,0.004753448367341,0.047882275686541,0.0156987093738698,0.0097887057245543,True,True,True,True,0.0807897168263483,0.0795510975314695,0.0497460191109438,0.049992907534183,True,True,False
10.1063/1.4916947,57,2015.0,https://DOI.org/10.1063/1.4916947,tematdb,v1.1.6,True,True,True,0.9921259842519684,True,84.0541,337.772,85.0543,339.402,86.0,336.0,86.0,338.0,86.0,336.0,250.0,252.0,250.0,0.5382452237287405,0.5433660059058043,1.0283408932076197,1.0436403740199736,1.0,-0.0051207821770637,-0.0152994808123538,0.0296200276542202,0.0132739407143566,0.0103437977731179,True,True,True,True,0.0550307301363956,0.0545121103129057,0.0288037049288479,0.0283814505375329,True,True,False
10.1039/c5tc02219c,58,2015.0,https://DOI.org/10.1039/c5tc02219c,tematdb,v1.1.6,,,,,,,,,,,,,,,,,,,,,,,,,,,,,,,,,,,,,False,False,False
10.1038/srep03212,59,2013.0,https://DOI.org/10.1038/srep03212,tematdb,v1.1.6,True,True,True,0.9823008849557522,True,22.3116313094367,466.498559077809,21.4117,472.265,24.0,466.0,22.0,472.0,24.0,466.0,442.0,450.0,442.0,0.4737999442674122,0.4424706702577162,0.9424044264857436,0.9071826773292612,2.0,0.0313292740096959,0.0352217491564824,0.0798112524360608,0.036017062460055,0.0286271315879091,True,True,True,True,0.1684492651417776,0.1803763679738927,0.084688961758891,0.0879770463331867,True,False,False
10.1039/c4nr00191e,60,2014.0,https://DOI.org/10.1039/c4nr00191e,tematdb,v1.1.6,True,True,True,0.992063492063492,True,47.626,299.456,49.0644,299.448,48.0,298.0,50.0,298.0,50.0,298.0,250.0,248.0,248.0,0.1298273374665215,0.127767200444221,0.310977117798935,0.3101955674812833,1.0,0.0020601370223004,0.0007815503176517,0.0044348675188715,0.0018403108342588,0.0014675974938594,True,True,True,True,0.0341597355796903,0.034710532151072,0.0142610734521599,0.0142970048053287,True,True,True
10.1109/ICT.2003.1287440,61,2003.0,https://DOI.org/10.1109/ICT.2003.1287440,tematdb,v1.1.6,,,,,,,,,,,,,,,,,,,,,,,,,,,,,,,,,,,,,False,False,False
10.1021/nl203389x,62,2012.0,https://DOI.org/10.1021/nl203389x,tematdb,v1.1.6,True,True,True,0.98,True,300.085,400.0,301.483,399.897,302.0,400.0,302.0,398.0,302.0,398.0,98.0,96.0,96.0,0.5323352708249459,0.5455337920056726,0.6143636439512477,0.6385739460971399,-1.0,-0.0131985211807267,-0.0242103021458922,0.0200684675760768,0.0130954296134104,0.0112997425257987,True,True,True,True,0.0376989252374302,0.0367868459665797,0.0326654543667452,0.031427006533436,True,True,False
10.1016/j.jallcom.2013.03.062,63,2013.0,https://DOI.org/10.1016/j.jallcom.2013.03.062,tematdb,v1.1.6,True,True,True,0.9927007299270072,True,299.721,571.634,298.462,573.333,300.0,570.0,300.0,572.0,300.0,570.0,270.0,272.0,270.0,0.7452207443484631,0.7529447074314859,1.143378197659945,1.153975191341035,1.0,-0.0077239630830228,-0.0105969936810899,0.0155295527402733,0.0067257103205419,0.0055247994117638,True,True,True,True,0.0208388626565282,0.0206250905106288,0.0135821662264125,0.0134574407290562,True,True,True
10.1021/nl2034859,64,2012.0,https://DOI.org/10.1021/nl2034859,tematdb,v1.1.6,True,True,True,0.98,True,8.360885,304.185161699429,4.763,303.696,10.0,304.0,6.0,302.0,10.0,302.0,294.0,296.0,292.0,0.1781734291903521,0.1434823219165426,0.5458085139977602,0.4266130750735337,-3.0,0.0346911072738095,0.1191954389242265,0.1257204098957307,0.0549103888067741,0.0390025063305626,True,True,True,True,0.7056069497400584,0.8762083594441463,0.2303379421015162,0.2946942258487054,False,False,False
10.1039/c4ta01554a,65,2014.0,https://DOI.org/10.1039/c4ta01554a,tematdb,v1.1.6,True,True,True,0.984126984126984,True,300.0,548.382,300.714,550.714,300.0,548.0,302.0,550.0,302.0,548.0,248.0,248.0,246.0,0.9821904172497362,0.9866922467155582,1.276235198,1.2737528114137655,2.0,-0.004501829465822,0.0024823865862344,0.0093260334027458,0.0037982567560012,0.0031269033988766,True,True,True,True,0.0094951378459382,0.009451815835981,0.0073074566642267,0.007321697992874,True,True,True
10.1063/1.2425007,66,2007.0,https://DOI.org/10.1063/1.2425007,tematdb,v1.1.6,True,True,True,1.0,True,300.484,419.587,300.396,419.863,302.0,418.0,302.0,418.0,302.0,418.0,116.0,116.0,116.0,1.2404445076218138,1.242505666399411,1.3582211233370012,1.3746204850388537,0.0,-0.0020611587775971,-0.0163993617018525,0.0209147450158098,0.0089188216247544,0.0073172529376973,True,True,True,True,0.01686068573588,0.0168327160039579,0.0153986303529314,0.0152149231321972,True,True,False
10.1088/0957-4484/24/28/285702,67,2013.0,https://DOI.org/10.1088/0957-4484/24/28/285702,tematdb,v1.1.6,True,True,True,1.0,True,300.0,498.889,300.0,499.457,300.0,498.0,300.0,498.0,300.0,498.0,198.0,198.0,198.0,1.0248571871781735,1.0191634341063265,1.159146464920351,1.1522378823146977,0.0,0.0056937530718472,0.0069085826056531,0.014512418736668,0.0074464623014061,0.0065287624734845,True,True,True,True,0.0141604302709008,0.0142395402454696,0.0125199180395768,0.0125949849066882,True,True,True
10.1002/pssa.201228589,68,2013.0,https://DOI.org/10.1002/pssa.201228589,tematdb,v1.1.6,True,True,True,1.0,True,372.605,472.889,372.825,473.317,374.0,472.0,374.0,472.0,374.0,472.0,98.0,98.0,98.0,0.6675026517354767,0.6583187266731453,0.8491666547857432,0.840663226149171,0.0,0.0091839250623314,0.0085034286365721,0.0228233553188641,0.0109006501660105,0.009205391032234,True,True,True,True,0.0341921567794891,0.0346691570422178,0.0268773569831505,0.0271492252889556,True,True,False
10.1103/PhysRevB.90.085118,69,2014.0,https://DOI.org/10.1103/PhysRevB.90.085118,tematdb,v1.1.6,True,True,True,0.7866666666666666,True,124.107866061082,361.875806145125,99.5062,399.552,126.0,360.0,100.0,398.0,126.0,360.0,234.0,298.0,234.0,0.3140434273288404,0.4067401224106475,0.4611987973505119,0.5104076984507215,6.0,-0.0926966950818071,-0.0492089011002096,0.0834581080040587,0.0492879417897488,0.0461468542360337,True,True,True,True,0.2657533982288005,0.2051877929067417,0.1809590755299182,0.1635126355997085,False,False,False
10.1103/PhysRevB.85.125207,70,2012.0,https://DOI.org/10.1103/PhysRevB.85.125207,tematdb,v1.1.6,True,True,True,0.8546255506607929,True,186.082,574.113,121.158,575.501,188.0,574.0,122.0,574.0,188.0,574.0,386.0,452.0,386.0,0.3910685192395848,0.4003713828953308,0.5543503800086703,0.5386048794943347,-33.0,-0.009302863655746,0.0157455005143356,0.1106303261586862,0.0461804640989797,0.0377854047644215,True,True,True,True,0.2828924362763895,0.2763192647752459,0.1995675120795551,0.2054016411112925,False,False,False
10.1021/nl202935k,71,2012.0,https://DOI.org/10.1021/nl202935k,tematdb,v1.1.6,True,True,True,1.0,True,300.146,400.286,300.349,400.404,302.0,400.0,302.0,400.0,302.0,400.0,98.0,98.0,98.0,0.770760636440497,0.7738678618858786,0.9536436497835896,0.9555020006308356,0.0,-0.0031072254453816,-0.0018583508472459,0.0156814521757933,0.0075215710251582,0.0059084901826757,True,True,True,True,0.0203454242917916,0.0202637335753656,0.0164437231657253,0.0164117418544808,True,True,True
10.1002/adfm.201600718,72,2016.0,https://DOI.org/10.1002/adfm.201600718,tematdb,v1.1.6,True,True,True,0.992063492063492,True,301.225,550.375,298.464,550.211,302.0,550.0,300.0,550.0,302.0,550.0,248.0,250.0,248.0,0.2547899670731178,0.2618345378523786,0.2903433801924524,0.297859701947158,-1.0,-0.0070445707792608,-0.0075163217547055,0.0135628501528773,0.0077812216384847,0.0068485332127919,True,True,True,True,0.0532314922313449,0.0517993167139928,0.0467131371959892,0.0455343574985629,True,True,False
10.1111/j.1551-2916.2012.05284.x,73,2012.0,https://DOI.org/10.1111/j.1551-2916.2012.05284.x,tematdb,v1.1.6,True,True,True,0.988950276243094,True,326.382,1047.7,330.769,1050.77,328.0,1046.0,332.0,1050.0,332.0,1046.0,718.0,718.0,714.0,0.1585629346551095,0.1406908048862758,0.3956104643838395,0.3797410021012236,4.0,0.0178721297688337,0.0158694622826159,0.0267470015632051,0.0174980381962041,0.0158971702736196,True,True,True,True,0.16868382022181,0.1901119379111195,0.0676094390093127,0.0704348527422788,True,False,False
10.1016/j.jallcom.2013.03.167,74,2013.0,https://DOI.org/10.1016/j.jallcom.2013.03.167,tematdb,v1.1.6,True,True,True,1.0,True,303.079,472.446,302.727,473.117,304.0,472.0,304.0,472.0,304.0,472.0,168.0,168.0,168.0,0.4322642718382132,0.433233335882604,0.4788368515301086,0.480440606988217,0.0,-0.0009690640443908,-0.0016037554581084,0.0033135160883412,0.0014611660707447,0.0012949264279884,True,True,True,True,0.0076654868426911,0.0076483405451495,0.0069199270644125,0.0068968277038717,True,True,True
10.1063/1.4893236,75,2014.0,https://DOI.org/10.1063/1.4893236,tematdb,v1.1.6,True,True,True,0.9950738916256158,True,305.381,710.762,306.241,710.78,306.0,710.0,308.0,710.0,308.0,710.0,404.0,402.0,402.0,0.4852700628657175,0.4910286944205788,0.7455770059095528,0.7595075406117195,1.0,-0.0057586315548612,-0.0139305347021667,0.0290563075605488,0.0129893162691456,0.0101044053419253,True,True,True,True,0.0598765713857548,0.0591743576102731,0.0389715714543827,0.0382567729836447,True,True,False
10.1021/nn2017183,76,2011.0,https://DOI.org/10.1021/nn2017183,tematdb,v1.1.6,True,True,True,0.8711656441717791,True,306.526,596.769,313.982,632.803,308.0,596.0,314.0,632.0,314.0,596.0,288.0,318.0,282.0,0.1193993376541869,0.0706097770800669,0.3579478208887886,0.3391567873244407,21.0,0.0487895605741199,0.0187910335643479,0.1335797550996725,0.0529553751885624,0.0332607832423179,True,True,True,True,1.1187646240262736,1.8918025325048349,0.3731821994836913,0.3938584162017339,False,False,False
10.1021/cm803437x,77,2009.0,https://DOI.org/10.1021/cm803437x,tematdb,v1.1.6,True,True,True,1.0,True,288.211,724.469,288.496,724.779,290.0,724.0,290.0,724.0,290.0,724.0,434.0,434.0,434.0,0.6798361650106712,0.7055408308557863,1.2268814889422497,1.3149378106818204,0.0,-0.0257046658451151,-0.0880563217395706,0.104020034450514,0.0489002419857191,0.0320995446817714,True,True,True,True,0.1530075035782793,0.1474330469639054,0.0847840931565398,0.0791064289166478,False,False,False
10.1021/ja910762q,78,2010.0,https://DOI.org/10.1021/ja910762q,tematdb,v1.1.6,True,True,True,0.985781990521327,True,298.239,715.888,295.439,717.301,300.0,714.0,296.0,716.0,300.0,714.0,414.0,420.0,414.0,0.7207041285261491,0.6942891693536171,1.1334256724107648,1.1000326000958285,-1.0,0.026414959172532,0.0333930723149362,0.0676164630528454,0.0351736442297734,0.0292958575233567,True,True,True,True,0.0938200023789541,0.0973894827076106,0.0596567244758335,0.0614676901820501,True,False,False
10.1039/c3ee40482j,79,2013.0,https://DOI.org/10.1039/c3ee40482j,tematdb,v1.1.6,True,True,True,1.0,True,306.427,812.767,307.453,813.043,308.0,812.0,308.0,812.0,308.0,812.0,504.0,504.0,504.0,1.013919980158455,1.07228161401009,1.6418100432691338,1.8192843216396648,0.0,-0.058361633851635,-0.1774742783705309,0.1851720038936155,0.0855089848818633,0.0664276684351458,True,True,True,True,0.1826298006916452,0.1726897127342454,0.1127852790599973,0.1017828833520236,False,False,False
10.1103/PhysRevB.82.115209,80,2010.0,https://DOI.org/10.1103/PhysRevB.82.115209,tematdb,v1.1.6,True,True,True,0.9282051282051282,True,302.0,687.887,324.309,690.055,302.0,686.0,326.0,690.0,326.0,686.0,384.0,364.0,360.0,0.6983688508302813,0.6435680973675916,1.2668235354529,1.2905954062831548,14.0,0.0548007534626897,-0.0237718708302547,0.1062627154250592,0.0295451267702268,0.0181043343265474,True,True,True,True,0.152158440770554,0.165114951874882,0.0838812292724491,0.0823361953000361,False,False,False
10.1103/PhysRevB.83.195209,81,2011.0,https://DOI.org/10.1103/PhysRevB.83.195209,tematdb,v1.1.6,True,True,True,0.9651898734177216,True,305.535055350553,914.566929133858,304.946996466431,937.667844522968,306.0,914.0,306.0,936.0,306.0,914.0,608.0,630.0,608.0,0.6095442240714198,0.6908209485495805,0.930383275261324,1.0894545411499168,11.0,-0.0812767244781607,-0.1590712658885927,0.1717637075503578,0.1050168833107052,0.0927741289947496,True,True,True,True,0.2817903948019897,0.2486370859351991,0.1846160739530848,0.1576602795827182,False,False,False
10.1007/s11664-013-2500-8,82,2013.0,https://DOI.org/10.1007/s11664-013-2500-8,tematdb,v1.1.6,,,,,,,,,,,,,,,,,,,,,,,,,,,,,,,,,,,,,False,False,False
10.1007/s11664-013-2819-1,83,2013.0,https://DOI.org/10.1007/s11664-013-2819-1,tematdb,v1.1.6,True,True,True,0.9933774834437086,True,420.241,722.169,422.554,723.27,422.0,722.0,424.0,722.0,424.0,722.0,300.0,298.0,298.0,0.5725681431757627,0.5822023143494772,0.7875934642857144,0.7944345660070183,1.0,-0.0096341711737145,-0.0068411017213039,0.0258618869746222,0.0134013103832908,0.0111455192619359,True,True,True,True,0.0451682254468064,0.0444207903974393,0.032836594191493,0.0325538289510853,True,True,False
10.1063/1.4890320,84,2014.0,https://DOI.org/10.1063/1.4890320,tematdb,v1.1.6,True,True,True,0.8545454545454545,True,310.0,778.182,298.852,849.773,310.0,778.0,300.0,848.0,310.0,778.0,468.0,548.0,468.0,0.3949748733769229,0.3485425023441056,0.8157500988581609,0.647718824682298,30.0,0.0464323710328172,0.1680312741758628,0.0177372052733562,0.0083560741333113,0.0069184294840586,True,True,True,True,0.0449071737695824,0.0508896480459788,0.0217434301242301,0.0273841126696545,False,False,False
10.1039/c5ee01147g,85,2015.0,https://DOI.org/10.1039/c5ee01147g,tematdb,v1.1.6,True,True,True,0.9967741935483873,True,302.23,922.489,302.174,921.739,304.0,922.0,304.0,920.0,304.0,920.0,618.0,616.0,616.0,1.460850648178731,1.4387296116287571,2.2781829998000003,2.2551436477896702,-1.0,0.0221210365499735,0.02303935201033,0.1038719604587714,0.0413461158398614,0.0334713594784956,True,True,True,True,0.0711037508100301,0.0721969990880913,0.0455942127861942,0.0460600195293897,False,False,False
10.1016/j.jssc.2009.07.004,86,2009.0,https://DOI.org/10.1016/j.jssc.2009.07.004,tematdb,v1.1.6,True,True,True,0.972972972972973,True,85.0,300.0,80.0,300.0,86.0,300.0,80.0,300.0,86.0,300.0,214.0,220.0,214.0,0.0925723909549549,0.092270899650443,0.272607,0.2676702368038282,-3.0,0.0003014913045119,0.0049367631961718,0.0097865589193676,0.0034396399397439,0.0027734049051324,True,True,True,True,0.1057179016163659,0.1060633304372545,0.0358998812186322,0.0365619989589657,True,False,False
10.1063/1.3517088,87,2010.0,https://DOI.org/10.1063/1.3517088,tematdb,v1.1.6,True,True,True,0.98989898989899,True,327.143,720.714,328.355,723.409,328.0,720.0,330.0,722.0,330.0,720.0,392.0,392.0,390.0,0.371162105607918,0.3804595078188567,0.6142958225049817,0.6081851235890665,2.0,-0.0092974022109386,0.0061106989159152,0.0313174302044301,0.013441620849893,0.0123460936469105,True,True,True,True,0.084376690753858,0.0823147524528178,0.0509810242184678,0.051493252612983,True,True,False
10.1007/s11664-013-2832-4,88,2013.0,https://DOI.org/10.1007/s11664-013-2832-4,tematdb,v1.1.6,True,True,True,0.9955555555555556,True,322.598,770.833,322.788,773.19,324.0,770.0,324.0,772.0,324.0,770.0,446.0,448.0,446.0,0.5874920295559192,0.575019269042448,1.0610036247987749,1.0634486688318137,1.0,0.0124727605134711,-0.0024450440330388,0.0430201453233332,0.0175225162304004,0.0151033214171886,True,True,True,True,0.0732267727203921,0.0748151368822345,0.0405466525446529,0.0404534290974197,True,True,False
10.1016/j.jallcom.2015.03.117,89,2015.0,https://DOI.org/10.1016/j.jallcom.2015.03.117,tematdb,v1.1.6,True,True,True,0.9933333333333332,True,301.378,599.882,299.224,599.882,302.0,598.0,300.0,598.0,302.0,598.0,296.0,298.0,296.0,0.6794363625459544,0.6735205486577542,1.0223717609149678,1.0267030616585062,-1.0,0.0059158138882001,-0.0043313007435383,0.0279536039065285,0.0134704967638922,0.0110680529373133,True,True,True,True,0.0411423430470838,0.0415037135277263,0.0273419170747747,0.0272265710997034,True,True,False
10.1021/nl400319u,90,2013.0,https://DOI.org/10.1021/nl400319u,tematdb,v1.1.6,True,True,True,0.9933774834437086,True,319.949,620.437,320.764,620.408,320.0,620.0,322.0,620.0,322.0,620.0,300.0,298.0,298.0,0.7580719165990344,0.7571782289191568,1.2034691387579173,1.1958890810929426,1.0,0.0008936876798776,0.0075800576649747,0.0431884121047385,0.0133117084479721,0.0100775715752289,True,True,True,True,0.0569713917097685,0.0570386343072599,0.0358865970998746,0.0361140617366185,True,True,False
10.1103/PhysRevB.87.045203,91,2013.0,https://DOI.org/10.1103/PhysRevB.87.045203,tematdb,v1.1.6,True,True,True,0.9904306220095692,True,324.718,739.602649006623,323.673,741.968,326.0,738.0,324.0,740.0,326.0,738.0,412.0,416.0,412.0,0.8646235443429767,0.8691331553327036,1.5652054067751402,1.5818458922837262,0.0,-0.0045096109897269,-0.0166404855085859,0.0546666258126673,0.0223246391914984,0.0162510386563227,True,True,True,True,0.0632259278275937,0.0628978718361526,0.0349261672468275,0.0345587557418407,True,False,False
10.1039/c5tc03068d,92,2015.0,https://DOI.org/10.1039/c5tc03068d,tematdb,v1.1.6,True,True,True,0.9458483754512635,True,305.0,828.333,298.911,852.139,306.0,828.0,300.0,852.0,306.0,828.0,522.0,552.0,522.0,0.9958801913129848,0.931685042747048,1.7116133084029916,1.5757949212230475,9.0,0.0641951485659367,0.1358183871799441,0.2173398957277872,0.0938060642127576,0.0679714027599685,True,True,True,True,0.2182389986502721,0.2332761456457071,0.12697955470478,0.1379239727204474,False,False,False
10.1103/PhysRevB.87.144104,93,2013.0,https://DOI.org/10.1103/PhysRevB.87.144104,tematdb,v1.1.6,,,,,,,,,,,,,,,,,,,,,,,,,,,,,,,,,,,,,False,False,False
10.1021/acsnano.6b03696,94,2016.0,https://DOI.org/10.1021/acsnano.6b03696,tematdb,v1.1.6,True,True,True,0.9867549668874172,True,323.056379821958,622.11482132396,321.429,621.429,324.0,622.0,322.0,620.0,324.0,620.0,298.0,298.0,296.0,0.6486212677983983,0.64445489494306,1.8487763478000003,1.951776764286598,-2.0,0.0041663728553383,-0.1030004164865976,0.0634893697117535,0.0258114896512089,0.0201258946540993,True,True,True,True,0.0978835768479411,0.0985163899133128,0.0343412927081766,0.0325290119615497,False,False,False
10.1007/s13391-012-2207-7,95,2012.0,https://DOI.org/10.1007/s13391-012-2207-7,tematdb,v1.1.6,True,True,True,1.0,True,322.761760242792,723.042836041359,323.335826477187,723.335826477187,324.0,722.0,324.0,722.0,324.0,722.0,398.0,398.0,398.0,0.7771750418483834,0.5910852586992569,1.3299296462017338,1.0947129735534995,0.0,0.1860897831491265,0.2352166726482343,0.2821100041647779,0.1964786763103997,0.1860897831491266,True,True,True,True,0.3629941634433158,0.4772746401857317,0.2121240059355631,0.2577022571030953,False,False,False
10.1038/ncomms4640,96,2014.0,https://DOI.org/10.1038/ncomms4640,tematdb,v1.1.6,True,True,True,0.987012987012987,True,305.659,913.636,302.006,919.63,306.0,912.0,304.0,918.0,306.0,912.0,606.0,614.0,606.0,0.8913684964100654,0.8695302448901022,1.426284230755152,1.398256278299921,2.0,0.0218382515199632,0.0280279524552309,0.1269987238924601,0.0344008866168987,0.0234011820038559,True,True,True,True,0.1424761189159591,0.146054406547424,0.0890416658573166,0.0908265000224939,False,False,False
10.1016/j.jallcom.2012.08.041,97,2013.0,https://DOI.org/10.1016/j.jallcom.2012.08.041,tematdb,v1.1.6,True,True,True,0.9957983193277312,True,298.792,772.222,296.305,772.906,300.0,772.0,298.0,772.0,300.0,772.0,472.0,474.0,472.0,0.9942990658258556,0.955974620335658,1.1954221977832362,1.1634072807034517,-1.0,0.0383244454901977,0.0320149170797845,0.065139604602701,0.0431447601639938,0.0405185243582068,True,True,True,True,0.0655130904187229,0.0681394706690325,0.0544908775522944,0.0559903704258362,True,False,False
10.1063/1.4869220,98,2014.0,https://DOI.org/10.1063/1.4869220,tematdb,v1.1.6,True,True,True,0.9949238578680204,True,327.027,718.411,327.187,720.589,328.0,718.0,328.0,720.0,328.0,718.0,390.0,392.0,390.0,0.7451970093266611,0.6521936208214483,1.5354744386809929,1.622705704736956,1.0,0.0930033885052128,-0.0872312660559631,0.1984419513940405,0.1065804925717809,0.0922692139598481,True,True,True,True,0.2662946159343112,0.3042684642393461,0.1292381992138577,0.1222907831128925,False,False,False
10.1016/j.intermet.2013.04.018,99,2013.0,https://DOI.org/10.1016/j.intermet.2013.04.018,tematdb,v1.1.6,True,True,True,0.984126984126984,True,300.334,549.615,299.871,550.103,302.0,548.0,300.0,550.0,302.0,548.0,246.0,250.0,246.0,0.3047329211091085,0.3026435025631603,0.4805590799888016,0.470452258573537,0.0,0.0020894185459481,0.0101068214152645,0.0068655300781472,0.0029352552705804,0.0023636370988319,True,True,True,True,0.0225296631987099,0.0226852055966886,0.0142865474070477,0.0145934682064537,True,True,True
10.1002/adfm.201201221,100,2012.0,https://DOI.org/10.1002/adfm.201201221,tematdb,v1.1.6,True,True,True,1.0,True,299.383,756.997,299.049,757.736,300.0,756.0,300.0,756.0,300.0,756.0,456.0,456.0,456.0,0.8070229275496016,0.8054638690559767,1.3066708808032197,1.25489657864238,0.0,0.0015590584936249,0.0517743021608396,0.0648486875475173,0.0182241896685121,0.0139234554741798,True,True,True,True,0.080355446337095,0.08051098260127,0.0496289375543858,0.0516765195245607,True,False,False
10.1016/j.jallcom.2013.01.038,101,2013.0,https://DOI.org/10.1016/j.jallcom.2013.01.038,tematdb,v1.1.6,True,True,True,1.0,True,473.913,772.283,473.306,773.858,474.0,772.0,474.0,772.0,474.0,772.0,298.0,298.0,298.0,0.3552716049529792,0.3438596100478866,0.9445041785415575,0.936855834033672,0.0,0.0114119949050926,0.0076483445078855,0.0320207354543778,0.0153552725393792,0.01152231788036,True,True,True,True,0.0901302975187556,0.093121537158489,0.0339021638885941,0.0341789358523938,True,True,False
10.1039/c1ee01928g,102,2011.0,https://DOI.org/10.1039/c1ee01928g,tematdb,v1.1.6,True,True,True,0.9955357142857144,True,300.228,747.72,300.055,749.553,302.0,746.0,302.0,748.0,302.0,746.0,444.0,446.0,444.0,0.9570173525004406,0.898123881689771,1.52233185709485,1.4223409167290957,1.0,0.0588934708106696,0.0999909403657544,0.1217158915174732,0.0770951448728191,0.0668421904485177,True,True,True,True,0.1271825335240378,0.1355223861640015,0.0799535863026281,0.085574344438729,False,False,False
10.1039/c0ee00456a,103,2011.0,https://DOI.org/10.1039/c0ee00456a,tematdb,v1.1.6,True,True,True,0.9955555555555556,True,300.0,749.865,300.073,749.697,300.0,748.0,302.0,748.0,302.0,748.0,448.0,446.0,446.0,0.8215652733960778,0.8268612763988954,1.4793941458456847,1.5519406097076949,1.0,-0.0052960030028176,-0.0725464638620101,0.0725464638620101,0.0205434360116312,0.0158045758180365,True,True,True,True,0.0883027389438299,0.0877371645434417,0.049037955210063,0.0467456443940043,True,False,False
10.1002/adfm.201000878,104,2011.0,https://DOI.org/10.1002/adfm.201000878,tematdb,v1.1.6,True,True,True,0.98744769874477,True,299.057,773.956,301.198,776.738,300.0,772.0,302.0,776.0,302.0,772.0,472.0,474.0,470.0,0.5102392045015692,0.502714127748484,1.6268105629899432,1.606545839279882,3.0,0.0075250767530852,0.0202647237100612,0.0240705757911714,0.0077497033328749,0.0054835970119203,True,True,True,True,0.0471750809792927,0.0478812399782294,0.0147961762351307,0.0149828129410617,True,True,False
10.1002/aenm.201000072,105,2011.0,https://DOI.org/10.1002/aenm.201000072,tematdb,v1.1.6,True,True,True,1.0,True,298.356,749.769,298.947,749.474,300.0,748.0,300.0,748.0,300.0,748.0,448.0,448.0,448.0,0.6244226850539953,0.6155188540707462,1.3309817446615173,1.3314240482330115,0.0,0.008903830983249,-0.0004423035714942,0.0226787283516345,0.0105879196927723,0.0091255155088904,True,True,True,True,0.0363195138396893,0.0368448963043915,0.0170390979760597,0.0170334375300884,True,True,False
10.1002/adma.201103153,106,2011.0,https://DOI.org/10.1002/adma.201103153,tematdb,v1.1.6,True,True,True,0.9919678714859438,True,301.385,796.825,299.867,795.562,302.0,796.0,300.0,794.0,302.0,794.0,494.0,494.0,492.0,1.1116992652685844,1.110438491273095,1.742661265436583,1.7785746568955487,-2.0,0.0012607739954897,-0.0359133914589657,0.0431326678265198,0.0225722114189109,0.0190508582812259,True,True,True,True,0.0387988633023869,0.0388429149074876,0.0247510337677207,0.0242512551605827,True,True,False
10.1039/c2ee21536e,107,2012.0,https://DOI.org/10.1039/c2ee21536e,tematdb,v1.1.6,True,True,True,0.5936254980079682,True,300.502,599.816,296.875,799.219,302.0,598.0,298.0,798.0,302.0,598.0,296.0,500.0,296.0,0.8974656897169883,0.6316246286863338,1.3972406257058956,1.1305132255556851,98.0,0.2658410610306544,0.2667274001502104,0.0157962271393914,0.0065944809711276,0.00550858120527,True,True,True,True,0.017600925941105,0.0250088841092925,0.0113053019277986,0.0139726159608854,False,False,False
10.1038/am.2012.52,108,2012.0,https://DOI.org/10.1038/am.2012.52,tematdb,v1.1.6,True,True,True,0.986725663716814,True,300.157,747.781,299.266,750.642,302.0,746.0,300.0,750.0,302.0,746.0,444.0,450.0,444.0,1.0440316119177877,1.0538050108571062,1.6001114426544842,1.6519721669273688,1.0,-0.0097733989393185,-0.0518607242728845,0.0573620467061619,0.0159570484071478,0.0117240034505315,True,True,True,True,0.0549428255345576,0.0544332643280058,0.0358487822641915,0.0347233735861628,True,False,False
10.1002/aenm.201400486,109,2014.0,https://DOI.org/10.1002/aenm.201400486,tematdb,v1.1.6,True,True,True,0.9927536231884058,True,298.868,847.054,295.472,846.792,300.0,846.0,296.0,846.0,300.0,846.0,546.0,550.0,546.0,0.7399456125157565,0.7215007877441243,1.1388772809764716,1.144755015467378,-2.0,0.0184448247716322,-0.0058777344909064,0.0729951796364017,0.037577951348799,0.0309690738966843,True,True,True,True,0.098649385038211,0.1011713096871753,0.0640939817271759,0.0637648917455054,True,False,False
10.1002/anie.200600865,110,2006.0,https://DOI.org/10.1002/anie.200600865,tematdb,v1.1.6,True,True,True,0.9844559585492229,True,319.531,698.394,313.155,698.008,320.0,698.0,314.0,698.0,320.0,698.0,378.0,384.0,378.0,1.1327749878868718,1.063306683437246,1.6462333973581773,1.6249976999943965,-3.0,0.0694683044496258,0.0212356973637808,0.2107524916097232,0.1037122220304569,0.0885463737446019,True,True,True,True,0.1860497396776655,0.1982048028969822,0.1280210278493511,0.1296940245579732,False,False,False
10.1088/0957-4484/24/21/215401,111,2013.0,https://DOI.org/10.1088/0957-4484/24/21/215401,tematdb,v1.1.6,True,True,True,0.9939024390243902,True,297.661,622.244,297.936,624.184,298.0,622.0,298.0,624.0,298.0,622.0,324.0,326.0,324.0,0.791516388823719,0.7738922137076228,1.493776195516812,1.4607350051042984,1.0,0.0176241751160961,0.0330411904125136,0.0343401722789828,0.0167503709451727,0.0144907514438018,True,True,True,True,0.0433852953190472,0.0443733270224587,0.02298883352275,0.0235088309371561,True,True,False
10.1039/c3ta11825h,112,2013.0,https://DOI.org/10.1039/c3ta11825h,tematdb,v1.1.6,True,True,True,0.9601769911504424,True,323.566155593412,757.549704459967,323.401826484018,774.029680365296,324.0,756.0,324.0,774.0,324.0,756.0,432.0,450.0,432.0,0.9056908467855022,0.8542140762005254,1.737040325024703,1.6402494069043594,9.0,0.0514767705849767,0.0967909181203436,0.0612470074166016,0.0280083710835474,0.020446189278879,True,True,True,True,0.0676246289050848,0.0716998339444642,0.0352594044791277,0.037340057651472,True,False,False
10.1039/c3ee43438a,113,2014.0,https://DOI.org/10.1039/c3ee43438a,tematdb,v1.1.6,True,True,True,0.9133333333333332,True,303.656,851.991,300.0,898.45,304.0,850.0,300.0,898.0,304.0,850.0,546.0,598.0,546.0,0.5259319268501993,0.5047215495104532,1.467488003095975,1.0658026569011825,22.0,0.021210377339746,0.4016853461947924,0.2133384621892049,0.0878923043366635,0.0710218735141461,True,True,True,True,0.4056389264422236,0.4226854636900866,0.1453766311813946,0.2001669453606784,False,False,False
10.1021/cm5042138,114,2015.0,https://DOI.org/10.1021/cm5042138,tematdb,v1.1.6,,,,,,,,,,,,,,,,,,,,,,,,,,,,,,,,,,,,,False,False,False
10.1038/ncomms5515,115,2014.0,https://DOI.org/10.1038/ncomms5515,tematdb,v1.1.6,True,True,True,0.9903225806451612,True,303.905,917.786,298.204,919.76,304.0,916.0,300.0,918.0,304.0,916.0,612.0,618.0,612.0,1.538396384604679,1.5382186275463,2.21569,2.2266670513094526,-1.0,0.0001777570583789,-0.0109770513094527,0.0872475531393743,0.0342797618970076,0.0278813658319882,True,True,True,True,0.0567133113497236,0.056719865158926,0.0393771480393802,0.0391830260784009,True,False,False
10.1038/am.2014.39,116,2014.0,https://DOI.org/10.1038/am.2014.39,tematdb,v1.1.6,True,True,True,0.9873817034700316,True,302.69,928.895,297.987,930.683,304.0,928.0,298.0,930.0,304.0,928.0,624.0,632.0,624.0,0.1288226197101966,0.1218792633592991,0.5153181627055348,0.5520133923259722,-2.0,0.0069433563508975,-0.0366952296204374,0.0388411660610386,0.0124402851028372,0.0089698636307051,True,True,True,True,0.3015088976486962,0.3186855990960098,0.0753731750053478,0.0703627241675729,False,False,False
10.1002/aenm.201501047,117,2015.0,https://DOI.org/10.1002/aenm.201501047,tematdb,v1.1.6,True,True,True,0.9784172661870504,True,305.769,855.053,299.06,848.79,306.0,854.0,300.0,848.0,306.0,848.0,548.0,548.0,542.0,1.0817979491852232,1.1035372172039768,1.9457829993901907,1.9394943344772675,-6.0,-0.0217392680187535,0.0062886649129232,0.1124404224644575,0.0346244888475874,0.0263756420755719,True,True,True,True,0.1039384688694817,0.1018909201352962,0.0577867226199922,0.0579740917339479,False,False,False
10.1021/nl504624r,118,2015.0,https://DOI.org/10.1021/nl504624r,tematdb,v1.1.6,True,True,True,0.9782608695652174,True,300.0,390.103,300.209,390.167,300.0,390.0,302.0,390.0,302.0,390.0,90.0,88.0,88.0,0.3104656156410952,0.3059044089142622,0.665273774823225,0.6606835917382997,1.0,0.0045612067268329,0.0045901830849253,0.0087540761305301,0.0032685339199461,0.002563800182555,True,True,True,True,0.0281966043565033,0.0286170315805541,0.0131586069702752,0.0132500280618407,True,True,True
10.1021/nl201206d,119,2011.0,https://DOI.org/10.1021/nl201206d,tematdb,v1.1.6,True,True,True,0.990632318501171,True,323.795,1169.061,315.0331,1168.956,324.0,1168.0,316.0,1168.0,324.0,1168.0,844.0,852.0,844.0,0.4584627602145672,0.4605894382349997,0.9171317739866596,0.9268302623136256,-4.0,-0.0021266780204325,-0.009698488326966,0.0248677911873845,0.0099859454941452,0.0087203044871562,True,True,True,True,0.0542416818669112,0.0539912319367962,0.0271147417336631,0.0268310090839154,True,True,False
10.1021/nl201206d,120,2011.0,https://DOI.org/10.1021/nl201206d,tematdb,v1.1.6,True,True,True,0.8258823529411765,True,473.854,1174.498,325.9401,1174.617,474.0,1174.0,326.0,1174.0,474.0,1174.0,700.0,848.0,700.0,0.6383308795043845,0.7390582495034688,1.137192801395578,1.1537973697249726,-74.0,-0.1007273699990842,-0.0166045683293944,0.0319375769092931,0.012331885614108,0.0104631084259306,True,True,True,True,0.0500329498928364,0.043213883250407,0.0280845753421046,0.0276804036369973,False,False,False
10.1039/c1ee02465e,121,2012.0,https://DOI.org/10.1039/c1ee02465e,tematdb,v1.1.6,True,True,True,0.9963898916967509,True,301.248,852.415,300.0,852.99,302.0,852.0,300.0,852.0,302.0,852.0,550.0,552.0,550.0,0.8150359740403837,0.7934938602972643,1.29359412315832,1.2874070710428585,-1.0,0.0215421137431194,0.0061870521154614,0.0846344951141764,0.0328033760518539,0.0239766176614378,True,True,True,True,0.10384142272226,0.1066605544779767,0.0654258500398414,0.0657402751762258,True,False,False
10.1021/ja301245b,122,2012.0,https://DOI.org/10.1021/ja301245b,tematdb,v1.1.6,True,True,True,0.993006993006993,True,303.422,873.791,304.819,875.904,304.0,872.0,306.0,874.0,306.0,872.0,568.0,568.0,566.0,0.5784089933202912,0.5676096101811408,1.6984533729420788,1.829155864450585,2.0,0.0107993831391504,-0.1307024915085062,0.1413712174096839,0.0294460040074624,0.0203556172284866,True,True,True,True,0.2444139338120566,0.2490641717016882,0.0832352654843855,0.0772876823441981,False,False,False
10.1088/0957-4484/24/34/345705,123,2013.0,https://DOI.org/10.1088/0957-4484/24/34/345705,tematdb,v1.1.6,True,True,True,0.9915254237288136,True,302.778,770.784,300.0,771.429,304.0,770.0,300.0,770.0,304.0,770.0,466.0,470.0,466.0,0.782711408200033,0.7755120616875859,1.2029303958238406,1.173085232328987,-2.0,0.0071993465124471,0.0298451634948535,0.0298451634948535,0.0163492233910022,0.0138074481774903,True,True,True,True,0.0381304822980505,0.0384844607444373,0.0248103827108082,0.0254415985065299,True,True,False
10.1002/aenm.201401977,124,2015.0,https://DOI.org/10.1002/aenm.201401977,tematdb,v1.1.6,True,True,True,0.986159169550173,True,303.393,878.09,301.308,872.802,304.0,878.0,302.0,872.0,304.0,872.0,574.0,570.0,568.0,0.8187534090943627,0.7835660365293092,0.9814908359943116,1.0563182912772795,-4.0,0.0351873725650534,-0.0748274552829678,0.1938621128045566,0.0718893551891649,0.0487344703391423,True,True,True,True,0.2367771671558484,0.2474100506745295,0.1975180059711533,0.1835262291729724,False,False,False
10.1021/acs.chemmater.5b04365,125,2015.0,https://DOI.org/10.1021/acs.chemmater.5b04365,tematdb,v1.1.6,True,True,True,0.9963369963369964,True,331.372549019607,876.470588235294,331.601731601731,875.757575757575,332.0,876.0,332.0,874.0,332.0,874.0,544.0,542.0,542.0,0.7394102441809787,0.4993507848415733,1.320195550133524,1.2123639747256745,-1.0,0.2400594593394053,0.1078315754078496,0.2982478976825439,0.247024025810142,0.242680831361038,True,True,True,True,0.4033591636438627,0.5972713105420824,0.2259119095291445,0.2460052458668853,False,False,False
10.1021/cm504112m,126,2015.0,https://DOI.org/10.1021/cm504112m,tematdb,v1.1.6,True,True,True,0.989247311827957,True,298.824,851.534,296.07,854.148,300.0,850.0,298.0,854.0,300.0,850.0,550.0,556.0,550.0,0.3500158298706957,0.3558629081539563,1.1584377140108535,1.2032633464152864,1.0,-0.0058470782832605,-0.0448256324044329,0.0632657942732435,0.014994506264345,0.0105971674104925,True,True,True,True,0.1807512371558035,0.1777813669916758,0.0546130305566439,0.0525785103167335,True,False,False
10.1021/jacs.6b08382,127,2016.0,https://DOI.org/10.1021/jacs.6b08382,tematdb,v1.1.6,True,True,True,0.9856115107913668,True,305.227,852.956,298.077,854.277,306.0,852.0,300.0,854.0,306.0,852.0,546.0,554.0,546.0,0.5151987084972969,0.5227998839704748,0.9690233067604132,0.9228355878414088,-2.0,-0.0076011754731779,0.0461877189190043,0.0859476484152214,0.0212061393388558,0.0101077871150186,True,True,True,True,0.1668242699324863,0.1643987518942818,0.0886951302570389,0.0931343020876127,True,False,False
10.1016/j.jssc.2016.02.012,128,2015.0,https://DOI.org/10.1016/j.jssc.2016.02.012,tematdb,v1.1.6,True,True,True,0.9855595667870036,True,302.343,851.666,297.555,849.982,304.0,850.0,298.0,848.0,304.0,848.0,546.0,550.0,544.0,0.3260067728189919,0.3444472922911947,1.009391740790773,1.0868550224069893,-4.0,-0.0184405194722028,-0.0774632816162161,0.0679296283635177,0.0193239313177151,0.0134356053846239,True,True,True,True,0.2083687641705353,0.1972134195384828,0.0672975868717735,0.0625010944082296,True,False,False
10.1039/c4ta01643b,129,2014.0,https://DOI.org/10.1039/c4ta01643b,tematdb,v1.1.6,True,True,True,0.9910313901345292,True,304.449,747.122,302.597,749.351,306.0,746.0,304.0,748.0,306.0,746.0,440.0,444.0,440.0,0.2464093142387136,0.1691591666156042,0.6272133961541663,0.4281475373416208,0.0,0.0772501476231093,0.1990658588125454,0.1920240713466766,0.0993176920635997,0.0769936940317897,True,True,True,True,0.7792890132418036,1.1351679911206372,0.3061542889933396,0.4484997684185202,False,False,False
10.1002/adfm.201602652,130,2016.0,https://DOI.org/10.1002/adfm.201602652,tematdb,v1.1.6,True,True,True,0.9911894273127754,True,323.418,776.582,325.502,775.956,324.0,776.0,326.0,774.0,326.0,774.0,452.0,448.0,448.0,0.4962373619836043,0.5364114791250362,0.9841384125592988,1.0892265998793658,0.0,-0.0401741171414318,-0.1050881873200669,0.0959841710708447,0.0537986700355393,0.0426544284490165,True,True,True,True,0.1934239104592372,0.1789375783445363,0.0975311702560551,0.0881213983219609,False,False,False
10.1039/c5ra19469e,131,2016.0,https://DOI.org/10.1039/c5ra19469e,tematdb,v1.1.6,True,True,True,0.992,True,323.96694214876,822.314049586776,322.059,818.382,324.0,822.0,324.0,818.0,324.0,818.0,498.0,494.0,494.0,0.2924426059555043,0.2741290527414157,0.7390790207344136,0.7209139253581186,-2.0,0.0183135532140886,0.0181650953762949,0.0719147427993822,0.0293543378495993,0.0218758780553347,True,True,True,True,0.2459106208700801,0.2623390044951529,0.0973031851559275,0.0997549641778082,False,False,False
10.1002/aelm.201600019,132,2016.0,https://DOI.org/10.1002/aelm.201600019,tematdb,v1.1.6,True,True,True,0.9709090909090908,True,310.798,845.439,300.006,850.099,312.0,844.0,302.0,850.0,312.0,844.0,532.0,548.0,532.0,0.2419514448101998,0.2462224938855615,1.0213186643835614,1.0196732906128396,-2.0,-0.0042710490753617,0.0016453737707218,0.0470538096793945,0.0182286476935796,0.012977056756139,True,True,True,True,0.1944762500439134,0.1911028068023064,0.0460716241857724,0.046145966666553,True,False,False
10.1021/ja500860m,133,2014.0,https://DOI.org/10.1021/ja500860m,tematdb,v1.1.6,True,True,True,0.9710610932475884,True,304.364,909.836,292.364,914.157,306.0,908.0,294.0,914.0,306.0,908.0,602.0,620.0,602.0,0.5663081306987389,0.5916509103290662,1.257706069997668,1.3002071804724982,-3.0,-0.0253427796303273,-0.04250111047483,0.1069330558964898,0.0357983020324721,0.0249614579499272,True,True,True,True,0.1888248642387503,0.1807367385558748,0.0850222945148766,0.0822430897956048,False,False,False
10.1021/jacs.5b00837,134,2015.0,https://DOI.org/10.1021/jacs.5b00837,tematdb,v1.1.6,True,True,True,0.959119496855346,True,303.093,913.503,292.807,928.551,304.0,912.0,294.0,928.0,304.0,912.0,608.0,634.0,608.0,0.7087549691710728,0.7257900834493418,1.3977069232418942,1.4269781352206352,3.0,-0.0170351142782689,-0.029271211978741,0.0654418418564517,0.0349349141023977,0.0274458807788599,True,True,True,True,0.0923335210375872,0.0901663488503965,0.046820861203623,0.0458604376908223,True,False,False
10.1021/jacs.5b07284,135,2015.0,https://DOI.org/10.1021/jacs.5b07284,tematdb,v1.1.6,True,True,True,0.98989898989899,True,304.989,893.064,301.729,894.813,306.0,892.0,302.0,894.0,306.0,892.0,586.0,592.0,586.0,0.6701401719116792,0.6472554358629926,1.2522930618126211,1.3626206588740928,-1.0,0.0228847360486865,-0.1103275970614716,0.1119190809172616,0.0415056263394494,0.035171400601312,True,True,True,True,0.1670084642112933,0.1729133116789336,0.0893713175694396,0.0821351710678878,False,False,False
10.1021/jacs.6b07010,136,2016.0,https://DOI.org/10.1021/jacs.6b07010,tematdb,v1.1.6,True,True,True,0.9895104895104896,True,305.349,870.579,301.959,873.497,306.0,870.0,302.0,872.0,306.0,870.0,564.0,570.0,564.0,0.4501018992523116,0.442942943623837,1.6909106274007686,1.6213937964458311,-1.0,0.0071589556284745,0.0695168309549374,0.0512411160595045,0.0155618527016931,0.0108048120713818,True,True,True,True,0.1138433677898802,0.1156833330276965,0.0303038583051969,0.0316031282294451,True,False,False
10.1016/S1002-0721(14)60543-3,137,2015.0,https://DOI.org/10.1016/S1002-0721(14)60543-3,tematdb,v1.1.6,True,True,True,0.978902953586498,True,318.491,783.369,314.859,788.856,320.0,782.0,316.0,788.0,320.0,782.0,462.0,472.0,462.0,0.3317421823932619,0.3261462062583573,0.6321425073645349,0.6161363987244405,1.0,0.0055959761349045,0.0160061086400944,0.0244608099798682,0.0094706278423459,0.0071934057590711,True,True,True,True,0.0737343976078124,0.0749995232521317,0.0386950880456493,0.0397003164080361,True,True,False
10.1073/pnas.1305735110,138,2013.0,https://DOI.org/10.1073/pnas.1305735110,tematdb,v1.1.6,True,True,True,0.993127147766323,True,299.687,878.33,301.451,880.632,300.0,878.0,302.0,880.0,302.0,878.0,578.0,578.0,576.0,0.428406526595221,0.4237651388476592,1.100674129605679,1.1288543573740455,2.0,0.0046413877475618,-0.0281802277683664,0.0344329821807747,0.0084481785160184,0.0063232586906322,True,True,True,True,0.0803745509071309,0.0812548721549111,0.0312835391099002,0.0305025904855194,True,True,False
10.1039/c4cp02091j,139,2014.0,https://DOI.org/10.1039/c4cp02091j,tematdb,v1.1.6,True,True,True,0.9156118143459916,True,322.779,757.793,299.975,773.309,324.0,756.0,300.0,772.0,324.0,756.0,432.0,472.0,432.0,0.3446471112477247,0.3782601382042672,0.5786330431373283,0.6763957031948178,-4.0,-0.0336130269565425,-0.0977626600574894,0.164738434114271,0.0474941914985349,0.0279567771333917,True,True,True,True,0.4779916289385658,0.4355162425952198,0.2847027767737994,0.2435533421282283,False,False,False
10.1016/j.jallcom.2015.04.073,140,2015.0,https://DOI.org/10.1016/j.jallcom.2015.04.073,tematdb,v1.1.6,True,True,True,0.996,True,300.84,801.3863333333334,300.647,798.743,302.0,800.0,302.0,798.0,302.0,798.0,498.0,496.0,496.0,0.503105887693869,0.434728403943432,1.8877810465335905,1.790880628749385,-1.0,0.068377483750437,0.0969004177842054,0.3840742302464319,0.1357198293611184,0.0738301142435145,True,True,True,True,0.7634063517064906,0.8834808739490799,0.2034527420177686,0.2144611003552147,False,False,False
10.1039/c5cp05151g,141,2015.0,https://DOI.org/10.1039/c5cp05151g,tematdb,v1.1.6,True,True,True,0.9859154929577464,True,301.247,724.057,299.881,721.655,302.0,724.0,300.0,720.0,302.0,720.0,422.0,420.0,418.0,0.8543418314570871,0.8537223884861245,1.629033413284133,1.6358871312821146,-3.0,0.0006194429709626,-0.0068537179979815,0.0384732888633545,0.0166234986630787,0.0131981314933676,True,True,True,True,0.0450326642647686,0.0450653390167942,0.0236172496829223,0.023518302777528,True,True,False
10.1021/jacs.5b07856,142,2015.0,https://DOI.org/10.1021/jacs.5b07856,tematdb,v1.1.6,True,True,True,0.9953271028037384,True,347.9739,772.27,347.9739,775.7909999999999,348.0,772.0,348.0,774.0,348.0,772.0,424.0,426.0,424.0,1.240999572237913,1.2488887857319615,1.904624561323791,1.926611586403004,1.0,-0.0078892134940484,-0.0219870250792129,0.0685439709421387,0.0240290179009129,0.0175967506045105,True,True,True,True,0.0552328723357513,0.0548839670315125,0.0359881796832956,0.0355774726083272,True,False,False
10.1016/j.physb.2007.02.067,143,2007.0,https://DOI.org/10.1016/j.physb.2007.02.067,tematdb,v1.1.6,True,True,True,0.97,True,325.0054,713.43,325.51489999999995,725.008,326.0,712.0,326.0,724.0,326.0,712.0,386.0,398.0,386.0,0.2351014890620634,0.2375306265271445,0.500268796,0.5107746583007169,6.0,-0.0024291374650811,-0.0105058623007169,0.036061815428568,0.0180174812377498,0.0138837634715769,True,True,True,True,0.153388290190915,0.1518196451372006,0.072084878603078,0.0706022016607894,True,False,False
10.1016/j.physb.2006.10.001,144,2007.0,https://DOI.org/10.1016/j.physb.2006.10.001,tematdb,v1.1.6,True,True,True,0.98,True,329.5136,720.765,320.769,720.952,330.0,720.0,322.0,720.0,330.0,720.0,390.0,398.0,390.0,0.2130613438476385,0.1998136543183059,0.5191571910389043,0.4808599635196299,-4.0,0.0132476895293325,0.0382972275192744,0.0383679674999741,0.0202144264459324,0.0172638198242605,True,True,True,True,0.1800794400668536,0.1920187468212428,0.073904336032011,0.0797903140430776,True,False,False
10.1021/jp103697s,145,2010.0,https://DOI.org/10.1021/jp103697s,tematdb,v1.1.6,True,True,True,0.98,True,325.8711,722.2429999999999,323.8388,717.29,326.0,722.0,324.0,716.0,326.0,716.0,396.0,392.0,390.0,0.5081116804925133,0.5028885164139852,0.7746876289620883,0.7861102732863421,-4.0,0.005223164078528,-0.0114226443242537,0.0222777853021726,0.0124699138700208,0.0111935539946387,True,True,True,True,0.043844269198021,0.0442996500716139,0.0287571202498999,0.0283392623900462,True,True,False
10.1002/aelm.201500228,146,2015.0,https://DOI.org/10.1002/aelm.201500228,tematdb,v1.1.6,True,True,True,0.9834254143646408,True,347.44719999999995,705.996,348.6794,708.0070000000001,348.0,704.0,350.0,708.0,350.0,704.0,356.0,358.0,354.0,0.9325470630396888,0.9193573172005396,1.6343068912979777,1.6012346932180823,3.0,0.0131897458391491,0.0330721980798953,0.0383154558735279,0.0117904710218668,0.0087569744399131,True,True,True,True,0.0410868870774592,0.0416763484193492,0.0234444681580566,0.0239286945479075,True,True,False
10.1007/s11664-015-4251-1,147,2016.0,https://DOI.org/10.1007/s11664-015-4251-1,tematdb,v1.1.6,True,True,True,0.98125,True,297.2286,611.971,293.0673,613.9269999999999,298.0,610.0,294.0,612.0,298.0,610.0,312.0,318.0,312.0,0.5134681673351278,0.5086327020185317,0.909032808054583,0.9068581930984272,-1.0,0.004835465316596,0.0021746149561557,0.0385823277786291,0.0126819119627218,0.0086493317903731,True,True,True,True,0.0751406420749885,0.075854988532026,0.0424432731544629,0.0425450506730345,True,True,False
10.1007/s13391-014-4149-8,148,2014.0,https://DOI.org/10.1007/s13391-014-4149-8,tematdb,v1.1.6,True,True,True,0.970954356846473,True,301.497,769.97,295.509,777.545,302.0,768.0,296.0,776.0,302.0,768.0,466.0,480.0,466.0,0.689851871574132,0.6867289785047219,1.271750595786167,1.2516805699966462,1.0,0.00312289306941,0.0200700257895207,0.0207250572417972,0.0114094173108828,0.0101463348832713,True,True,True,True,0.0300427643901378,0.0301793835567036,0.0162964792864795,0.016557784580656,True,True,False
10.1021/ic5010243,149,2014.0,https://DOI.org/10.1021/ic5010243,tematdb,v1.1.6,True,True,True,0.9950248756218906,True,323.12239094422966,723.17760905577,321.9305,722.337,324.0,722.0,322.0,722.0,324.0,722.0,398.0,400.0,398.0,1.2916140025604352,1.28599675208629,1.75375,1.754380146325835,-1.0,0.0056172504741451,-0.0006301463258351,0.0363147698190347,0.0145112004274817,0.0118578973578221,True,True,True,True,0.0281158068486761,0.028238617057252,0.020706925057183,0.0206994874486513,True,True,False
10.1039/c4ta00072b,150,2014.0,https://DOI.org/10.1039/c4ta00072b,tematdb,v1.1.6,True,True,True,0.995575221238938,True,315.8423,766.172,315.6337,765.797,316.0,766.0,316.0,764.0,316.0,764.0,450.0,448.0,448.0,0.6516618071228174,0.6505275736469893,0.8043348438538206,0.796607132931372,-1.0,0.001134233475828,0.0077277109224486,0.0156770827152525,0.0072106895505808,0.0060105737075555,True,True,True,True,0.0240570838184751,0.0240990287734671,0.0194907417415099,0.0196798171484652,True,True,True
10.1557/jmr.2015.124,151,2015.0,https://DOI.org/10.1557/jmr.2015.124,tematdb,v1.1.6,True,True,True,0.9813829787234044,True,76.6037,815.871,77.1271,828.621,78.0,814.0,78.0,828.0,78.0,814.0,736.0,750.0,736.0,0.4304355998611658,0.4020688506144095,1.6488698628806977,1.6521242548195214,7.0,0.0283667492467563,-0.0032543919388237,0.1927174805295686,0.0528200091718392,0.0304115362296758,True,True,True,True,0.4477266299342536,0.4793146254306276,0.1168785268431536,0.1166482968622848,False,False,False
10.1021/ja504896a,152,2014.0,https://DOI.org/10.1021/ja504896a,tematdb,v1.1.6,True,True,True,0.9955555555555556,True,322.269,771.396,322.128,773.775,324.0,770.0,324.0,772.0,324.0,770.0,446.0,448.0,446.0,0.930156730713344,0.985589600739095,1.9108892725484328,1.997512038231084,1.0,-0.0554328700257509,-0.0866227656826512,0.2274457112859691,0.0915184272043413,0.0628295827788369,True,True,True,True,0.2445240718857556,0.2307712166559055,0.1190261071394467,0.1138645009055294,False,False,False
10.1557/PROC-1267-DD04-11,153,2010.0,https://DOI.org/10.1557/PROC-1267-DD04-11,tematdb,v1.1.6,True,True,True,0.987878787878788,True,324.861,650.235,320.046,651.708,326.0,650.0,322.0,650.0,326.0,650.0,324.0,328.0,324.0,0.5292382908966207,0.5223157899853081,0.9680207321009706,0.9632084122152568,-2.0,0.0069225009113125,0.0048123198857138,0.0367155875622257,0.016138322614977,0.0131196672592768,True,True,True,True,0.0693743974949794,0.0702938495565268,0.0379285136616227,0.0381180096608422,True,True,False
10.1088/0022-3727/45/11/115302,154,2012.0,https://DOI.org/10.1088/0022-3727/45/11/115302,tematdb,v1.1.6,True,True,True,1.0,True,317.358,599.653,316.659,599.186,318.0,598.0,318.0,598.0,318.0,598.0,280.0,280.0,280.0,0.3490729159806138,0.3483905310929737,0.4288229322852445,0.4368036395029126,0.0,0.0006823848876401,-0.0079807072176681,0.0275371311981125,0.0098791267869458,0.0067864913406423,True,True,True,True,0.0788864731047819,0.0790409863084475,0.0642156217051269,0.0630423574983259,True,True,False
10.1063/1.3138803,155,2009.0,https://DOI.org/10.1063/1.3138803,tematdb,v1.1.6,True,True,True,0.9861751152073732,True,328.771,757.961,325.879,758.127,330.0,756.0,326.0,758.0,330.0,756.0,426.0,432.0,426.0,0.5899786336822644,0.5776393488094107,0.8164569998595421,0.8263431461978974,-1.0,0.0123392848728537,-0.0098861463383552,0.0271885563733468,0.0149146726180347,0.0139746360618179,True,True,True,True,0.0460839678271965,0.0470683938505677,0.0333006592852093,0.0329022591866884,True,True,False
10.1063/1.4824353,156,2013.0,https://DOI.org/10.1063/1.4824353,tematdb,v1.1.6,True,True,True,0.6338028169014085,True,321.0,604.137,420.26,600.263,322.0,604.0,422.0,600.0,422.0,600.0,282.0,178.0,178.0,0.9037187987045606,0.7614959094909448,0.9926963796267972,0.968753907436201,48.0,0.1422228892136158,0.0239424721905961,0.0463509594408584,0.0335475189779856,0.0325851630639753,True,True,True,True,0.0512891393952415,0.0608682973383845,0.0466919799367899,0.0478459586950475,False,False,False
10.1007/s11664-014-3076-7,157,2014.0,https://DOI.org/10.1007/s11664-014-3076-7,tematdb,v1.1.6,True,True,True,0.9865771812080536,True,325.18,618.882,324.52,622.345,326.0,618.0,326.0,622.0,326.0,618.0,292.0,296.0,292.0,1.1257442999455485,1.1277451193902992,1.4087784278872424,1.416363892742805,2.0,-0.0020008194447509,-0.0075854648555626,0.0282134823110473,0.0089486139202815,0.006740202988732,True,True,True,True,0.0250620698789343,0.025017605331159,0.0200269125027413,0.01991965656256,True,True,False
10.1016/j.jallcom.2004.10.002,158,2005.0,https://DOI.org/10.1016/j.jallcom.2004.10.002,tematdb,v1.1.6,,,,,,,,,,,,,,,,,,,,,,,,,,,,,,,,,,,,,False,False,False
10.1039/C5TC01429H,159,2015.0,https://DOI.org/10.1039/C5TC01429H,tematdb,v1.1.6,True,True,True,0.9872611464968152,True,300.0,611.647,296.149,609.68,300.0,610.0,298.0,608.0,300.0,608.0,310.0,310.0,308.0,0.6585723872229888,0.6597404605815179,0.9729262599469496,0.9623991815588488,-2.0,-0.001168073358529,0.0105270783881007,0.0407349549062228,0.0155891445268867,0.011946137992825,True,True,True,True,0.0618534206664668,0.0617439089158145,0.0418684915632187,0.0423264646175636,True,True,False
10.1002/aenm.201100613,160,2012.0,https://DOI.org/10.1002/aenm.201100613,tematdb,v1.1.6,True,True,True,0.9952153110047848,True,300.0,714.536,297.101,714.58,300.0,714.0,298.0,714.0,300.0,714.0,414.0,416.0,414.0,0.5310694985192598,0.4966496531677806,1.0079789504795458,0.9352274157851816,-1.0,0.0344198453514791,0.0727515346943641,0.095170458781675,0.0431590013136524,0.0362247374351516,True,True,True,True,0.1792052811299303,0.1916249375684636,0.0944171093418148,0.1017618358651019,True,False,False
10.1088/1674-1056/21/10/106101,161,2012.0,https://DOI.org/10.1088/1674-1056/21/10/106101,tematdb,v1.1.6,True,True,True,0.9694656488549618,True,313.673,566.798,311.745,572.937,314.0,566.0,312.0,572.0,314.0,566.0,252.0,260.0,252.0,0.8298047203855177,0.804954223163011,1.1931983130835018,1.1481544359471385,2.0,0.0248504972225066,0.0450438771363632,0.042275383911924,0.023047798443217,0.0187888492574428,True,True,True,True,0.0509461839314235,0.0525189913853808,0.0354303081460739,0.0368202940199853,True,True,False
10.1016/j.ssi.2014.03.025,162,2014.0,https://DOI.org/10.1016/j.ssi.2014.03.025,tematdb,v1.1.6,True,True,True,0.9933333333333332,True,323.137,621.473,320.944,621.341,324.0,620.0,322.0,620.0,324.0,620.0,296.0,298.0,296.0,0.4080051619614731,0.3777939117999225,0.961136944347064,0.936666034739494,-1.0,0.0302112501615505,0.02447090960757,0.1180124497473079,0.0396712196033135,0.0310294127504469,True,True,True,True,0.2892425409030771,0.3123725556747635,0.1227842197112485,0.1259920242331939,False,False,False
10.1063/1.4963779,163,2016.0,https://DOI.org/10.1063/1.4963779,tematdb,v1.1.6,True,True,True,0.9915611814345991,True,300.363,771.607,298.527,772.018,302.0,770.0,300.0,772.0,302.0,770.0,468.0,472.0,468.0,0.3098762695807338,0.3033053610591193,0.6928049737322145,0.6760850658019083,0.0,0.0065709085216144,0.0167199079303062,0.0192144551324718,0.0077270110704419,0.0062217861843437,True,True,True,True,0.0620068621533015,0.0633501994998586,0.0277342915553298,0.0284201738869671,True,True,False
10.1063/1.4896435,164,2014.0,https://DOI.org/10.1063/1.4896435,tematdb,v1.1.6,True,True,True,0.9865771812080536,True,306.673,601.544,305.693,603.754,308.0,600.0,306.0,602.0,308.0,600.0,292.0,296.0,292.0,0.8229463879501016,0.8314707392850039,1.1204221919472406,1.178895582003697,0.0,-0.0085243513349023,-0.0584733900564564,0.058759748959615,0.0168908382781071,0.012567583879736,True,True,True,True,0.0714016730858752,0.070669653402528,0.052444292322962,0.0498430478972061,True,False,False
10.1039/c1jm13888j,165,2011.0,https://DOI.org/10.1039/c1jm13888j,tematdb,v1.1.6,True,True,True,0.9830508474576272,True,301.917,651.269,296.397,649.132,302.0,650.0,298.0,648.0,302.0,648.0,348.0,350.0,346.0,0.7881202319528163,0.847159462683716,1.051260358974359,1.0580057112222616,-3.0,-0.0590392307308996,-0.0067453522479026,0.2278258142830704,0.0969718162959439,0.0585555060437528,True,True,True,True,0.2890749470021346,0.2689290792566268,0.2167168316946185,0.2153351459888383,False,False,False
10.1063/1.3029774,166,2008.0,https://DOI.org/10.1063/1.3029774,tematdb,v1.1.6,True,True,True,0.9774011299435028,True,326.518,674.632,320.754,672.129,328.0,674.0,322.0,672.0,328.0,672.0,346.0,350.0,344.0,1.2554766730988909,1.269286926275741,1.6030495024647482,1.61583618930216,-4.0,-0.01381025317685,-0.0127866868374117,0.0336010320217612,0.0135125445659474,0.011334822034413,True,True,True,True,0.0267635653785775,0.0264723691122788,0.0209606952062917,0.020794825765273,True,True,False
10.1016/j.actamat.2015.04.011,167,2015.0,https://DOI.org/10.1016/j.actamat.2015.04.011,tematdb,v1.1.6,True,True,True,0.890625,True,338.728,680.155,302.664,686.046,340.0,680.0,304.0,686.0,340.0,680.0,340.0,382.0,340.0,0.7453494820913672,0.7888075012597965,1.4156680271398747,1.394575751574779,-15.0,-0.0434580191684292,0.0210922755650957,0.0681855585113405,0.0199130395799913,0.0147042351342358,True,True,True,True,0.0914813254045867,0.0864413160402786,0.0481649350018155,0.0488934060658549,True,False,False
10.1016/j.jallcom.2010.03.170,168,2010.0,https://DOI.org/10.1016/j.jallcom.2010.03.170,tematdb,v1.1.6,True,True,True,0.9668508287292816,True,322.929,675.618,312.645,673.321,324.0,674.0,314.0,672.0,324.0,672.0,350.0,358.0,348.0,1.2279418002397842,1.2443374959374915,1.4643311431143116,1.497614656451825,-6.0,-0.0163956956977073,-0.0332835133375133,0.0338150516989363,0.0189727372520261,0.0164165756240376,True,True,True,True,0.0275379921852429,0.0271751448536555,0.0230924896038331,0.0225792740163558,True,True,False
10.2320/matertrans.47.1058,169,2006.0,https://DOI.org/10.2320/matertrans.47.1058,tematdb,v1.1.6,True,True,True,0.993975903614458,True,326.322,656.093,325.487,657.522,328.0,656.0,326.0,656.0,328.0,656.0,328.0,330.0,328.0,0.0764055506229112,0.0720583040543739,0.1250195668771854,0.1257866320101817,-1.0,0.0043472465685373,-0.0007670651329962,0.0131210264030419,0.0061086709195882,0.0047948588238172,True,True,True,True,0.1717287068291538,0.1820890260356543,0.1049517825952125,0.104311771396979,True,False,False
10.1016/j.tsf.2007.02.053,170,2007.0,https://DOI.org/10.1016/j.tsf.2007.02.053,tematdb,v1.1.6,,,,,,,,,,,,,,,,,,,,,,,,,,,,,,,,,,,,,False,False,False
10.1016/j.jcrysgro.2006.10.270,171,2007.0,https://DOI.org/10.1016/j.jcrysgro.2006.10.270,tematdb,v1.1.6,True,True,True,0.9759036144578314,True,349.061,843.797,345.652,834.783,350.0,842.0,346.0,834.0,350.0,834.0,492.0,488.0,484.0,0.1439547740828134,0.1405943807281892,0.175439,0.1684606087735312,-6.0,0.0033603933546242,0.0069783912264688,0.0109658329875798,0.0071456498692297,0.0066375110916376,True,True,True,True,0.0761755423357577,0.0779962394711921,0.062505104267465,0.0650943450069187,True,True,False
10.1007/s11837-016-2060-5,172,2016.0,https://DOI.org/10.1007/s11837-016-2060-5,tematdb,v1.1.6,True,True,True,0.959349593495935,True,299.116,791.121,307.323,778.976,300.0,790.0,308.0,778.0,308.0,778.0,490.0,470.0,470.0,1.088456726811254,1.1010777267971956,1.5727133894420895,1.68242392553588,-2.0,-0.0126209999859416,-0.1097105360937904,0.1432175860195628,0.052868261645898,0.0390173381842401,True,True,True,True,0.1315785758788348,0.1300703688159715,0.0910640088531123,0.0851257425942427,False,False,False
10.1007/s11664-016-5088-y,173,2016.0,https://DOI.org/10.1007/s11664-016-5088-y,tematdb,v1.1.6,True,True,True,0.9645390070921984,True,304.166,850.0,287.857,849.069,306.0,850.0,288.0,848.0,306.0,848.0,544.0,560.0,542.0,0.0906413145339115,0.0931981181303288,0.1656301069697476,0.1645053572926162,-10.0,-0.0025568035964172,0.0011247496771313,0.0024504878539279,0.0006452233131202,0.0004726720732894,True,True,True,True,0.0270349990677937,0.0262933190399952,0.0147949421681861,0.0148960975755279,True,True,True
10.1109/ICT.2007.4569472,174,2006.0,https://DOI.org/10.1109/ICT.2007.4569472,tematdb,v1.1.6,True,True,True,0.9261744966442952,True,319.701810436634,871.352502662406,293.611297915265,888.634835238735,320.0,870.0,294.0,888.0,320.0,870.0,550.0,594.0,550.0,0.5503677486738338,0.5106119517848378,0.8703425978483147,0.779521527394982,-4.0,0.039755796888996,0.0908210704533326,0.1484944268382707,0.0851064005604057,0.0673358093580276,True,True,True,True,0.2698094632108857,0.2908165904053172,0.1706160622327148,0.1904943245563876,False,False,False
10.1109/ICT.1998.740395 ,175,1998.0,https://DOI.org/10.1109/ICT.1998.740395 ,tematdb,v1.1.6,True,True,True,0.995260663507109,True,334.5299984273209,756.6405680153679,335.514271585617,754.732833558887,336.0,756.0,336.0,754.0,336.0,754.0,420.0,418.0,418.0,0.2325098522161534,0.2627259976339783,0.656786171137203,0.6819324815619748,-1.0,-0.0302161454178249,-0.0251463104247718,0.0700655791216513,0.0356072364350659,0.0282199240657868,True,True,True,True,0.3013445600426199,0.2666868895832095,0.1066794372365288,0.1027456251404321,False,False,False
10.1073/pnas.1424388112,176,2015.0,https://DOI.org/10.1073/pnas.1424388112,tematdb,v1.1.6,True,True,True,1.0,True,302.3469,723.577,303.4705,723.5840000000001,304.0,722.0,304.0,722.0,304.0,722.0,418.0,418.0,418.0,0.9440331695587316,0.9323266412486704,1.373354104744091,1.3565008256479505,0.0,0.0117065283100613,0.0168532790961404,0.029040424530918,0.0150081570382207,0.0127594711008819,True,True,True,True,0.0307620806846144,0.0311483371235901,0.0211456203688482,0.0214083353152745,True,True,False
10.1016/j.mseb.2008.12.029,177,2009.0,https://DOI.org/10.1016/j.mseb.2008.12.029,tematdb,v1.1.6,True,True,True,0.7417840375586855,True,325.171,750.376,331.746,647.222,326.0,750.0,332.0,646.0,332.0,646.0,424.0,314.0,314.0,0.0808499623081348,0.0697822295635839,0.0993613906145001,0.0863100247358918,-49.0,0.0110677327445508,0.0130513658786082,0.0224309128046395,0.0116916578173213,0.0096119416249849,True,True,True,True,0.2774387540114238,0.3214416183736429,0.2257507938034645,0.2598876882874031,False,False,False
10.1007/s11664-009-0735-1,178,2009.0,https://DOI.org/10.1007/s11664-009-0735-1,tematdb,v1.1.6,True,True,True,0.9904153354632588,True,300.136,925.381,298.121,920.72,302.0,924.0,300.0,920.0,302.0,920.0,622.0,620.0,618.0,0.5985985755161427,0.5899100120861198,0.9809097223280344,0.9851537424256132,-3.0,0.0086885634300228,-0.0042440200975787,0.0834900404939298,0.0318537376954975,0.0254889764308813,True,True,True,True,0.1394758422569589,0.1415301296526245,0.0851149077162569,0.0847482346139835,True,False,False
10.1007/s11664-009-0735-1,179,2009.0,https://DOI.org/10.1007/s11664-009-0735-1,tematdb,v1.1.6,True,True,True,0.939873417721519,True,300.377675199328,896.936634494335,302.213,932.781,302.0,896.0,304.0,932.0,304.0,896.0,594.0,628.0,592.0,0.1399477017424343,0.1268202640407766,0.2563498408147709,0.263216943653316,19.0,0.0131274377016576,-0.006867102838545,0.0233909208711682,0.0102279711819503,0.00749257346987,True,True,True,True,0.1671404430364841,0.1844415089977048,0.0912460908765285,0.0888655591335201,True,False,False
10.1109/ICT.2006.331355 ,180,2006.0,https://DOI.org/10.1109/ICT.2006.331355 ,tematdb,v1.1.6,,,,,,,,,,,,,,,,,,,,,,,,,,,,,,,,,,,,,False,False,False
10.2320/matertrans1989.33.851,181,1992.0,https://DOI.org/10.2320/matertrans1989.33.851,tematdb,v1.1.6,True,True,True,0.8458904109589042,True,300.903346151416,794.93826853807,299.480847186013,883.184451380739,302.0,794.0,300.0,882.0,302.0,794.0,492.0,582.0,492.0,0.5857756351787525,0.7262558370283795,1.0871207160242549,1.3152449725052016,43.0,-0.1404802018496269,-0.2281242564809467,0.8839823767140704,0.2525934135843343,0.134715775265203,True,True,True,True,1.509080138582955,1.2171776550961166,0.8131409545270295,0.6721047372873151,False,False,False
"https://www.komatsu.jp/en/aboutus/innovation/technology/techreport [KOMATSU TECHNICAL REPORT 49, 152 (2003)]",182,2003.0,"https://DOI.org/https://www.komatsu.jp/en/aboutus/innovation/technology/techreport [KOMATSU TECHNICAL REPORT 49, 152 (2003)]",tematdb,v1.1.6,,,,,,,,,,,,,,,,,,,,,,,,,,,,,,,,,,,,,False,False,False
10.1016/j.physb.2005.04.017,183,2005.0,https://DOI.org/10.1016/j.physb.2005.04.017,tematdb,v1.1.6,True,True,True,0.9854545454545456,True,313.938053097345,856.679,314.685,862.238,314.0,856.0,316.0,862.0,316.0,856.0,542.0,546.0,540.0,0.4364376807091094,0.4151107766334295,0.8645113038477921,0.8749793428202441,4.0,0.0213269040756798,-0.010468038972452,0.0360442622332514,0.0190267310597252,0.016624901509518,True,True,True,True,0.0825874204415345,0.0868304661362258,0.041693222601977,0.0411944150785012,True,True,False
10.1143/JJAP.46.3309,184,2007.0,https://DOI.org/10.1143/JJAP.46.3309,tematdb,v1.1.6,True,True,True,0.9853479853479854,True,322.864,861.48,319.78,865.398,324.0,860.0,320.0,864.0,324.0,860.0,536.0,544.0,536.0,0.1965012783108795,0.1899738426253916,0.3238926069987389,0.3235862454087259,0.0,0.0065274356854878,0.000306361590013,0.0145683870303207,0.0082145752821581,0.0067357410041891,True,True,True,True,0.0741388918970416,0.0766862786423082,0.0449790662569137,0.0450216510652956,True,True,False
10.1016/j.intermet.2007.02.009,185,2007.0,https://DOI.org/10.1016/j.intermet.2007.02.009,tematdb,v1.1.6,True,True,True,1.0,True,327.342549923195,853.603366649132,327.013506753376,853.476738369184,328.0,852.0,328.0,852.0,328.0,852.0,524.0,524.0,524.0,0.3074133023796792,0.2973476502550893,0.5582491245622817,0.5409334333053529,0.0,0.0100656521245899,0.0173156912569287,0.0173156912569287,0.0106904300845778,0.0100733596172795,True,True,True,True,0.0563270721302182,0.0582338257661493,0.0310178565358357,0.0320107617514449,True,True,False
10.4028/www.scientific.net/AMR.66.17,186,2009.0,https://DOI.org/10.4028/www.scientific.net/AMR.66.17,tematdb,v1.1.6,True,True,True,1.0,True,334.853700516351,822.949426264343,334.408602150537,823.225806451612,336.0,822.0,336.0,822.0,336.0,822.0,486.0,486.0,486.0,0.3612903974223471,0.3642466988988374,0.8027690279608699,0.9185550801949292,0.0,-0.0029563014764903,-0.1157860522340592,0.1157860522340592,0.0403564009000278,0.0314804748089422,True,True,True,True,0.3204791853316427,0.3178781100394175,0.1442333326289004,0.1260523780560747,False,False,False
10.1021/acs.chemmater.6b02308,187,2016.0,https://DOI.org/10.1021/acs.chemmater.6b02308,tematdb,v1.1.6,True,True,True,0.9840637450199204,True,298.54,798.842,296.811,792.56,300.0,798.0,298.0,792.0,300.0,792.0,498.0,494.0,492.0,0.996043215763294,0.9998867943177996,1.454959094449854,1.4607707271403234,-4.0,-0.0038435785545053,-0.0058116326904693,0.0259320527378316,0.010611444136655,0.0093171753318143,True,True,True,True,0.0260350678840367,0.0259349887259231,0.0178232177363288,0.017752308597118,True,True,False
10.1063/1.2981516,188,2008.0,https://DOI.org/10.1063/1.2981516,tematdb,v1.1.6,True,True,True,0.9912280701754386,True,319.281,772.229,321.178,774.57,320.0,772.0,322.0,774.0,322.0,772.0,452.0,452.0,450.0,0.7704864859492755,0.7603403547740665,1.0779696301614403,1.0315159360503594,2.0,0.010146131175209,0.0464536941110809,0.0753217930221407,0.030772310833095,0.0224318731821355,True,True,True,True,0.0977587464487981,0.0990632583805477,0.0698737616669778,0.0730204841144242,True,False,False
10.1088/0022-3727/41/18/185103,189,2008.0,https://DOI.org/10.1088/0022-3727/41/18/185103,tematdb,v1.1.6,True,True,True,0.952755905511811,True,320.301,805.611,308.955,817.91,322.0,804.0,310.0,816.0,322.0,804.0,482.0,506.0,482.0,0.4207609396315331,0.4093657689994045,0.8154254960152338,0.7878704860292743,0.0,0.0113951706321286,0.0275550099859595,0.0227646436261412,0.0142160247922323,0.0126716896312478,True,True,True,True,0.0541035098126661,0.0556095437138868,0.0279175028710605,0.0288938905947232,True,True,False
10.1063/1.4918311,190,2015.0,https://DOI.org/10.1063/1.4918311,tematdb,v1.1.6,True,True,True,0.9920318725099602,True,300.0,800.0,300.252908447142,799.747091552857,300.0,800.0,302.0,798.0,302.0,798.0,500.0,496.0,496.0,0.6411156628269916,0.6653169583434102,1.1126482785253762,1.1665132818943245,0.0,-0.0242012955164185,-0.0538650033689482,0.1490475190954384,0.0483140879084401,0.0340913706450426,True,True,True,True,0.2324814814821638,0.2240248309115037,0.1339574436703171,0.1277718148681489,False,False,False
10.1007/s11664-009-0698-2,191,2009.0,https://DOI.org/10.1007/s11664-009-0698-2,tematdb,v1.1.6,True,True,True,0.8735632183908046,True,318.4,492.829,321.176,473.29,320.0,492.0,322.0,472.0,322.0,472.0,172.0,150.0,150.0,1.0293858999047465,1.0378347942196082,1.4806671805672562,1.4628497891043069,-9.0,-0.0084488943148619,0.0178173914629493,0.1347621353203909,0.0368726963536096,0.0284356713602784,True,True,True,True,0.1309150779439091,0.129849313273144,0.0910144677271515,0.092123016542187,False,False,False
10.2320/matertrans1989.33.851,192,1992.0,https://DOI.org/10.2320/matertrans1989.33.851,tematdb,v1.1.6,True,True,True,0.95,True,300.953163874344,575.185487902617,309.296864143777,581.294177590439,302.0,574.0,310.0,580.0,310.0,574.0,272.0,270.0,264.0,0.1019646547825017,0.0348118463600589,0.1502799595513444,0.0520888984440436,7.0,0.0671528084224428,0.0981910611073008,0.0996375809939396,0.0709553760648448,0.0675098341468731,True,True,True,True,0.977177642649544,2.862174558723148,0.6630130943034862,1.912837168191896,False,False,False
10.2320/matertrans1989.33.851,193,1992.0,https://DOI.org/10.2320/matertrans1989.33.851,tematdb,v1.1.6,True,True,True,0.9132653061224488,True,303.843721140169,693.520550426568,300.195669342386,661.211892609749,304.0,692.0,302.0,660.0,304.0,660.0,388.0,358.0,356.0,0.7759330596235271,0.8192777141458459,1.7341000211182835,1.530945983369588,-17.0,-0.0433446545223188,0.2031540377486955,0.2682510045531905,0.1138354425727394,0.0900196764933168,True,True,True,True,0.3457141066825307,0.3274237781908432,0.1546917716892715,0.1752191177658497,False,False,False
10.1021/nl8026795,194,2008.0,https://DOI.org/10.1021/nl8026795,tematdb,v1.1.6,True,True,True,0.9812206572769951,True,327.4136,1163.027,321.15,1173.15,328.0,1162.0,322.0,1172.0,328.0,1162.0,834.0,850.0,834.0,0.5769610423708921,0.58062319085257,0.9899475858333332,1.0334759591234326,2.0,-0.0036621484816778,-0.0435283732900994,0.0477205066234326,0.016418350491634,0.0121964389080568,True,True,True,True,0.0827101019287817,0.08218842680631,0.0482050840936813,0.0461747621724146,True,True,False
10.1021/nl102931z,195,2010.0,https://DOI.org/10.1021/nl102931z,tematdb,v1.1.6,True,True,True,0.986842105263158,True,149.62,300.018,149.593,299.413,150.0,300.0,150.0,298.0,150.0,298.0,150.0,148.0,148.0,0.2252662611584948,0.1706964344384048,0.4143056893553222,0.3003499323083828,-1.0,0.05456982672009,0.1139557570469393,0.1147999217132181,0.0603126535985929,0.056298540025023,True,True,True,True,0.509618800093842,0.6725384867640178,0.2770898992283979,0.3822205679585368,False,False,False
10.1063/1.3027060,196,2008.0,https://DOI.org/10.1063/1.3027060,tematdb,v1.1.6,True,True,True,0.9930232558139536,True,314.2844,1171.617,316.0134,1174.508,316.0,1170.0,318.0,1174.0,318.0,1170.0,854.0,856.0,852.0,0.7786040864471236,0.7684933480297227,1.3210780622533078,1.3122204708748713,3.0,0.0101107384174009,0.0088575913784365,0.0202102125426965,0.0113687300938734,0.009951472985122,True,True,True,True,0.02595698236689,0.0262984872862098,0.0152982727668831,0.0154015373111975,True,True,False
10.1039/c2jm16369a,197,2012.0,https://DOI.org/10.1039/c2jm16369a,tematdb,v1.1.6,True,True,True,1.0,True,301.5260703688,660.921501706484,300.798084596967,661.21308858739,302.0,660.0,302.0,660.0,302.0,660.0,358.0,358.0,358.0,0.6707344747384512,0.6619393946024741,0.9575956815114716,0.9401637803745108,0.0,0.008795080135977,0.0174319011369608,0.0180052575245955,0.0110132459350011,0.0098422838981501,True,True,True,True,0.0268440913695641,0.0272007644074554,0.0188025675890434,0.0191511924841683,True,True,True
10.1103/PhysRevB.91.165104,198,2015.0,https://DOI.org/10.1103/PhysRevB.91.165104,tematdb,v1.1.6,,,,,,,,,,,,,,,,,,,,,,,,,,,,,,,,,,,,,False,False,False
10.1088/0953-8984/26/44/445002,199,2014.0,https://DOI.org/10.1088/0953-8984/26/44/445002,tematdb,v1.1.6,True,True,True,0.9285714285714286,True,320.01003009027,633.149448345035,312.079646017699,649.690265486725,322.0,632.0,314.0,648.0,322.0,632.0,310.0,334.0,310.0,0.0370329866332914,0.0507995626504091,0.0839740943631034,0.1011547128362123,4.0,-0.0137665760171177,-0.0171806184731089,0.0285396748616161,0.0177160425329591,0.0151402657355544,True,True,True,True,0.7706555008436718,0.5618094600148357,0.3398628479184407,0.2821388550410604,False,False,False
10.1039/c4ee03042g,200,2015.0,https://DOI.org/10.1039/c4ee03042g,tematdb,v1.1.6,True,True,True,0.9975,True,300.388672959467,1099.61132704053,300.358680057388,1100.21520803443,302.0,1098.0,302.0,1100.0,302.0,1098.0,796.0,798.0,796.0,0.5723454250771828,0.5822429671981237,1.0940696864111488,1.1028712077578633,1.0,-0.0098975421209409,-0.0088015213467145,0.026597831365646,0.0153060546118528,0.0116479665948901,True,True,True,True,0.0464716414253844,0.0456816704779457,0.0243109115406481,0.0241168970397907,True,True,False
10.1039/C4EE02813A,201,2015.0,https://DOI.org/10.1039/C4EE02813A,tematdb,v1.1.6,True,True,True,0.9814814814814816,True,299.0121,515.2439999999999,298.99159999999995,510.914,300.0,514.0,300.0,510.0,300.0,510.0,214.0,210.0,210.0,0.9024755811112354,0.9059342056726316,1.1434646251340548,1.1368204485495166,-2.0,-0.0034586245613961,0.0066441765845381,0.0314565787384065,0.0162061431126803,0.0139066975517018,True,True,True,True,0.0348558779836164,0.034722807176765,0.0275098836002195,0.027670665828137,True,True,False
10.1038/nature08088,202,2009.0,https://DOI.org/10.1038/nature08088,tematdb,v1.1.6,True,True,True,0.9895287958115184,True,323.156722751498,702.578425985727,324.386382257828,704.69836645675,324.0,702.0,326.0,704.0,326.0,702.0,378.0,378.0,376.0,0.4588964395890802,0.4503264563052952,1.471781908531989,1.4866275172823575,2.0,0.0085699832837849,-0.0148456087503685,0.032029295051171,0.011254132380406,0.0091672471205015,True,True,True,True,0.0697963468181442,0.071124613272681,0.0217622562592295,0.0215449362256676,True,True,False
10.1039/C4CP04875J,203,2015.0,https://DOI.org/10.1039/C4CP04875J,tematdb,v1.1.6,True,True,True,0.9682539682539684,True,384.391,876.628,373.15,873.15,386.0,876.0,374.0,872.0,386.0,872.0,490.0,498.0,486.0,0.4139372867099999,0.4068724709416908,0.6646714220000001,0.654204408977727,-8.0,0.0070648157683091,0.010467013022273,0.0281653132965401,0.0184423703685807,0.0173105059917512,True,True,True,True,0.0680424648873742,0.0692239345447791,0.0423747920616032,0.0430527720541532,True,True,False
10.1088/0022-3727/40/2/035,204,2007.0,https://DOI.org/10.1088/0022-3727/40/2/035,tematdb,v1.1.6,True,True,True,1.0,True,327.5948884955351,724.9741347053321,327.540079247456,725.994564517666,328.0,724.0,328.0,724.0,328.0,724.0,396.0,396.0,396.0,0.0271704877998739,0.0285007829887019,0.0520918096410122,0.0527066815016072,0.0,-0.0013302951888279,-0.000614871860595,0.0085853006747803,0.0026423553136655,0.0013849372429593,True,True,True,True,0.3159788936443062,0.3012303443797887,0.1648109507798908,0.1628882796295667,False,False,False
10.1088/0953-8984/14/34/318,205,2002.0,https://DOI.org/10.1088/0953-8984/14/34/318,tematdb,v1.1.6,True,True,True,0.9856115107913668,True,7.2397,285.714,11.828,284.946,8.0,284.0,12.0,284.0,12.0,284.0,276.0,272.0,272.0,0.0054102903883331,0.0053886115069943,0.0127119902859028,0.0129877255669047,2.0,2.167888133880816e-05,-0.0002757352810018,0.0006670198988979,0.0002846642066408,0.0002253565270331,True,True,True,True,0.1232872639029452,0.1237832599422345,0.0524717124459812,0.0513577142866105,True,False,False
10.1039/C4CP04875J,206,2015.0,https://DOI.org/10.1039/C4CP04875J,tematdb,v1.1.6,True,True,True,0.972,True,387.588,873.196,373.15,873.15,388.0,872.0,374.0,872.0,388.0,872.0,484.0,498.0,484.0,0.2936843235,0.2851715423239986,0.3839806639999999,0.3724320889728275,-7.0,0.0085127811760013,0.0115485750271724,0.0384143325372267,0.0150234543138423,0.013070795916742,True,True,True,True,0.1308014404017951,0.1347060517475555,0.1000423618654578,0.1031445293641963,True,False,False
10.1063/1.2920210,207,2008.0,https://DOI.org/10.1063/1.2920210,tematdb,v1.1.6,True,True,True,0.992,True,303.401455767077,799.84790561927,299.179004658456,799.300462770782,304.0,798.0,300.0,798.0,304.0,798.0,494.0,498.0,494.0,0.8912685549111905,0.8781094850838421,1.3474886450412855,1.3288874189173332,-2.0,0.0131590698273483,0.0186012261239523,0.0458814094845654,0.0231029374683416,0.0189454712066925,True,True,True,True,0.0514787706037011,0.0522502151086372,0.0340495704015076,0.0345261824526458,True,True,False
10.1016/j.actamat.2009.03.018,208,2009.0,https://DOI.org/10.1016/j.actamat.2009.03.018,tematdb,v1.1.6,True,True,True,0.9963636363636365,True,300.34270047978,849.817739975698,300.0,849.895324494068,302.0,848.0,300.0,848.0,302.0,848.0,546.0,548.0,546.0,0.7791019403594862,0.7310269370491861,1.258244580934277,1.1566241981874452,-1.0,0.0480750033103001,0.1016203827468318,0.1016203827468318,0.0569124245702637,0.0499342215120089,True,True,True,True,0.130432716802044,0.1390104489952529,0.0807636164595091,0.0878594645573574,False,False,False
10.1016/j.jallcom.2008.09.120,209,2009.0,https://DOI.org/10.1016/j.jallcom.2008.09.120,tematdb,v1.1.6,True,True,True,0.9946524064171124,True,371.552,742.292,368.367,742.274,372.0,742.0,370.0,742.0,372.0,742.0,370.0,372.0,370.0,0.1937960152561161,0.1931995946482529,0.3878597418545671,0.3874053413170987,-1.0,0.0005964206078631,0.0004544005374684,0.005803472629798,0.0029378989632451,0.0025896700951848,True,True,True,True,0.029946294933507,0.0300387412321652,0.0149628125931516,0.0149803629709065,True,True,True
10.1016/j.jallcom.2007.11.144,210,2009.0,https://DOI.org/10.1016/j.jallcom.2007.11.144,tematdb,v1.1.6,True,True,True,0.9930555555555556,True,297.663224999618,870.922,294.505,868.132,298.0,870.0,296.0,868.0,298.0,868.0,572.0,572.0,570.0,0.4770467205472251,0.5908793541968793,0.9486314506949042,0.981412404555841,-2.0,-0.1138326336496541,-0.0327809538609368,0.1860267517394771,0.123450594063699,0.1113388275507529,True,True,True,True,0.3899549954480013,0.3148303463611855,0.1961001309868087,0.1895500310327415,False,False,False
10.1016/j.jallcom.2009.02.070,211,2009.0,https://DOI.org/10.1016/j.jallcom.2009.02.070,tematdb,v1.1.6,True,True,True,0.9886363636363636,True,305.368693402328,652.643447406508,300.779510022271,652.338530066815,306.0,652.0,302.0,652.0,306.0,652.0,346.0,350.0,346.0,0.1198943274581175,0.1408629783743749,0.1701006485084299,0.2083974924725977,-2.0,-0.0209686509162574,-0.0382968439641678,0.0479977429423137,0.0258934904205826,0.0202394113119525,True,True,True,True,0.400333726873615,0.3407406509235451,0.2821726040623243,0.2303182364280368,False,False,False
10.1007/s10854-012-0668-y,212,2012.0,https://DOI.org/10.1007/s10854-012-0668-y,tematdb,v1.1.6,True,True,True,0.9920318725099602,True,300.487927399696,799.762244412743,300.0,800.0,302.0,798.0,300.0,800.0,302.0,798.0,496.0,500.0,496.0,0.5424405177880193,0.5426143985719911,0.950977198697068,0.9510589022271853,0.0,-0.0001738807839718,-8.170353011727194e-05,0.00236722378087,0.0010548819915574,0.0009213864584099,True,True,True,True,0.0043640246317203,0.0043626261800275,0.0024892539843367,0.002489040137605,True,True,True
10.1063/1.1450036,213,2002.0,https://DOI.org/10.1063/1.1450036,tematdb,v1.1.6,True,True,True,1.0,True,299.775,800.0,299.504,800.465,300.0,800.0,300.0,800.0,300.0,800.0,500.0,500.0,500.0,0.6349485331221695,0.6061609838828264,1.1733385861078522,1.1605444651411525,0.0,0.0287875492393431,0.0127941209666997,0.0570681170565438,0.0346353970205627,0.0287875492393431,True,True,True,True,0.0898783351399024,0.0941468002295167,0.0486373820244399,0.0491735722074232,True,False,False
10.1063/1.2538036,214,2007.0,https://DOI.org/10.1063/1.2538036,tematdb,v1.1.6,True,True,True,0.9850746268656716,True,373.230593607305,771.901,374.717,775.283,374.0,770.0,376.0,774.0,376.0,770.0,396.0,398.0,394.0,0.0747042165686911,0.0747866747895716,0.1133761751059558,0.1149924142790249,3.0,-8.245822088047416e-05,-0.0016162391730691,0.0016162391730691,0.0007916722269643,0.0006266646911926,True,True,True,True,0.0216351800113312,0.0216113255150966,0.0142555450610205,0.0140551807978164,True,True,True
10.1063/1.2963476,215,2008.0,https://DOI.org/10.1063/1.2963476,tematdb,v1.1.6,True,True,True,0.9914893617021276,True,307.7044,773.816,305.29970000000003,775.5840000000001,308.0,772.0,306.0,774.0,308.0,772.0,464.0,468.0,464.0,0.3933096701463733,0.380117095317707,0.6829014348654441,0.6881752711419358,0.0,0.0131925748286663,-0.0052738362764916,0.0226073433714082,0.0151129577119127,0.0135899833223321,True,True,True,True,0.0574797547260782,0.0594746820121646,0.0331048409290028,0.0328511417358755,True,True,False
10.1016/j.jallcom.2009.01.067,216,2009.0,https://DOI.org/10.1016/j.jallcom.2009.01.067,tematdb,v1.1.6,True,True,True,0.9831223628691984,True,300.552486187845,774.348855564325,300.170648464163,767.832764505119,302.0,774.0,302.0,766.0,302.0,766.0,472.0,464.0,464.0,0.0756773466242108,0.0747492213158644,0.1007844623015265,0.1007105964034217,-4.0,0.0009281253083464,7.386589810480515e-05,0.0014203991565647,0.0005316987409547,0.0004035769594606,True,True,True,True,0.0187691458530917,0.0190021933547999,0.0140934338897919,0.0141037706784599,True,True,True
10.1063/1.2067704,217,2005.0,https://DOI.org/10.1063/1.2067704,tematdb,v1.1.6,True,True,True,1.0,True,300.1056710109198,848.977061376317,300.299043062201,849.940191387559,302.0,848.0,302.0,848.0,302.0,848.0,546.0,546.0,546.0,0.3742635164615933,0.3702217979031995,0.7212462509090204,0.7023359596645891,0.0,0.0040417185583938,0.0189102912444313,0.0199433204332396,0.0080535468402081,0.0050554206309661,True,True,True,True,0.0532868408382151,0.053868574314617,0.0276511945928372,0.0283956988942498,True,True,False
10.1039/c4ta02780a,218,2014.0,https://DOI.org/10.1039/c4ta02780a,tematdb,v1.1.6,True,True,True,0.996078431372549,True,310.301507537688,819.772614928324,310.390895596239,820.039584364176,312.0,818.0,312.0,820.0,312.0,818.0,506.0,508.0,506.0,0.548113622169989,0.5430859067881149,0.9731100631212362,0.9619336393279324,1.0,0.0050277153818741,0.0111764237933037,0.0132265467061671,0.0055533838021478,0.0042532470046597,True,True,True,True,0.0241310308140182,0.0243544281684472,0.0135920356878678,0.0137499575494709,True,True,True
10.1063/1.2815671,219,2007.0,https://DOI.org/10.1063/1.2815671,tematdb,v1.1.6,True,True,True,0.9879032258064516,True,329.3525,818.466,325.4702,821.206,330.0,818.0,326.0,820.0,330.0,818.0,488.0,494.0,488.0,0.6174113601637096,0.6196535124887806,0.9175546791854342,0.9215814311820064,-1.0,-0.002242152325071,-0.0040267519965722,0.0132067000708057,0.006356488942272,0.0056130708509644,True,True,True,True,0.0213904390539621,0.021313039956414,0.014393365725659,0.0143304754457422,True,True,True
10.3365/met.mat.2008.10.615,220,2008.0,https://DOI.org/10.3365/met.mat.2008.10.615,tematdb,v1.1.6,True,True,True,0.9900497512437813,True,300.0,699.804400977995,300.195217179111,700.0,300.0,698.0,302.0,700.0,302.0,698.0,398.0,398.0,396.0,0.4932344243209263,0.6116365610198731,0.781075268817204,0.7752780582842431,2.0,-0.1184021366989467,0.0057972105329608,0.2924108185467408,0.1654085158769554,0.1373048336205129,True,True,True,True,0.5928434921170095,0.4780793647442535,0.3743695777098967,0.377168959474838,False,False,False
10.1016/j.actamat.2013.07.032,221,2013.0,https://DOI.org/10.1016/j.actamat.2013.07.032,tematdb,v1.1.6,True,True,True,1.0,True,422.943125345113,822.879464285714,423.015419760137,822.986864648772,424.0,822.0,424.0,822.0,424.0,822.0,398.0,398.0,398.0,0.7419084536291026,0.7470225586197252,1.2998489638275277,1.308264171672577,0.0,-0.0051141049906225,-0.0084152078450492,0.0862334164022262,0.0298026183517415,0.0213589206294502,True,True,True,True,0.116231882761827,0.1154361610733146,0.0663411048529083,0.065914375910776,True,False,False
10.1088/0022-3727/41/20/205403,222,2008.0,https://DOI.org/10.1088/0022-3727/41/20/205403,tematdb,v1.1.6,True,True,True,0.9911111111111112,True,301.608,747.632,300.948991696322,750.533807829181,302.0,746.0,302.0,750.0,302.0,746.0,444.0,448.0,444.0,0.6769152062894795,0.6761813299980202,0.9557399063080296,0.9680705039415156,2.0,0.0007338762914593,-0.0123305976334859,0.0123305976334859,0.0041289234349424,0.0030292609128929,True,True,True,True,0.0182158673921307,0.0182356375227368,0.0129016247538709,0.0127372929794697,True,True,True
10.1016/j.solidstatesciences.2008.01.016,223,2008.0,https://DOI.org/10.1016/j.solidstatesciences.2008.01.016,tematdb,v1.1.6,True,True,True,0.9963636363636365,True,301.538,849.914,298.27,848.582,302.0,848.0,300.0,848.0,302.0,848.0,546.0,548.0,546.0,0.550443386588406,0.5471423501350435,0.9017963995434756,0.904154564674972,-1.0,0.0033010364533624,-0.0023581651314964,0.0263545085166568,0.0126605126657746,0.0114407674471592,True,True,True,True,0.0478786904498926,0.0481675536725537,0.0292244552428891,0.0291482336608352,True,True,False
10.1063/1.3553842,224,2011.0,https://DOI.org/10.1063/1.3553842,tematdb,v1.1.6,True,True,True,1.0,True,300.0,800.0,300.0,800.0,300.0,800.0,300.0,800.0,300.0,800.0,500.0,500.0,500.0,0.5734325462094298,0.5919359488214614,0.8778928641251218,0.8776231449254889,0.0,-0.0185034026120315,0.0002697191996329,0.0277963761306438,0.0200973256774604,0.0187289222305755,True,True,True,True,0.048473663230988,0.0469584187038922,0.0316626063003084,0.0316723371430727,True,True,False
10.1016/j.intermet.2009.06.005,225,2010.0,https://DOI.org/10.1016/j.intermet.2009.06.005,tematdb,v1.1.6,True,True,True,0.9484126984126984,True,294.179894179894,773.584905660377,293.888888888888,797.777777777777,296.0,772.0,294.0,796.0,296.0,772.0,476.0,502.0,476.0,0.7623406845272906,0.7311981281780764,1.049440136494222,1.101064243503121,11.0,0.0311425563492142,-0.0516241070088989,0.071148263337409,0.0329119540196532,0.0273674646872672,True,True,True,True,0.0933286977613249,0.0973036726922276,0.0677964000644078,0.0646177221331294,True,False,False
10.1016/j.intermet.2010.12.001,226,2011.0,https://DOI.org/10.1016/j.intermet.2010.12.001,tematdb,v1.1.6,True,True,True,0.7333333333333333,True,384.399756246191,772.943327239488,464.562118126272,805.295315682281,386.0,772.0,466.0,804.0,466.0,772.0,386.0,338.0,306.0,1.016557021646499,0.9242592503221588,1.2152805995004103,1.2248320947461424,56.0,0.0922977713243401,-0.009551495245732,0.0269947369887215,0.0114844699160359,0.0093456754761228,True,True,True,True,0.0265550642156784,0.0292068886292588,0.0222127605754743,0.022039540851774,True,False,False
10.1016/j.actamat.2013.09.039,227,2014.0,https://DOI.org/10.1016/j.actamat.2013.09.039,tematdb,v1.1.6,True,True,True,0.975609756097561,True,423.844282238442,822.87104622871,423.703703703703,832.098765432098,424.0,822.0,424.0,832.0,424.0,822.0,398.0,408.0,398.0,1.2530070087180187,1.2163096036980443,1.9026011057128496,1.798693787626842,5.0,0.0366974050199744,0.1039073180860075,0.1029353820964309,0.0285342224945975,0.0206142873915518,True,True,True,True,0.0821506834201562,0.0846292603326227,0.0541024504754842,0.057227852124981,False,False,False
10.1016/j.actamat.2015.03.008,228,2015.0,https://DOI.org/10.1016/j.actamat.2015.03.008,tematdb,v1.1.6,True,True,True,1.0,True,423.034055727554,823.034055727554,423.072100313479,823.072100313479,424.0,822.0,424.0,822.0,424.0,822.0,398.0,398.0,398.0,0.7968737156270537,0.7988657254719094,1.448923696996467,1.4292211305284033,0.0,-0.0019920098448557,0.0197025664680636,0.0201415686060586,0.0071775123955601,0.0053311153998479,True,True,True,True,0.0252757346754867,0.0252127084237598,0.0139010554163831,0.0140926887910004,True,True,False
10.1126/science.272.5266.1325,229,1996.0,https://DOI.org/10.1126/science.272.5266.1325,tematdb,v1.1.6,True,True,True,0.903846153846154,True,324.755700325732,701.503094606543,323.040380047505,739.904988123515,326.0,700.0,324.0,738.0,326.0,700.0,374.0,414.0,374.0,0.5314360502472854,0.4798520126038984,0.8656382333838493,0.8041168886865375,18.0,0.0515840376433869,0.0615213446973117,0.0357576533747299,0.0228616415031673,0.021149134486363,True,True,True,True,0.0672849599835978,0.0745180856503912,0.0413078489324003,0.0444682282859862,True,False,False
10.1063/1.2920210,230,2008.0,https://DOI.org/10.1063/1.2920210,tematdb,v1.1.6,True,True,True,0.9920318725099602,True,302.597402597402,800.0,300.0,800.0,304.0,800.0,300.0,800.0,304.0,800.0,496.0,500.0,496.0,0.8915015918145266,0.8978065097746146,1.35147058823529,1.3617978796052232,-2.0,-0.006304917960088,-0.0103272913699332,0.0267303916092929,0.0100622127215821,0.0079576560027325,True,True,True,True,0.0299835601581898,0.0297729982109433,0.019778744607529,0.0196287510867926,True,True,False
10.1021/ja111199y,231,2011.0,https://DOI.org/10.1021/ja111199y,tematdb,v1.1.6,True,True,True,0.974910394265233,True,302.046,847.368,297.222,854.04,304.0,846.0,298.0,854.0,304.0,846.0,542.0,556.0,542.0,1.0403455197435911,1.022082077369985,1.645301450977332,1.6323001398475865,1.0,0.0182634423736061,0.0130013111297455,0.0523458446700573,0.0220316787890104,0.0166929849005638,True,True,True,True,0.0503158264986412,0.0512149129987224,0.0318153519155794,0.0320687619832863,True,False,False
10.1063/1.1852072,232,2005.0,https://DOI.org/10.1063/1.1852072,tematdb,v1.1.6,True,True,True,0.9895287958115184,True,300.473933649289,678.959276018099,298.912228057014,680.157539384846,302.0,678.0,300.0,680.0,302.0,678.0,376.0,380.0,376.0,0.3269512729396657,0.3266347224654343,0.6327744510978036,0.6290884920241924,0.0,0.0003165504742313,0.0036859590736112,0.0038255642104491,0.0017198837752573,0.0014291308556214,True,True,True,True,0.0117007166727106,0.011712056151207,0.0060456995439877,0.0060811225430936,True,True,True
10.1021/cm200560s,233,2011.0,https://DOI.org/10.1021/cm200560s,tematdb,v1.1.6,True,True,True,0.99601593625498,True,299.590403744879,799.999999999999,300.0,800.0,300.0,798.0,300.0,800.0,300.0,798.0,498.0,500.0,498.0,0.6373262856432103,0.6343527590312908,1.109396914446,1.1064594466866495,1.0,0.0029735266119194,0.0029374677593505,0.0045079809438339,0.001936848665378,0.0015532163108137,True,True,True,True,0.0070732700743456,0.00710642600612,0.0040634518494989,0.0040742396455047,True,True,True
10.1023/A:1012473428845,234,2001.0,https://DOI.org/10.1023/A:1012473428845,tematdb,v1.1.6,True,True,True,0.9959839357429718,True,299.613152804642,797.098646034816,301.783439490445,797.834394904458,300.0,796.0,302.0,796.0,302.0,796.0,496.0,494.0,494.0,0.4364678544785911,0.4454587686647293,0.7997291663790835,0.8444817851938061,1.0,-0.0089909141861381,-0.0447526188147225,0.0699418544720763,0.0228065420609221,0.0133627450776014,True,True,True,True,0.1602451446410173,0.1570108377970161,0.0874569259350019,0.0828222179546772,True,False,False
10.1063/1.1888048,235,2005.0,https://DOI.org/10.1063/1.1888048,tematdb,v1.1.6,,,,,,,,,,,,,,,,,,,,,,,,,,,,,,,,,,,,,False,False,False
10.1007/s11664-014-3016-6,236,2014.0,https://DOI.org/10.1007/s11664-014-3016-6,tematdb,v1.1.6,True,True,True,0.99601593625498,True,300.0,800.0,300.0,799.999999999999,300.0,800.0,300.0,798.0,300.0,798.0,500.0,498.0,498.0,0.7021885062202597,0.7045686133926885,1.1208559571619772,1.1217687245434804,-1.0,-0.0023801071724287,-0.0009127673815032,0.0077472732144662,0.0019948834378338,0.0014837540406899,True,True,True,True,0.0110330390569453,0.0109957682860168,0.0069119258054196,0.0069063016689283,True,True,True
10.1016/j.jallcom.2007.12.065,237,2009.0,https://DOI.org/10.1016/j.jallcom.2007.12.065,tematdb,v1.1.6,True,True,True,1.0,True,295.93544530783,727.734608487746,295.468097793679,727.906976744186,296.0,726.0,296.0,726.0,296.0,726.0,430.0,430.0,430.0,0.2039171712124186,0.2030052945724199,0.3195674516339395,0.3194352172897255,0.0,0.0009118766399986,0.0001322343442139,0.0026014893524783,0.0012246838143526,0.0010524860597053,True,True,True,True,0.0127575786629972,0.0128148842519486,0.0081406580650719,0.0081440279958824,True,True,True
10.1016/j.jallcom.2007.02.111,238,2008.0,https://DOI.org/10.1016/j.jallcom.2007.02.111,tematdb,v1.1.6,True,True,True,0.99601593625498,True,300.0,799.999999999999,300.0,800.0,300.0,798.0,300.0,800.0,300.0,798.0,498.0,500.0,498.0,0.4131846405997919,0.6405826361590671,0.600859291084854,0.8972971437080182,1.0,-0.2273979955592752,-0.2964378526231641,0.3190255849457571,0.2429730086419799,0.2281486941612154,True,True,True,True,0.7721138532222532,0.4980240907849677,0.5309489088031827,0.3555406223933869,False,False,False
10.1016/j.actamat.2011.10.059,239,2012.0,https://DOI.org/10.1016/j.actamat.2011.10.059,tematdb,v1.1.6,True,True,True,0.9950738916256158,True,298.847815650504,702.941176470588,297.517899761336,703.054892601431,300.0,702.0,298.0,702.0,300.0,702.0,402.0,404.0,402.0,0.961233219764508,0.9466902903018304,1.325430174563588,1.3131382323622045,-1.0,0.0145429294626777,0.0122919422013834,0.0328771561822875,0.0188127647932948,0.0171102393707657,True,True,True,True,0.0342031002531749,0.0347285236989231,0.0248048949037339,0.0250370870118866,True,True,False
10.1143/JJAP.47.7470,240,2008.0,https://DOI.org/10.1143/JJAP.47.7470,tematdb,v1.1.6,,,,,,,,,,,,,,,,,,,,,,,,,,,,,,,,,,,,,False,False,False
10.1021/ja8089334,241,2009.0,https://DOI.org/10.1021/ja8089334,tematdb,v1.1.6,True,True,True,0.9963768115942028,True,300.0,849.901671583087,300.0,850.0,300.0,848.0,300.0,850.0,300.0,848.0,548.0,550.0,548.0,0.8668002114444281,0.862504816949356,1.33905775075987,1.3242205159463147,1.0,0.0042953944950721,0.0148372348135552,0.0119193016828569,0.0045237860254042,0.003274254554357,True,True,True,True,0.0137509215220364,0.0138194030324549,0.0089012603646804,0.0090009945770543,True,True,True
10.1016/j.intermet.2012.08.005,242,2013.0,https://DOI.org/10.1016/j.intermet.2012.08.005,tematdb,v1.1.6,True,True,True,1.0,True,300.0,800.0,300.0,800.0,300.0,800.0,300.0,800.0,300.0,800.0,500.0,500.0,500.0,0.7006447846093041,0.7012162705638378,0.987614839111353,0.9813242691075122,0.0,-0.0005714859545337,0.0062905700038407,0.0062905700038407,0.0026669916148659,0.0020210914500989,True,True,True,True,0.0089782585156163,0.008970941302863,0.0063694567504685,0.0064102867949671,True,True,True
10.1016/j.spmi.2016.09.034,243,2017.0,https://DOI.org/10.1016/j.spmi.2016.09.034,tematdb,v1.1.6,,,,,,,,,,,,,,,,,,,,,,,,,,,,,,,,,,,,,False,False,False
10.1063/1.4965865 ,244,2016.0,https://DOI.org/10.1063/1.4965865 ,tematdb,v1.1.6,True,True,True,0.99,True,424.250499666888,821.281464530892,421.13606340819,821.598414795244,426.0,820.0,422.0,820.0,426.0,820.0,394.0,398.0,394.0,0.9305749019928236,0.9236726144019576,1.1951088645653785,1.1816237735384314,-2.0,0.0069022875908659,0.013485091026947,0.0229493670776234,0.0143040241304414,0.0134190946064814,True,True,True,True,0.0246614936943575,0.0248457805501597,0.0192027419075075,0.0194218901071196,True,True,False
10.1038/ncomms13828,245,2017.0,https://DOI.org/10.1038/ncomms13828,tematdb,v1.1.6,True,True,True,0.9601328903654484,True,316.857798165137,895.89905362776,300.0,900.0,318.0,894.0,300.0,900.0,318.0,894.0,576.0,600.0,576.0,0.7967642809846707,0.8083316096936218,1.65839874411303,1.5159903375485462,-6.0,-0.0115673287089511,0.1424084065644837,0.1587211455657273,0.0736521015100002,0.066408666962372,True,True,True,True,0.1992071549311597,0.1963564750683036,0.0957074685018632,0.1046979928792881,False,False,False
10.1016/j.scriptamat.2016.05.016,246,2016.0,https://DOI.org/10.1016/j.scriptamat.2016.05.016,tematdb,v1.1.6,True,True,True,1.0,True,298.02590993214,773.021276595744,298.113207547169,773.092698933551,300.0,772.0,300.0,772.0,300.0,772.0,472.0,472.0,472.0,1.0847424617167958,1.0747336641405143,1.4633707097296664,1.4522874596028108,0.0,0.0100087975762814,0.0110832501268556,0.0163946376289416,0.0105577319946644,0.0100087975762812,True,True,True,True,0.0151138525572182,0.0152546050951635,0.0112033386481886,0.0112888378402891,True,True,True
10.1016/j.jallcom.2016.08.033,247,2016.0,https://DOI.org/10.1016/j.jallcom.2016.08.033,tematdb,v1.1.6,True,True,True,1.0,True,298.14999999999986,498.168782870022,298.0940715883668,498.20592841163295,300.0,498.0,300.0,498.0,300.0,498.0,198.0,198.0,198.0,1.142348916004555,1.0296514643024424,1.286068508522721,1.1854889684915575,0.0,0.1126974517021126,0.1005795400311635,0.1374995546990309,0.1130267832903662,0.1126974517021127,True,True,True,True,0.1203656367792996,0.1335399010889405,0.1069146424065493,0.115985520197618,False,False,False
10.3938/jkps.69.1314,248,2016.0,https://DOI.org/10.3938/jkps.69.1314,tematdb,v1.1.6,True,True,True,0.9927536231884058,True,298.395378690629,572.941970310391,297.93956043956,572.493131868131,300.0,572.0,298.0,572.0,300.0,572.0,272.0,274.0,272.0,0.7409801256789715,0.7461541687570526,0.8725188151429942,0.8765088126795683,-1.0,-0.0051740430780811,-0.003989997536574,0.0130369835526638,0.0053125406796675,0.0049901049015497,True,True,True,True,0.0175942418708164,0.017472238444209,0.0149417792790258,0.0148737620935134,True,True,True
10.1063/1.4941757,249,2016.0,https://DOI.org/10.1063/1.4941757,tematdb,v1.1.6,True,True,True,0.989247311827957,True,302.557856272837,487.966305655836,302.577319587628,488.015463917525,304.0,486.0,304.0,488.0,304.0,486.0,182.0,184.0,182.0,1.312431808837931,1.3034360219508243,1.5785584856044426,1.5687469602155244,1.0,0.0089957868871066,0.0098115253889181,0.0095209095108004,0.0064737307186074,0.0061031056179055,True,True,True,True,0.0072544031977025,0.007304470146951,0.0060313948438564,0.0060691174244521,True,True,True
10.1039/c6ra24107g,250,2016.0,https://DOI.org/10.1039/c6ra24107g,tematdb,v1.1.6,True,True,True,1.0,True,303.0124426981,496.396396396396,303.056027164685,496.434634974533,304.0,496.0,304.0,496.0,304.0,496.0,192.0,192.0,192.0,1.1852878670760982,1.1807909806925754,1.373959702441024,1.3727991083574884,0.0,0.0044968863835228,0.0011605940835355,0.0099141338548716,0.0051827573038316,0.0044968863835227,True,True,True,True,0.0083643257728842,0.0083961802020681,0.007215738450886,0.0072218387923733,True,True,True
10.1039/c2jm31919e,251,2012.0,https://DOI.org/10.1039/c2jm31919e,tematdb,v1.1.6,True,True,True,0.988095238095238,True,301.773,800.0,297.765,798.246,302.0,800.0,298.0,798.0,302.0,798.0,498.0,500.0,496.0,0.8192273493052001,0.8274231021253995,1.2719880159460288,1.2947475489346274,-3.0,-0.0081957528201993,-0.0227595329885985,0.0391501897867038,0.0123686819632275,0.0093131796195866,True,True,True,True,0.0477891635574761,0.0473158045577151,0.0307787410698097,0.0302377014105322,True,True,False
10.1016/j.actamat.2016.11.049,252,2017.0,https://DOI.org/10.1016/j.actamat.2016.11.049,tematdb,v1.1.6,True,True,True,0.9964912280701754,True,302.294,873.93,305.59,873.913,304.0,872.0,306.0,872.0,306.0,872.0,568.0,566.0,566.0,0.440636531422883,0.4472231798542032,0.9773479209516804,1.00078363203927,1.0,-0.0065866484313201,-0.0234357110875895,0.0497264401335765,0.0271642354850799,0.0245403646634848,True,True,True,True,0.1128513788291729,0.111189317489732,0.0508789542266136,0.04968750341395,True,False,False
10.1039/C6TA09189J,253,2016.0,https://DOI.org/10.1039/C6TA09189J,tematdb,v1.1.6,True,True,True,0.993975903614458,True,330.873061458931,662.995594713656,332.967959527824,662.984822934232,332.0,662.0,334.0,662.0,334.0,662.0,330.0,328.0,328.0,0.8795079020117669,0.8763585561658023,1.1129703202559722,1.1040103886306476,1.0,0.0031493458459646,0.0089599316253246,0.0351816475963715,0.0119029866599066,0.0085595320667411,True,True,True,True,0.0400015139328456,0.040145266282669,0.0316105892098543,0.031867134547537,True,True,False
10.1038/ncomms13901,254,2017.0,https://DOI.org/10.1038/ncomms13901,tematdb,v1.1.6,True,True,True,0.9905660377358492,True,302.678,722.102,299.174,722.808,304.0,722.0,300.0,722.0,304.0,722.0,418.0,422.0,418.0,1.1255393569207093,1.0806742129846107,1.6806300637333949,1.599158788545268,-2.0,0.0448651439360985,0.0814712751881268,0.1634819135709091,0.0637275287238885,0.0516815997394544,True,True,True,True,0.1452476206768715,0.1512777038691467,0.0972741813315812,0.1022299441068177,False,False,False
10.1002/adma.201605140,255,2017.0,https://DOI.org/10.1002/adma.201605140,tematdb,v1.1.6,True,True,True,1.0,True,312.91,636.596,312.239,636.248,314.0,636.0,314.0,636.0,314.0,636.0,322.0,322.0,322.0,0.809477547168823,0.817948301103508,1.0236055212478117,1.0401634540281544,0.0,-0.0084707539346849,-0.0165579327803426,0.0284512328524383,0.0121491815625916,0.0102730115957182,True,True,True,True,0.0351476491867471,0.0347836566370445,0.0277951146822217,0.0273526557218075,True,True,False
10.1007/s11664-016-4953-z,256,2016.0,https://DOI.org/10.1007/s11664-016-4953-z,tematdb,v1.1.6,True,True,True,0.9682539682539684,True,303.129,547.89,301.826,552.484,304.0,546.0,302.0,552.0,304.0,546.0,242.0,250.0,242.0,0.7114265839716969,0.7154073741650492,0.8599270767160161,0.8729061288921302,2.0,-0.0039807901933522,-0.012979052176114,0.0217622036648408,0.0079253743001136,0.006109754481156,True,True,True,True,0.0305895283577238,0.0304193169524419,0.0253070338800689,0.0249307490743143,True,True,False
10.1039/c6ee02674e,257,2016.0,https://DOI.org/10.1039/c6ee02674e,tematdb,v1.1.6,True,True,True,0.9601593625498008,True,306.656,795.37,293.852,789.819,308.0,794.0,294.0,788.0,308.0,788.0,486.0,494.0,480.0,0.5919747182497128,0.5954296973044758,1.0036801059791411,0.9652946871590516,-10.0,-0.0034549790547629,0.0383854188200895,0.056533244061168,0.0241719031534106,0.0163589175588215,True,True,True,True,0.0954994230637406,0.094945287944312,0.0563259585642747,0.0585657880574795,True,False,False
10.1016/j.jallcom.2017.02.181,258,2017.0,https://DOI.org/10.1016/j.jallcom.2017.02.181,tematdb,v1.1.6,True,True,True,0.9885057471264368,True,298.4273,471.84,298.8454,473.845,300.0,470.0,300.0,472.0,300.0,470.0,170.0,172.0,170.0,0.8049528379950541,0.8067789638519647,1.013755139572904,1.0138984027808124,1.0,-0.0018261258569105,-0.0001432632079083,0.0112827712154811,0.0056096092213538,0.0046295769357847,True,True,True,True,0.014016686050308,0.0139849595998532,0.0111296809012821,0.0111281082843566,True,True,True
10.1021/jacs.6b09568,259,2016.0,https://DOI.org/10.1021/jacs.6b09568,tematdb,v1.1.6,True,True,True,0.989547038327526,True,303.277,870.778,302.5,877.5,304.0,870.0,304.0,876.0,304.0,870.0,566.0,572.0,566.0,0.7435380728645766,0.7383079987573932,1.2816422857142855,1.284714080681151,3.0,0.0052300741071834,-0.0030717949668654,0.0328270161241873,0.0175547694666153,0.015079060060081,True,True,True,True,0.0441497447436915,0.0444624955701912,0.0256132436406717,0.0255520015058779,True,True,False
10.1021/jacs.6b09222,260,2016.0,https://DOI.org/10.1021/jacs.6b09222,tematdb,v1.1.6,True,True,True,1.0,True,306.935,466.347,307.179,466.154,308.0,466.0,308.0,466.0,308.0,466.0,158.0,158.0,158.0,0.9647376029753144,0.8955540479403519,1.1593471529389916,1.094054557598242,0.0,0.0691835550349624,0.0652925953407494,0.0949357758328948,0.0709331583687449,0.0691835550349625,True,True,True,True,0.0984058002301419,0.1060078685940102,0.0818872721533225,0.0867742610947168,True,False,False
10.3938/jkps.69.811,261,2016.0,https://DOI.org/10.3938/jkps.69.811,tematdb,v1.1.6,True,True,True,0.9775280898876404,True,308.108,483.614,306.266,484.061,310.0,482.0,308.0,484.0,310.0,482.0,172.0,176.0,172.0,0.6950134122239374,0.7038932859273194,0.7523058237968435,0.7572741913020027,0.0,-0.0088798737033819,-0.0049683675051591,0.0111047747825995,0.0083058386116548,0.0082151307256613,True,True,True,True,0.0159777848704616,0.0157762192147776,0.0147609847369708,0.0146641400303195,True,True,True
10.1016/j.physb.2005.03.022,262,2005.0,https://DOI.org/10.1016/j.physb.2005.03.022,tematdb,v1.1.6,,,,,,,,,,,,,,,,,,,,,,,,,,,,,,,,,,,,,False,False,False
10.1007/s11664-009-1037-3,263,2010.0,https://DOI.org/10.1007/s11664-009-1037-3,tematdb,v1.1.6,,,,,,,,,,,,,,,,,,,,,,,,,,,,,,,,,,,,,False,False,False
10.1109/ICT.2007.4569410,264,2007.0,https://DOI.org/10.1109/ICT.2007.4569410,tematdb,v1.1.6,True,True,True,0.9886363636363636,True,299.827,473.117,299.13,474.783,300.0,472.0,300.0,474.0,300.0,472.0,172.0,174.0,172.0,0.5508776521751811,0.5300401384065038,1.3043597144896502,1.270583366677808,1.0,0.0208375137686773,0.0337763478118422,0.0395961805954446,0.0244035120337268,0.0226861458199546,True,True,True,True,0.0718783570890854,0.0747041171532507,0.0303567951045906,0.0311637800666136,True,True,False
10.1109/ICT.1997.667089,265,1997.0,https://DOI.org/10.1109/ICT.1997.667089,tematdb,v1.1.6,True,True,True,0.9809523809523808,True,306.5503,720.284,301.3243,719.326,308.0,720.0,302.0,718.0,308.0,718.0,412.0,416.0,410.0,0.5265115373936063,0.558024910385451,0.7144214398309412,0.7507140047291392,-4.0,-0.0315133729918446,-0.0362925648981979,0.0631645643460543,0.0318713478247584,0.0266119231543789,True,True,True,True,0.1199680536132946,0.1131930907930686,0.0884135901086639,0.0841393179668259,True,False,False
10.1109/ICT.1997.667089,266,1997.0,https://DOI.org/10.1109/ICT.1997.667089,tematdb,v1.1.6,True,True,True,0.985781990521327,True,303.0576,721.394,304.4304,724.598,304.0,720.0,306.0,724.0,306.0,720.0,416.0,418.0,414.0,0.4590965201125902,0.4945710811652956,0.5707058822431396,0.646897351100091,3.0,-0.0354745610527054,-0.0761914688569513,0.0842613144508842,0.0476216582753219,0.0425055900861645,True,True,True,True,0.183537253626361,0.1703725059143165,0.1476440265863356,0.130254536222157,True,False,False
10.1016/S0925-8388(02)01114-3,267,2003.0,https://DOI.org/10.1016/S0925-8388(02)01114-3,tematdb,v1.1.6,True,True,True,0.9840425531914894,True,290.4,660.1967386281112,288.611,664.625,292.0,660.0,290.0,664.0,292.0,660.0,368.0,374.0,368.0,0.6761929292666337,0.6721056303065394,0.867384821584529,0.8413141271341738,1.0,0.0040872989600942,0.0260706944503552,0.1016305273830636,0.0390525697713943,0.0315234126567734,True,True,True,True,0.1502981220068172,0.151212135117379,0.1171689022611741,0.120799739485244,False,False,False
10.1088/0957-4484/19/24/245707,268,2008.0,https://DOI.org/10.1088/0957-4484/19/24/245707,tematdb,v1.1.6,True,True,True,0.9900497512437813,True,314.628,714.198,316.545,716.545,316.0,714.0,318.0,716.0,318.0,714.0,398.0,398.0,396.0,1.0218539470926271,1.02626238602414,1.5322715007066194,1.589273341493849,2.0,-0.0044084389315128,-0.0570018407872294,0.0657669758088099,0.023566948799435,0.0181003877731112,True,True,True,True,0.0643604460264891,0.0640839776498083,0.0429212288934963,0.041381790087155,True,False,False
10.1007/s11664-009-0993-y,269,2010.0,https://DOI.org/10.1007/s11664-009-0993-y,tematdb,v1.1.6,True,True,True,0.9488372093023256,True,300.0,706.04,297.11,727.746,300.0,706.0,298.0,726.0,300.0,706.0,406.0,428.0,406.0,0.933070556730825,0.9160252860834676,1.4948366284663033,1.3962557116718346,9.0,0.0170452706473573,0.0985809167944686,0.0307741577588219,0.012621256051541,0.0094914444656204,True,True,True,True,0.0329815977332353,0.0335953146996619,0.0205869706246067,0.0220404883586645,True,False,False
10.1007/s11664-009-0779-2,270,2009.0,https://DOI.org/10.1007/s11664-009-0779-2,tematdb,v1.1.6,True,True,True,0.981132075471698,True,100.947,309.28,98.6982,310.872,102.0,308.0,100.0,310.0,102.0,308.0,206.0,210.0,206.0,0.1086018223378979,0.1082480278652595,0.2962689042966803,0.3033509731227415,0.0,0.0003537944726384,-0.0070820688260612,0.0133483433749597,0.0035442540117826,0.002525536998476,True,True,True,True,0.1229108599432925,0.1233125779582322,0.0450548241188107,0.0440029686984347,True,False,False
10.1021/ja7110652,271,2008.0,https://DOI.org/10.1021/ja7110652,tematdb,v1.1.6,True,True,True,0.9752475247524752,True,302.4,696.561,296.925,701.128,304.0,696.0,298.0,700.0,304.0,696.0,392.0,402.0,392.0,0.829170370724493,0.79361668940396,1.5072137153537202,1.3861348819979142,-1.0,0.0355536813205329,0.1210788333558059,0.1112693133335367,0.0436674078608632,0.0381622067413751,True,True,True,True,0.1341935472637721,0.1402053596139778,0.0738245095569764,0.0802730778790863,False,False,False
10.1109/ICT.2003.1287500,272,2003.0,https://DOI.org/10.1109/ICT.2003.1287500,tematdb,v1.1.6,True,True,True,0.9803921568627452,True,236.273,337.675,235.264,337.757,238.0,336.0,236.0,336.0,238.0,336.0,98.0,100.0,98.0,0.42670652276473,0.428731688153515,0.566133972206322,0.5615626453191762,-1.0,-0.002025165388785,0.0045713268871457,0.0052314332317837,0.0023950590825773,0.0020310296440145,True,True,True,True,0.0122600263944597,0.0122021146939586,0.0092406276404786,0.0093158497549464,True,True,True
10.1016/j.jssc.2009.05.024,273,2009.0,https://DOI.org/10.1016/j.jssc.2009.05.024,tematdb,v1.1.6,True,True,True,1.0,True,324.885583524027,754.519450800915,325.046963055729,754.915466499687,326.0,754.0,326.0,754.0,326.0,754.0,428.0,428.0,428.0,0.9200890864494178,0.9188870805728104,1.3740617431675648,1.3769381243134131,0.0,0.0012020058766072,-0.0028763811458483,0.0445167744629804,0.0088097805869816,0.0048244140252182,True,True,True,True,0.0483831132426194,0.0484464037030859,0.0323979433124729,0.0323302650111296,True,True,False
10.1021/ja0647811,274,2006.0,https://DOI.org/10.1021/ja0647811,tematdb,v1.1.6,,,,,,,,,,,,,,,,,,,,,,,,,,,,,,,,,,,,,False,False,False
10.1002/adfm.201001307,275,2011.0,https://DOI.org/10.1002/adfm.201001307,tematdb,v1.1.6,True,True,True,0.9790794979079498,True,298.12,767.647,291.409,769.072,300.0,766.0,292.0,768.0,300.0,766.0,466.0,476.0,466.0,0.9454973631245628,0.9441189579875632,1.5016,1.5074692271286287,-3.0,0.0013784051369998,-0.0058692271286286,0.0486157841363943,0.0181503118946542,0.0134773649199904,True,True,True,True,0.0514182122895984,0.0514932824143488,0.0323759883700015,0.0322499346994935,True,True,False
10.1016/j.jallcom.2004.01.018,276,2004.0,https://DOI.org/10.1016/j.jallcom.2004.01.018,tematdb,v1.1.6,True,True,True,1.0,True,324.23924449108,714.8132950348811,324.293785310734,715.254237288135,326.0,714.0,326.0,714.0,326.0,714.0,388.0,388.0,388.0,0.4725962035832116,0.4723998769099405,0.8632271468144059,0.8653721596192332,0.0,0.000196326673271,-0.0021450128048272,0.0128072809919062,0.0037840447825039,0.0026179310617425,True,True,True,True,0.0270998389212645,0.0271111014585378,0.0148365132389189,0.0147997377192506,True,True,True
10.1016/j.physb.2007.02.067,277,,https://DOI.org/10.1016/j.physb.2007.02.067,tematdb,v1.1.6,,,,,,,,,,,,,,,,,,,,,,,,,,,,,,,,,,,,,False,False,False
10.1016/S0925-8388(02)00917-9,278,2003.0,https://DOI.org/10.1016/S0925-8388(02)00917-9,tematdb,v1.1.6,True,True,True,0.9935275080906149,True,331.63698049194335,949.95794785534,334.897,948.68,332.0,948.0,336.0,948.0,336.0,948.0,616.0,612.0,612.0,0.0024376170567653,0.0017236319005403,0.0047737720595764,0.004083742172278,2.0,0.000713985156225,0.0006900298872984,0.0012372895137744,0.0007999516942478,0.00070338187534,True,True,True,True,0.5075815786324817,0.7178386019581935,0.2591848748396652,0.3029793413927043,False,False,False
10.1016/j.jallcom.2007.01.015,279,2008.0,https://DOI.org/10.1016/j.jallcom.2007.01.015,tematdb,v1.1.6,True,True,True,0.99,True,322.796,520.921,322.266,523.825,324.0,520.0,324.0,522.0,324.0,520.0,196.0,198.0,196.0,0.9097939981006652,0.8938900112304271,1.0468116275078416,1.0195728791019736,1.0,0.0159039868702381,0.027238748405868,0.0278473242213588,0.0181872663392437,0.0170813553228578,True,True,True,True,0.0306083841831166,0.0311529649861814,0.0266020394592438,0.0273127353543244,True,True,False
10.1063/1.2172705,280,2006.0,https://DOI.org/10.1063/1.2172705,tematdb,v1.1.6,True,True,True,0.9607142857142856,True,299.59,846.366,308.661,858.859,300.0,846.0,310.0,858.0,310.0,846.0,546.0,548.0,536.0,0.5265543346316879,0.5231212668054896,0.9024542794195978,0.891311429374942,11.0,0.0034330678261982,0.0111428500446557,0.0415073725694313,0.0207586919166808,0.0173814649434781,True,True,True,True,0.0788282800833171,0.0793456034064562,0.0459938785997295,0.0465688772761947,True,True,False
10.1016/j.actamat.2009.02.026,281,2009.0,https://DOI.org/10.1016/j.actamat.2009.02.026,tematdb,v1.1.6,True,True,True,0.9872122762148338,True,297.058823529411,1070.51851851851,288.433382137628,1069.10688140556,298.0,1070.0,290.0,1068.0,298.0,1068.0,772.0,778.0,770.0,0.6426462041624695,0.6507480362764833,1.00711902113459,1.0502324716345743,-5.0,-0.0081018321140137,-0.0431134504999843,0.0494096869961813,0.0122319023020801,0.0072283380930533,True,True,True,True,0.0768847410537102,0.0759275237754057,0.0490604247951923,0.0470464286057356,True,True,False
10.1016/j.actamat.2010.03.025,282,2010.0,https://DOI.org/10.1016/j.actamat.2010.03.025,tematdb,v1.1.6,True,True,True,0.9927797833935018,True,298.898,849.89,297.988,851.441,300.0,848.0,298.0,850.0,300.0,848.0,548.0,552.0,548.0,0.9897933171248752,0.9853287005494904,1.4462197981651377,1.4649825574279884,0.0,0.0044646165753847,-0.0187627592628507,0.0220655170943869,0.0128319713412233,0.0112165627832242,True,True,True,True,0.0222930552395345,0.0223940671596003,0.0152573745169179,0.0150619657432143,True,True,False
10.1063/1.3027060,283,2008.0,https://DOI.org/10.1063/1.3027060,tematdb,v1.1.6,True,True,True,0.9953051643192488,True,318.977,1166.212,316.1034,1169.552,320.0,1166.0,318.0,1168.0,320.0,1166.0,846.0,850.0,846.0,0.7833792971006437,0.7687587351519577,1.3276582745491392,1.3083100076003154,0.0,0.0146205619486859,0.0193482669488238,0.0357967773285372,0.0212504556337414,0.0198987244902341,True,True,True,True,0.0456953323390397,0.0465643844963419,0.0269623426560524,0.0273610819458571,True,True,False
10.1002/adfm.200800298,284,2008.0,https://DOI.org/10.1002/adfm.200800298,tematdb,v1.1.6,True,True,True,0.740506329113924,True,482.784571966133,1184.94825964252,310.436432637571,1259.96204933586,484.0,1184.0,312.0,1258.0,484.0,1184.0,700.0,946.0,700.0,0.7034953612288295,0.7814949529656244,1.303799311136622,1.2919894207916205,-49.0,-0.0779995917367949,0.0118098903450014,0.0405015369506605,0.0130268158791849,0.0096324483831087,True,True,True,True,0.0575718607154914,0.0518257178718363,0.0310642417162747,0.0313481955029048,True,False,False
10.1126/science.287.5455.1024,285,2000.0,https://DOI.org/10.1126/science.287.5455.1024,tematdb,v1.1.6,True,True,True,0.9856115107913668,True,21.7484663604787,294.619010212097,17.9470363529304,294.014694996304,22.0,294.0,18.0,294.0,22.0,294.0,272.0,276.0,272.0,0.456319657688626,0.3664850153311768,0.8184160764907911,0.6767039416604587,-2.0,0.0898346423574492,0.1417121348303324,0.1898796352770997,0.1131760954199464,0.0964713272264213,True,True,True,True,0.4161110135795768,0.51811022916043,0.2320086820523695,0.2805948415361429,False,False,False
10.1063/1.2951888,286,2008.0,https://DOI.org/10.1063/1.2951888,tematdb,v1.1.6,True,True,True,0.9662576687116564,True,300.1794649919355,930.2179955359212,297.995,949.96,302.0,930.0,298.0,948.0,302.0,930.0,628.0,650.0,628.0,0.429764681010213,0.4127560849174723,1.0830565879054863,1.0108632270286768,7.0,0.0170085960927406,0.0721933608768095,0.0276738913434754,0.0122219452279842,0.0100624886671097,True,True,True,True,0.064393126206706,0.0670465981113485,0.0255516578288801,0.0273764942709607,True,False,False
10.1063/1.2803847,287,2007.0,https://DOI.org/10.1063/1.2803847,tematdb,v1.1.6,True,True,True,0.965,True,303.816,688.266,303.763,703.393,304.0,688.0,304.0,702.0,304.0,688.0,384.0,398.0,384.0,0.4821593975752233,0.4267792633036113,0.7115350406226272,0.6047170848808151,7.0,0.055380134271612,0.106817955741812,0.1034168724725754,0.0578985019811108,0.0490727074869449,True,True,True,True,0.2144868958121697,0.2423193471773828,0.1453433303609064,0.1710169516592343,False,False,False
10.1021/cm802367f,288,2008.0,https://DOI.org/10.1021/cm802367f,tematdb,v1.1.6,True,True,True,0.805668016194332,True,326.85462456489296,725.79765784114,325.71327060350416,819.418656716418,328.0,724.0,326.0,818.0,328.0,724.0,396.0,492.0,396.0,0.7751727577905234,0.7193031608383538,1.096019487605799,1.0623051011966165,46.0,0.0558695969521696,0.0337143864091824,0.0276531263403874,0.0132807465674526,0.0117220896383364,True,True,True,True,0.0356735012453316,0.0384443275741447,0.0252305060750282,0.0260312468698851,True,False,False
10.1063/1.2936277,289,2008.0,https://DOI.org/10.1063/1.2936277,tematdb,v1.1.6,True,True,True,0.992,True,300.0,795.902,297.872,797.872,300.0,794.0,298.0,796.0,300.0,794.0,494.0,498.0,494.0,0.8348036450702411,0.827251229571434,1.2746070061099797,1.2703298092138804,0.0,0.007552415498807,0.0042771968960992,0.0259203958778846,0.0111107044666551,0.0088385046128126,True,True,True,True,0.0310496917819563,0.0313331608963736,0.0203359904297027,0.020404461652305,True,True,False
10.1002/anie.200803934,290,2008.0,https://DOI.org/10.1002/anie.200803934,tematdb,v1.1.6,,,,,,,,,,,,,,,,,,,,,,,,,,,,,,,,,,,,,False,False,False
10.1063/1.2180432,291,2006.0,https://DOI.org/10.1063/1.2180432,tematdb,v1.1.6,True,True,True,0.920265780730897,True,345.39007092198585,900.6060606,299.560761346998,899.121522693997,346.0,900.0,300.0,898.0,346.0,898.0,554.0,598.0,552.0,0.5115859064788871,0.5536073583292697,0.7587080048298882,0.7705431683219548,-24.0,-0.0420214518503825,-0.0118351634920665,0.0141863706010265,0.01163775344865,0.0115974361979731,True,True,True,True,0.0277301825976162,0.0256253288320437,0.0186980636960688,0.0184108706484555,True,True,False
10.1063/1.4896520,292,2014.0,https://DOI.org/10.1063/1.4896520,tematdb,v1.1.6,True,True,True,0.9943342776203966,True,324.2465373961219,1026.541858325667,321.314606741573,1027.494382022471,326.0,1026.0,322.0,1026.0,326.0,1026.0,700.0,704.0,700.0,1.0472393736486196,1.0477212374935707,2.6055161973963137,2.663307470733302,-2.0,-0.000481863844951,-0.0577912733369885,0.0577912733369885,0.016168887071348,0.0121694046516128,True,True,True,True,0.0551843969880941,0.0551590167965294,0.0221803546624424,0.0216990617763996,True,False,False
10.1016/j.nanoen.2012.02.010,293,2012.0,https://DOI.org/10.1016/j.nanoen.2012.02.010,tematdb,v1.1.6,True,True,True,1.0,True,302.9815163528245,972.555351833498,303.3119433198379,973.757287449392,304.0,972.0,304.0,972.0,304.0,972.0,668.0,668.0,668.0,0.8479471093298412,0.9042352030081188,1.7071958131736555,1.8693454939854823,0.0,-0.0562880936782776,-0.1621496808118268,0.1621496808118268,0.0726944284215625,0.0597535953309026,True,True,True,True,0.1912261732220287,0.1793224597675511,0.0949801303169743,0.0867414190333111,False,False,False
10.1002/adma.201302660,294,2013.0,https://DOI.org/10.1002/adma.201302660,tematdb,v1.1.6,True,True,True,0.8936170212765957,True,300.465838509316,488.819875776397,300.067001675041,469.849246231155,302.0,488.0,302.0,468.0,302.0,468.0,186.0,166.0,166.0,0.4955239671482022,0.4880172625786422,2.258530942741458,2.2607970326304327,-10.0,0.0075067045695599,-0.0022660898889745,0.0703283933658609,0.0116027381701021,0.0067973419505352,True,True,True,True,0.1419273295106369,0.1441104623927678,0.0311389992649357,0.0311077873647215,True,False,False
10.1038/NMAT3273,295,2012.0,https://DOI.org/10.1038/NMAT3273,tematdb,v1.1.6,True,True,True,0.9971830985915492,True,290.384615384615,1000.50933786078,291.202872531418,999.461400359066,292.0,1000.0,292.0,998.0,292.0,998.0,708.0,706.0,706.0,0.7097086662256076,0.7139077387510945,1.5262495550470383,1.5294191001607182,-1.0,-0.0041990725254869,-0.0031695451136799,0.0135463193750346,0.0045186952830687,0.0038776746679529,True,True,True,True,0.0190871550816436,0.0189748879858515,0.0088755599176028,0.0088571663408748,True,True,True
10.1038/am.2015.91,296,2015.0,https://DOI.org/10.1038/am.2015.91,tematdb,v1.1.6,True,True,True,0.9686609686609686,True,303.382,982.718,300.34,1003.02,304.0,982.0,302.0,1002.0,304.0,982.0,678.0,700.0,678.0,0.4570056651871188,0.4515957614219189,1.0812743378941805,1.072329421606654,9.0,0.0054099037651998,0.0089449162875265,0.0698304864617949,0.0259048341272455,0.0195278827011876,True,True,True,True,0.1528000455600548,0.1546305178815736,0.0645816551956575,0.0651203679156438,True,False,False
10.1016/j.nanoen.2015.02.008,297,2015.0,https://DOI.org/10.1016/j.nanoen.2015.02.008,tematdb,v1.1.6,True,True,True,1.0,True,308.388814913448,972.037283621837,308.223684210526,973.848684210526,310.0,972.0,310.0,972.0,310.0,972.0,662.0,662.0,662.0,0.7935496209824168,0.7375037000965916,2.057990365134395,1.976776756246448,0.0,0.0560459208858251,0.0812136088879469,0.1367370189231831,0.0726624483354967,0.0566303189170464,True,True,True,True,0.1723106095796533,0.185405197160739,0.0664420112162447,0.0691717051463225,False,False,False
10.1007/s40243-014-0026-5,298,2014.0,https://DOI.org/10.1007/s40243-014-0026-5,tematdb,v1.1.6,True,True,True,0.90625,True,459.46137491141,864.847625797306,420.379146919431,869.668246445497,460.0,864.0,422.0,868.0,460.0,864.0,404.0,446.0,404.0,0.6936697943822195,0.7186605349413816,0.9585697808535176,0.9514161821530714,-17.0,-0.024990740559162,0.0071535987004461,0.0100335404618513,0.0039798666944919,0.003111496085305,True,True,True,True,0.0144644332838323,0.0139614462935128,0.0104671988020709,0.0105459005743892,True,True,False
10.1039/c3ta12508d,299,2013.0,https://DOI.org/10.1039/c3ta12508d,tematdb,v1.1.6,True,True,True,0.8947368421052632,True,25.5363321799306,897.689768976897,114.825374198146,898.07555238774,26.0,896.0,116.0,898.0,116.0,896.0,870.0,782.0,780.0,0.3365598152926962,0.3030478362267026,1.1637970702798226,1.1740168475621886,46.0,0.0335119790659935,-0.010219777282366,0.0516291334215618,0.0097706525003798,0.0066441734034245,True,True,True,True,0.1534025485979707,0.1703662829750066,0.0443626597282533,0.0439764842632099,True,False,False
10.1039/c6ta06445k,300,2016.0,https://DOI.org/10.1039/c6ta06445k,tematdb,v1.1.6,True,True,True,0.9580152671755724,True,315.0674873,817.586,299.483,822.68,316.0,816.0,300.0,822.0,316.0,816.0,500.0,522.0,500.0,0.6483833576171285,0.694209748247481,0.9854021398503274,1.0073960076342845,-5.0,-0.0458263906303525,-0.021993867783957,0.372899233150625,0.1013890939744012,0.0502341479855394,True,True,True,True,0.575121536926959,0.53715643448108,0.3784234050955731,0.3701615157541887,False,False,False
10.1002/adma.201605887,301,2017.0,https://DOI.org/10.1002/adma.201605887,tematdb,v1.1.6,True,True,True,0.9806451612903224,True,307.188498402555,914.853713428357,300.062656641604,920.363408521303,308.0,914.0,302.0,920.0,308.0,914.0,606.0,618.0,606.0,0.7775981473957673,0.778132332512588,1.5825264499681249,1.6086140713718229,0.0,-0.0005341851168206,-0.026087621403698,0.0684388484598248,0.0246678977182083,0.0157237473446343,True,True,True,True,0.0880131320901824,0.0879527113837256,0.0432465747799686,0.0425452255316033,True,False,False
10.1016/j.jallcom.2017.02.295,302,2017.0,https://DOI.org/10.1016/j.jallcom.2017.02.295,tematdb,v1.1.6,True,True,True,0.9886363636363636,True,323.734,670.418,320.699,672.512,324.0,670.0,322.0,672.0,324.0,670.0,346.0,350.0,346.0,0.1753528282591673,0.1710002320680797,0.6168926756232851,0.574805322247067,0.0,0.0043525961910875,0.042087353376218,0.0308947252702818,0.0098910216905487,0.0061594228274629,True,True,True,True,0.1761860676955842,0.1806706628209825,0.0500811996820467,0.0537481545047392,True,False,False
10.1126/science.aax5123,303,,https://DOI.org/10.1126/science.aax5123,tematdb,v1.1.6,,,,,,,,,,,,,,,,,,,,,,,,,,,,,,,,,,,,,False,False,False
10.1016/j.nanoen.2019.02.045,304,2019.0,https://DOI.org/10.1016/j.nanoen.2019.02.045,tematdb,v1.1.6,,,,,,,,,,,,,,,,,,,,,,,,,,,,,,,,,,,,,False,False,False
10.1021/jacs.8b09147,305,2018.0,https://DOI.org/10.1021/jacs.8b09147,tematdb,v1.1.6,,,,,,,,,,,,,,,,,,,,,,,,,,,,,,,,,,,,,False,False,False
10.1002/adfm.202008851,306,2021.0,https://DOI.org/10.1002/adfm.202008851,tematdb,v1.1.6,,,,,,,,,,,,,,,,,,,,,,,,,,,,,,,,,,,,,False,False,False
10.1002/aenm.201902435,307,2019.0,https://DOI.org/10.1002/aenm.201902435,tematdb,v1.1.6,,,,,,,,,,,,,,,,,,,,,,,,,,,,,,,,,,,,,False,False,False
10.1002/aenm.202100544,308,2021.0,https://DOI.org/10.1002/aenm.202100544,tematdb,v1.1.6,,,,,,,,,,,,,,,,,,,,,,,,,,,,,,,,,,,,,False,False,False
10.1002/adfm.202009681,309,2021.0,https://DOI.org/10.1002/adfm.202009681,tematdb,v1.1.6,,,,,,,,,,,,,,,,,,,,,,,,,,,,,,,,,,,,,False,False,False
10.1002/adma.202008773,310,2021.0,https://DOI.org/10.1002/adma.202008773,tematdb,v1.1.6,,,,,,,,,,,,,,,,,,,,,,,,,,,,,,,,,,,,,False,False,False
10.1002/aenm.202100190,311,2021.0,https://DOI.org/10.1002/aenm.202100190,tematdb,v1.1.6,,,,,,,,,,,,,,,,,,,,,,,,,,,,,,,,,,,,,False,False,False
10.1038/s41467-022-33774-z,312,2022.0,https://DOI.org/10.1038/s41467-022-33774-z,tematdb,v1.1.6,True,True,True,1.0,True,300.188323917137,797.363465160075,300.181818181818,797.636363636363,302.0,796.0,302.0,796.0,302.0,796.0,494.0,494.0,494.0,1.5579750530796488,1.5583057863847307,2.330814562251692,2.34554657594294,0.0,-0.0003307333050819,-0.0147320136912481,0.0263884424894644,0.0092595040000095,0.006604145241259,True,True,True,True,0.016937654064038,0.0169340592328067,0.0113215538107724,0.0112504448899532,True,True,False
10.1016/j.apsusc.2021.150873,313,2021.0,https://DOI.org/10.1016/j.apsusc.2021.150873,tematdb,v1.1.6,True,True,True,0.9966666666666668,True,300.372323921811,899.793956043956,299.441340782122,899.627560521415,302.0,898.0,300.0,898.0,302.0,898.0,596.0,598.0,596.0,1.929119405852384,1.933434865391327,2.617219546948677,2.631561119965855,-1.0,-0.0043154595389427,-0.014341573017178,0.024895115190652,0.0108725813452484,0.0088863568337322,True,True,True,True,0.0129049114923252,0.0128761075101504,0.0095120469429766,0.0094602078598026,True,True,False
,314,,,tematdb,v1.1.6,,,,,,,,,,,,,,,,,,,,,,,,,,,,,,,,,,,,,False,False,False
,315,,,tematdb,v1.1.6,,,,,,,,,,,,,,,,,,,,,,,,,,,,,,,,,,,,,False,False,False
,316,,,tematdb,v1.1.6,,,,,,,,,,,,,,,,,,,,,,,,,,,,,,,,,,,,,False,False,False
,317,,,tematdb,v1.1.6,,,,,,,,,,,,,,,,,,,,,,,,,,,,,,,,,,,,,False,False,False
,318,,,tematdb,v1.1.6,,,,,,,,,,,,,,,,,,,,,,,,,,,,,,,,,,,,,False,False,False
,319,,,tematdb,v1.1.6,,,,,,,,,,,,,,,,,,,,,,,,,,,,,,,,,,,,,False,False,False
,320,,,tematdb,v1.1.6,,,,,,,,,,,,,,,,,,,,,,,,,,,,,,,,,,,,,False,False,False
,321,,,tematdb,v1.1.6,,,,,,,,,,,,,,,,,,,,,,,,,,,,,,,,,,,,,False,False,False
,322,,,tematdb,v1.1.6,,,,,,,,,,,,,,,,,,,,,,,,,,,,,,,,,,,,,False,False,False
,323,,,tematdb,v1.1.6,,,,,,,,,,,,,,,,,,,,,,,,,,,,,,,,,,,,,False,False,False
,324,,,tematdb,v1.1.6,,,,,,,,,,,,,,,,,,,,,,,,,,,,,,,,,,,,,False,False,False
,325,,,tematdb,v1.1.6,,,,,,,,,,,,,,,,,,,,,,,,,,,,,,,,,,,,,False,False,False
,326,,,tematdb,v1.1.6,,,,,,,,,,,,,,,,,,,,,,,,,,,,,,,,,,,,,False,False,False
,327,,,tematdb,v1.1.6,,,,,,,,,,,,,,,,,,,,,,,,,,,,,,,,,,,,,False,False,False
,328,,,tematdb,v1.1.6,,,,,,,,,,,,,,,,,,,,,,,,,,,,,,,,,,,,,False,False,False
,329,,,tematdb,v1.1.6,,,,,,,,,,,,,,,,,,,,,,,,,,,,,,,,,,,,,False,False,False
10.1038/s41563-021-01064-6,330,2021.0,https://DOI.org/10.1038/s41563-021-01064-6,tematdb,v1.1.6,True,True,True,0.98744769874477,True,311.74823,783.21932,304.1,783.4,312.0,782.0,306.0,782.0,312.0,782.0,470.0,476.0,470.0,1.582400198150864,1.594076259692789,3.0657485106382985,3.062624825426401,-3.0,-0.0116760615419251,0.0031236852118974,0.0590979085263492,0.0122709771534317,0.0075147291390434,True,True,True,True,0.0373470052616328,0.0370734512649593,0.0192768285856705,0.0192964897416454,True,False,False
10.1126/science.aaq1479,331,2018.0,https://DOI.org/10.1126/science.aaq1479,tematdb,v1.1.6,True,True,True,1.0,True,303.556187766714,772.972972972972,302.889715295982,773.619663069763,304.0,772.0,304.0,772.0,304.0,772.0,468.0,468.0,468.0,1.1405307065545278,1.184123749232998,2.7886029378943875,2.833367076715478,0.0,-0.0435930426784703,-0.0447641388210904,0.0732383305667083,0.0456549263648559,0.0435930426784701,True,True,True,True,0.0642142558247789,0.0618502336551797,0.0262634488300471,0.0258485147119053,True,False,False
10.1016/j.joule.2019.01.001,332,2019.0,https://DOI.org/10.1016/j.joule.2019.01.001,tematdb,v1.1.6,True,True,True,0.9914893617021276,True,307.837445573294,773.749889885304,306.521739130434,776.708074534161,308.0,772.0,308.0,776.0,308.0,772.0,464.0,468.0,464.0,0.6636483299382594,0.6481939388872429,2.470030696544488,2.390367368079923,2.0,0.0154543910510165,0.0796633284645649,0.0868602053173834,0.0272669079999088,0.0165943744985497,True,True,True,True,0.1308828808858213,0.1340034210540394,0.0351656379974948,0.0363375966712407,True,False,False
10.1063/1.4965865,333,2016.0,https://DOI.org/10.1063/1.4965865,tematdb,v1.1.6,True,True,True,1.0,True,423.05129913391,773.017988007994,422.721268163804,773.051519154557,424.0,772.0,424.0,772.0,424.0,772.0,348.0,348.0,348.0,0.787028649657165,0.7070168713139517,1.1214004836904994,1.068217178191805,0.0,0.0800117783432132,0.0531833054986943,0.1079195481913732,0.0811161673310479,0.0800117783432132,True,True,True,True,0.1371227695947076,0.1526406972309031,0.0962364023923129,0.1010277220724451,False,False,False
,334,,,tematdb,v1.1.6,,,,,,,,,,,,,,,,,,,,,,,,,,,,,,,,,,,,,False,False,False
,335,,,tematdb,v1.1.6,,,,,,,,,,,,,,,,,,,,,,,,,,,,,,,,,,,,,False,False,False
,336,,,tematdb,v1.1.6,,,,,,,,,,,,,,,,,,,,,,,,,,,,,,,,,,,,,False,False,False
,337,,,tematdb,v1.1.6,,,,,,,,,,,,,,,,,,,,,,,,,,,,,,,,,,,,,False,False,False
,338,,,tematdb,v1.1.6,,,,,,,,,,,,,,,,,,,,,,,,,,,,,,,,,,,,,False,False,False
,339,,,tematdb,v1.1.6,,,,,,,,,,,,,,,,,,,,,,,,,,,,,,,,,,,,,False,False,False
,340,,,tematdb,v1.1.6,,,,,,,,,,,,,,,,,,,,,,,,,,,,,,,,,,,,,False,False,False
,341,,,tematdb,v1.1.6,,,,,,,,,,,,,,,,,,,,,,,,,,,,,,,,,,,,,False,False,False
,342,,,tematdb,v1.1.6,,,,,,,,,,,,,,,,,,,,,,,,,,,,,,,,,,,,,False,False,False
,343,,,tematdb,v1.1.6,,,,,,,,,,,,,,,,,,,,,,,,,,,,,,,,,,,,,False,False,False
,344,,,tematdb,v1.1.6,,,,,,,,,,,,,,,,,,,,,,,,,,,,,,,,,,,,,False,False,False
,345,,,tematdb,v1.1.6,,,,,,,,,,,,,,,,,,,,,,,,,,,,,,,,,,,,,False,False,False
,346,,,tematdb,v1.1.6,,,,,,,,,,,,,,,,,,,,,,,,,,,,,,,,,,,,,False,False,False
,347,,,tematdb,v1.1.6,,,,,,,,,,,,,,,,,,,,,,,,,,,,,,,,,,,,,False,False,False
,348,,,tematdb,v1.1.6,,,,,,,,,,,,,,,,,,,,,,,,,,,,,,,,,,,,,False,False,False
,349,,,tematdb,v1.1.6,,,,,,,,,,,,,,,,,,,,,,,,,,,,,,,,,,,,,False,False,False
,350,,,tematdb,v1.1.6,,,,,,,,,,,,,,,,,,,,,,,,,,,,,,,,,,,,,False,False,False
10.1038/s41467-021-21391-1,351,2021.0,https://DOI.org/10.1038/s41467-021-21391-1,tematdb,v1.1.6,True,True,True,1.0,True,311.150707571531,540.887850467289,310.280373831775,540.654205607476,312.0,540.0,312.0,540.0,312.0,540.0,228.0,228.0,228.0,0.937251857365156,0.94144567292614,1.158387067042701,1.1609236459115748,0.0,-0.0041938155609838,-0.0025365788688738,0.0100342603502214,0.0054688177043023,0.0049732662137221,True,True,True,True,0.010706044774806,0.0106583530402063,0.0086622689735637,0.0086433422090756,True,True,True
10.1038/s41467-021-21391-1,352,2021.0,https://DOI.org/10.1038/s41467-021-21391-1,tematdb,v1.1.6,True,True,True,0.9915254237288136,True,308.721008178039,543.87865795387,308.878504672897,544.859813084112,310.0,542.0,310.0,544.0,310.0,542.0,232.0,234.0,232.0,0.941279201740495,0.9395090783425372,1.0086130461917624,1.0105564725718807,1.0,0.0017701233979577,-0.0019434263801183,0.0057872118042313,0.0029415019404767,0.002331520703001,True,True,True,True,0.0061482414500717,0.0061598253147708,0.0057377919372372,0.0057267574463234,True,True,True
10.1038/s41467-018-04958-3,353,2018.0,https://DOI.org/10.1038/s41467-018-04958-3,tematdb,v1.1.6,True,True,True,0.997005988023952,True,305.410320527392,971.232876712328,302.405826789575,971.835666325253,306.0,970.0,304.0,970.0,306.0,970.0,664.0,666.0,664.0,0.8472610289348678,0.8626107097257358,1.4167472616450285,1.4509812847755597,-1.0,-0.015349680790868,-0.0342340231305311,0.0342340231305311,0.0168493230109249,0.0135802453869336,True,True,True,True,0.040405520803392,0.03968652689394,0.024163818104565,0.0235937041295653,True,True,False
10.1038/nnano.2016.182,354,2016.0,https://DOI.org/10.1038/nnano.2016.182,tematdb,v1.1.6,True,True,True,0.9855072463768116,True,304.517542506248,850.272368668211,300.0,849.897119341563,306.0,850.0,300.0,848.0,306.0,848.0,544.0,548.0,542.0,1.0907233356018815,1.1067607854652677,1.6284751974723528,1.634078085790125,-4.0,-0.0160374498633859,-0.0056028883177721,0.01383389236921,0.0069277676187312,0.0060162550757541,True,True,True,True,0.0126832276505538,0.0124994421115078,0.0084949972776265,0.0084658698317473,True,True,True
10.1038/ncomms12167,355,2016.0,https://DOI.org/10.1038/ncomms12167,tematdb,v1.1.6,True,True,True,0.9967532467532468,True,301.451612903225,915.483870967742,300.61099796334,916.496945010183,302.0,914.0,302.0,916.0,302.0,914.0,612.0,614.0,612.0,1.4525505560508232,1.424780834155304,2.433646009781623,2.500079429860792,1.0,0.0277697218955192,-0.0664334200791687,0.0868655978758354,0.0403082211120077,0.0312825965559108,True,True,True,True,0.0598021167070457,0.0609676911658729,0.0356936043807086,0.0347451352298323,True,False,False
10.1038/s41467-019-10476-7 ,356,2019.0,https://DOI.org/10.1038/s41467-019-10476-7 ,tematdb,v1.1.6,True,True,True,0.9927007299270072,True,328.198327123787,872.628726287262,325.385694249649,873.492286115007,330.0,872.0,326.0,872.0,330.0,872.0,542.0,546.0,542.0,0.7353806897923567,0.7476398167686843,1.2905084506739086,1.2986013579686824,-2.0,-0.0122591269763275,-0.0080929072947737,0.0236216340188067,0.0111950092914376,0.0091832210038931,True,True,True,True,0.032121640324111,0.0315949384837474,0.0183041296680168,0.0181900579988277,True,True,False
10.1126/sciadv.abf2738,357,2021.0,https://DOI.org/10.1126/sciadv.abf2738,tematdb,v1.1.6,True,True,True,0.9641434262948207,True,306.966773847802,791.018477346633,300.137774385135,803.514177728956,308.0,790.0,302.0,802.0,308.0,790.0,482.0,500.0,482.0,1.7679943955975037,1.7712810067300029,2.6463731775104744,2.580255124176696,3.0,-0.0032866111324989,0.0661180533337786,0.1187561951139737,0.0588380886792547,0.0496070501474528,True,True,True,True,0.0671700065394378,0.0670453726217117,0.0448750751115499,0.0460249817939481,False,False,False
10.1126/science.abb3517,358,2021.0,https://DOI.org/10.1126/science.abb3517,tematdb,v1.1.6,True,True,True,1.0,True,315.508928321139,572.795121492986,314.085914085914,573.026973026973,316.0,572.0,316.0,572.0,316.0,572.0,256.0,256.0,256.0,1.8694563088879723,1.8596188855174505,2.541428664793143,2.53045918257312,0.0,0.009837423370522,0.0109694822200228,0.0259030783969791,0.0118187801637675,0.0098374233705222,True,True,True,True,0.013855942112061,0.0139292403398944,0.0101923295175737,0.0102365130310615,True,True,False
10.1126/science.aax5123,359,2019.0,https://DOI.org/10.1126/science.aax5123,tematdb,v1.1.6,True,True,True,0.9965156794425089,True,301.467713998384,873.10154706334,300.0,872.907488986784,302.0,872.0,300.0,872.0,302.0,872.0,570.0,572.0,570.0,1.2452935021872114,1.2125612857509125,1.639565781775293,1.6094106180255383,-1.0,0.0327322164362988,0.0301551637497548,0.0905284494096598,0.0406314454779902,0.034660341243706,True,True,True,True,0.0726964761726109,0.074658865059837,0.0552148931234935,0.0562494421223107,True,False,False
10.1126/science.abe1292,360,2021.0,https://DOI.org/10.1126/science.abe1292,tematdb,v1.1.6,True,True,True,0.9966666666666668,True,300.694634446361,899.912932947348,299.424184261036,899.424184261036,302.0,898.0,300.0,898.0,302.0,898.0,596.0,598.0,596.0,1.0096327998345116,0.9935269047156212,1.7692824208126992,1.7255839618672923,-1.0,0.0161058951188903,0.0436984589454068,0.0488946532687415,0.023937928255992,0.0194566897297879,True,True,True,True,0.0484281545496103,0.0492132150993301,0.0276353015740032,0.0283351342787351,True,True,False
10.1126/science.aax7792,361,2019.0,https://DOI.org/10.1126/science.aax7792,tematdb,v1.1.6,True,True,True,0.971264367816092,True,2.03550593977274,340.576863124405,2.1066208082545,350.30094582975,4.0,340.0,4.0,350.0,4.0,340.0,336.0,346.0,336.0,0.3188955688305278,0.3043774342556625,0.9345042293233148,0.8642761807922533,5.0,0.0145181345748652,0.0702280485310614,0.0167884694451474,0.0057512642469072,0.0040341661018687,True,True,True,True,0.0526456654970625,0.0551567480230677,0.0179651080416234,0.0194248896570978,True,False,False
10.1039/d0ee02638g,362,2020.0,https://DOI.org/10.1039/d0ee02638g,tematdb,v1.1.6,True,True,True,0.9955555555555556,True,324.258532870613,772.516345397912,323.65930599369,772.791798107255,326.0,772.0,324.0,772.0,326.0,772.0,446.0,448.0,446.0,0.8029159324994597,0.8085500180119435,1.3695419187425786,1.37556133508398,-1.0,-0.0056340855124837,-0.0060194163414013,0.0113025601759035,0.0046740108966369,0.0037388123656312,True,True,True,True,0.0140768911394234,0.0139788014644959,0.0082528033798927,0.0082166893526514,True,True,True
10.1039/d0ee03459b,363,2021.0,https://DOI.org/10.1039/d0ee03459b,tematdb,v1.1.6,True,True,True,0.9952830188679244,True,300.477326968973,722.787878787878,300.0,722.857142857142,302.0,722.0,300.0,722.0,302.0,722.0,420.0,422.0,420.0,0.9425513872530732,0.9426776274481378,1.4108369910282987,1.38840328585651,-1.0,-0.0001262401950644,0.0224337051717886,0.030757282380966,0.0110380440953275,0.0072980530286602,True,True,True,True,0.0326319421910816,0.0326275722319062,0.0218007342992533,0.0221529887564273,True,True,False
10.1039/d0ee02791j,364,2021.0,https://DOI.org/10.1039/d0ee02791j,tematdb,v1.1.6,True,True,True,0.99601593625498,True,300.224131968903,800.407795355603,299.593074461799,800.464526870092,302.0,800.0,300.0,800.0,302.0,800.0,498.0,500.0,498.0,1.158869457454121,1.1499658455773931,2.0191314283807853,2.0591322769565075,-1.0,0.0089036118767276,-0.0400008485757221,0.0678855963754525,0.0297477795318307,0.0247450610421837,True,True,True,True,0.0585791574182893,0.0590327066117059,0.0336211875171951,0.0329680599615438,True,False,False
10.1039/d0ee01349h,365,2016.0,https://DOI.org/10.1039/d0ee01349h,tematdb,v1.1.6,True,True,True,0.9927536231884058,True,300.999358984381,575.508825690655,300.0,575.41412380122,302.0,574.0,300.0,574.0,302.0,574.0,272.0,274.0,272.0,1.2471823033507226,1.2169162065346877,1.3886550853673096,1.3573142168743555,-1.0,0.030266096816035,0.0313408684929541,0.035975187645451,0.0318319154921332,0.0316728014316184,True,True,True,True,0.0288451716712134,0.0295625840565429,0.0259064961663502,0.0265046863859536,True,True,False
10.1039/c9ee01137d,366,2019.0,https://DOI.org/10.1039/c9ee01137d,tematdb,v1.1.6,True,True,True,0.9644444444444444,True,332.162498004613,766.511939452935,323.133604103565,772.077259877226,334.0,766.0,324.0,772.0,334.0,766.0,432.0,448.0,432.0,0.9802333780552368,0.9791685358874336,1.320426995551326,1.306895218207014,-2.0,0.0010648421678032,0.0135317773443119,0.0430985626002222,0.0185326866703641,0.0144962543326968,True,True,True,True,0.0439676546066294,0.0440154692686907,0.0326398678195965,0.0329778256127917,True,True,False
10.1039/c9ee03087e,367,2020.0,https://DOI.org/10.1039/c9ee03087e,tematdb,v1.1.6,True,True,True,1.0,True,308.98201899213,932.179852503411,309.114927344782,932.694848084544,310.0,932.0,310.0,932.0,310.0,932.0,622.0,622.0,622.0,0.6637970032271835,0.6681251065474586,1.3720735884355466,1.393029111187421,0.0,-0.0043281033202751,-0.0209555227518742,0.0457962012828421,0.0115212480320516,0.0079139937778879,True,True,True,True,0.0689912745315128,0.0685443502033538,0.0333773652294112,0.032875265071672,True,True,False
10.1039/c9ee03897c,368,2020.0,https://DOI.org/10.1039/c9ee03897c,tematdb,v1.1.6,True,True,True,0.9921875,True,302.41302054161,811.964735516372,300.61425061425,813.513513513513,304.0,810.0,302.0,812.0,304.0,810.0,506.0,510.0,506.0,1.071591962866198,1.0555257959388231,1.8365649011227885,1.812397832093252,0.0,0.0160661669273747,0.0241670690295365,0.0320054718098057,0.0199091013178956,0.0169956993450209,True,True,True,True,0.0298672189778284,0.0303218281665384,0.0174268123006375,0.0176591867652151,True,True,False
10.1039/c8ee03386b,369,2019.0,https://DOI.org/10.1039/c8ee03386b,tematdb,v1.1.6,True,True,True,1.0,True,299.759111752381,873.066330264627,300.0,873.576799140709,300.0,872.0,300.0,872.0,300.0,872.0,572.0,572.0,572.0,0.6897865544261516,0.6809762743120527,1.3947414879002016,1.349234392069792,0.0,0.0088102801140989,0.0455070958304095,0.0455070958304095,0.0183534266138365,0.0119415834745934,True,True,True,True,0.065972720892288,0.0668262574586501,0.0326276204050694,0.0337280876457643,True,True,False
10.1039/c9ee02044f,370,2019.0,https://DOI.org/10.1039/c9ee02044f,tematdb,v1.1.6,True,True,True,0.991150442477876,True,298.677937944341,523.052836293596,297.272229253641,523.050985133271,300.0,522.0,298.0,522.0,300.0,522.0,222.0,224.0,222.0,0.66429364068582,0.6567498441090382,1.0687079202035372,1.171388434312422,-1.0,0.0075437965767817,-0.1026805141088846,0.1026805141088846,0.058177403920444,0.0488926458659254,True,True,True,True,0.1545709725639956,0.1563464613351882,0.0960791177530798,0.0876571008396167,False,False,False
10.1039/c6ee00322b,371,2016.0,https://DOI.org/10.1039/c6ee00322b,tematdb,v1.1.6,,,,,,,,,,,,,,,,,,,,,,,,,,,,,,,,,,,,,False,False,False
10.1039/c6ee02017h,372,2016.0,https://DOI.org/10.1039/c6ee02017h,tematdb,v1.1.6,True,True,True,0.9867549668874172,True,300.301204819277,599.691358024691,300.0,600.283018867924,302.0,598.0,300.0,600.0,302.0,598.0,296.0,300.0,296.0,1.1336518233569262,1.1369344277596185,1.3738309390165664,1.3729573324791224,0.0,-0.0032826044026923,0.0008736065374439,0.011913073838659,0.0044225069926039,0.0036846752368675,True,True,True,True,0.0105085826117074,0.0104782417945899,0.0086714263744757,0.0086769439638359,True,True,True
10.1039/c7ee00098g,373,2017.0,https://DOI.org/10.1039/c7ee00098g,tematdb,v1.1.6,True,True,True,1.0,True,302.651113467656,769.276259916437,302.553999548572,769.126905072669,304.0,768.0,304.0,768.0,304.0,768.0,464.0,464.0,464.0,1.1749543226415522,1.1692486171293417,1.555569000104999,1.5497238035334608,0.0,0.0057057055122107,0.0058451965715382,0.010126030902255,0.006065568885051,0.0057057055122111,True,True,True,True,0.0086182336684285,0.0086602889701215,0.006509535032886,0.0065340874800832,True,True,True
10.1039/c7ee01193h,374,2017.0,https://DOI.org/10.1039/c7ee01193h,tematdb,v1.1.6,True,True,True,0.988593155893536,True,325.555555555555,844.996180290297,325.945951494201,850.170979109045,326.0,844.0,326.0,850.0,326.0,844.0,518.0,524.0,518.0,1.271728932976392,1.2642460227227497,2.611620285507972,2.598414305508789,3.0,0.0074829102536422,0.0132059799991828,0.0531210760122893,0.0186450027494257,0.0144496701177389,True,True,True,True,0.0417707536840914,0.0420179894241508,0.0203402754631142,0.0204436513067487,True,False,False
10.1039/c7ee01871a,375,2017.0,https://DOI.org/10.1039/c7ee01871a,tematdb,v1.1.6,True,True,True,1.0,True,298.887146542566,772.711114331222,298.069498069498,772.972972972973,300.0,772.0,300.0,772.0,300.0,772.0,472.0,472.0,472.0,0.9988119721903088,1.0076232239413638,1.769440299778569,1.77958605069939,0.0,-0.008811251751055,-0.0101457509208209,0.0537516936916564,0.0159251992618864,0.0121553790250859,True,True,True,True,0.0538156281544999,0.0533450325622748,0.0303777944349877,0.0302046049813279,True,False,False
10.1039/c7ee02530k,376,2017.0,https://DOI.org/10.1039/c7ee02530k,tematdb,v1.1.6,True,True,True,0.9966329966329966,True,308.136973277994,900.0,307.834602829162,900.652883569096,310.0,900.0,308.0,900.0,310.0,900.0,590.0,592.0,590.0,0.4819289059003887,0.4825028687965813,1.1125114230089292,1.0803493760824674,-1.0,-0.0005739628961926,0.0321620469264618,0.0321620469264618,0.0109604555507575,0.0082113324878297,True,True,True,True,0.0667360818840559,0.0666566957553594,0.0289094082642994,0.029770042579269,True,True,False
10.1039/c7ee02677c,377,2017.0,https://DOI.org/10.1039/c7ee02677c,tematdb,v1.1.6,True,True,True,1.0,True,297.977528089887,522.307498106538,297.716937876051,522.891182497871,298.0,522.0,298.0,522.0,298.0,522.0,224.0,224.0,224.0,1.0171689036672449,1.0141065928695474,1.1449631462879,1.1430318113718376,0.0,0.0030623107976972,0.0019313349160623,0.0104168366680877,0.004706707223392,0.0037896243384067,True,True,True,True,0.0102410097580957,0.0102719346677472,0.0090979667789835,0.0091133392478252,True,True,True
10.1039/c8ee00112j,378,2018.0,https://DOI.org/10.1039/c8ee00112j,tematdb,v1.1.6,True,True,True,1.0,True,305.01002004008,769.102963045295,304.442652137827,768.555616538602,306.0,768.0,306.0,768.0,306.0,768.0,462.0,462.0,462.0,1.0410725349211982,1.0410046475499966,1.4085020037948368,1.4209131735967675,0.0,6.788737120166921e-05,-0.0124111698019306,0.0175959799285085,0.005716642405763,0.0044666804173978,True,True,True,True,0.0169017809405955,0.016902883161877,0.0124926907317851,0.0123835715337677,True,True,True
10.1039/c8ee00290h,379,2018.0,https://DOI.org/10.1039/c8ee00290h,tematdb,v1.1.6,True,True,True,0.9910714285714286,True,298.333333333333,521.666666666666,298.668270584048,522.027309083377,300.0,520.0,300.0,522.0,300.0,520.0,220.0,222.0,220.0,1.1675089262750102,1.2326382887707228,1.3695709177467943,1.4668328077344766,1.0,-0.0651293624957125,-0.0972618899876822,0.0997160033063371,0.0696712261992019,0.0609543443588519,True,True,True,True,0.0854091999317602,0.080896402630638,0.0728082073109357,0.0679804833792533,True,False,False
10.1039/c8ee01151f,380,2018.0,https://DOI.org/10.1039/c8ee01151f,tematdb,v1.1.6,True,True,True,1.0,True,299.602574109176,872.151104301839,300.0,873.941368078175,300.0,872.0,300.0,872.0,300.0,872.0,572.0,572.0,572.0,1.0400098157535826,1.015579103618108,1.5443229864306092,1.4990330896586403,0.0,0.0244307121354747,0.0452898967719688,0.0732131020575355,0.0350285313161112,0.0261180872687553,True,True,True,True,0.0703965490984197,0.0720900044090175,0.0474078950458108,0.0488402174459054,True,False,False
10.1039/c8ee01755g,381,2018.0,https://DOI.org/10.1039/c8ee01755g,tematdb,v1.1.6,True,True,True,0.9902912621359224,True,303.717931242925,914.184035700104,302.698945817067,921.825423408829,304.0,914.0,304.0,920.0,304.0,914.0,610.0,616.0,610.0,1.0036667807594373,0.930033693517057,1.5419542370804806,1.421440483732547,3.0,0.0736330872423802,0.1205137533479336,0.1704342983396212,0.0862523203936582,0.0704393701067708,True,True,True,True,0.1698116362989118,0.1832560470955619,0.1105313596480785,0.1199025216251611,False,False,False
10.1039/c8ee03162b,382,2019.0,https://DOI.org/10.1039/c8ee03162b,tematdb,v1.1.6,True,True,True,0.9953271028037384,True,296.777442094662,722.553191489361,295.648232094288,723.209428830462,298.0,722.0,296.0,722.0,298.0,722.0,424.0,426.0,424.0,0.7934862190715237,0.7818865284728641,1.5226387319845247,1.4878759509419952,-1.0,0.0115996905986596,0.0347627810425295,0.0347627810425295,0.0190104103613047,0.0145952150497271,True,True,True,True,0.0438101887682513,0.044460135552439,0.022830616555525,0.0233640318068994,True,True,False
10.1039/c9ee00317g,383,2019.0,https://DOI.org/10.1039/c9ee00317g,tematdb,v1.1.6,True,True,True,1.0,True,300.139931293214,723.006480499587,300.075982384577,723.988991921927,302.0,722.0,302.0,722.0,302.0,722.0,420.0,420.0,420.0,1.22421603031767,1.2267737599900177,1.9864932681956444,1.994764957842732,0.0,-0.0025577296723477,-0.0082716896470875,0.0306436967049632,0.0095273217529225,0.0063305252123434,True,True,True,True,0.0250312820172854,0.0249790937044599,0.0154260259501394,0.0153620588653729,True,True,False
10.1039/c5ee03366g,384,2016.0,https://DOI.org/10.1039/c5ee03366g,tematdb,v1.1.6,True,True,True,0.9421487603305784,True,319.744835965978,774.48662103298,319.651880467119,802.704142800053,320.0,774.0,320.0,802.0,320.0,774.0,454.0,482.0,454.0,1.1634181664353764,1.1079462275568663,2.0759006245015272,1.9415539428442337,14.0,0.05547193887851,0.1343466816572935,0.0181132258370944,0.0067245548840506,0.0054064590417773,True,True,True,True,0.0155689728419764,0.016348470157289,0.0087254782927982,0.0093292416128082,False,False,False
10.1039/c5ee02600h,385,2016.0,https://DOI.org/10.1039/c5ee02600h,tematdb,v1.1.6,True,True,True,0.9953271028037384,True,303.307197610039,728.736955672014,302.855155132723,730.670819157821,304.0,728.0,304.0,730.0,304.0,728.0,424.0,426.0,424.0,0.9282217688520624,0.916891392092444,1.3522567718197644,1.3346577504114778,1.0,0.0113303767596186,0.0175990214082866,0.0157421593172024,0.0096306674079956,0.0093396020977985,True,True,True,True,0.0169594808540968,0.0171690556296718,0.0116413980282885,0.0117949034592195,True,True,True
10.1039/c5ee02423d,386,2015.0,https://DOI.org/10.1039/c5ee02423d,tematdb,v1.1.6,True,True,True,1.0,True,303.505355404089,901.936218678815,302.770416652839,900.595895573685,304.0,900.0,304.0,900.0,304.0,900.0,596.0,596.0,596.0,0.4761795960209281,0.4585861126443145,1.2847891469421169,1.19077798454175,0.0,0.0175934833766135,0.0940111624003667,0.1402733287273361,0.0423903002993379,0.0200437217749656,True,True,True,True,0.2945807210126052,0.3058821993507116,0.1091800386555225,0.1177997330722551,False,False,False
10.1039/c4ee01463d,387,2015.0,https://DOI.org/10.1039/c4ee01463d,tematdb,v1.1.6,True,True,True,0.9867986798679867,True,304.963659147869,904.818295739348,298.807157057654,903.578528827037,306.0,904.0,300.0,902.0,306.0,902.0,598.0,602.0,596.0,0.7197852907058729,0.6952699804435809,1.336603047921723,1.336444227215318,-4.0,0.024515310262292,0.0001588207064049,0.0645849987415008,0.0388331524265631,0.0325751766312104,True,True,True,True,0.0897281447334998,0.0928919708287933,0.048320253976619,0.0483259962715191,True,False,False
10.1039/c3ee41935e,388,2013.0,https://DOI.org/10.1039/c3ee41935e,tematdb,v1.1.6,True,True,True,0.9854368932038836,True,298.560969607481,705.39000435759,295.077971481836,706.077114929208,300.0,704.0,296.0,706.0,300.0,704.0,404.0,410.0,404.0,0.728492263378713,0.7200788713290658,1.136725104602507,1.1181122714669298,-1.0,0.0084133920496471,0.0186128331355772,0.0480232008911409,0.0147789237138411,0.0116703813396708,True,True,True,True,0.0659213601918181,0.0666915844961587,0.0422469783562437,0.0429502493771363,True,True,False
10.1016/j.joule.2019.10.010,389,2020.0,https://DOI.org/10.1016/j.joule.2019.10.010,tematdb,v1.1.6,True,True,True,0.9844961240310076,True,314.499464691392,824.796998059669,309.404851760772,823.702856029802,316.0,824.0,310.0,822.0,316.0,822.0,508.0,512.0,506.0,0.8620948731258163,0.8669297847727135,1.646008477291106,1.6432826825611524,-4.0,-0.0048349116468972,0.0027257947299537,0.0132635633606027,0.0070624671929357,0.0063395170814028,True,True,True,True,0.0153852711274238,0.0152994666852749,0.0080580164340532,0.008071382666755,True,True,True
10.1002/adfm.201906143,390,2019.0,https://DOI.org/10.1002/adfm.201906143,tematdb,v1.1.6,True,True,True,1.0,True,300.0,672.91110497407,299.601196410767,672.881355932203,300.0,672.0,300.0,672.0,300.0,672.0,372.0,372.0,372.0,1.3119166232391817,1.3101474837671854,1.6995829898868653,1.7027423875334229,0.0,0.001769139471996,-0.0031593976465575,0.006399425805154,0.002942429362289,0.0022127231731244,True,True,True,True,0.0048779211207443,0.0048845079538322,0.0037652917469949,0.0037583053384982,True,True,True
10.1002/aenm.201800659,391,2018.0,https://DOI.org/10.1002/aenm.201800659,tematdb,v1.1.6,True,True,True,0.992831541218638,True,308.413461538461,864.705882352941,306.318956870612,863.966900702106,310.0,864.0,308.0,862.0,310.0,862.0,554.0,554.0,552.0,0.9940346440276028,0.9928586044928532,1.3301570634269535,1.327108993139404,-2.0,0.0011760395347494,0.0030480702875494,0.0126332114625502,0.0052008844398712,0.0041205889263173,True,True,True,True,0.0127090253226621,0.0127240791441831,0.0094975336446379,0.0095193473391097,True,True,True
10.1002/adfm.202005202,392,2020.0,https://DOI.org/10.1002/adfm.202005202,tematdb,v1.1.6,True,True,True,0.991150442477876,True,300.882545655309,524.124761212173,299.499497944555,524.477501951057,302.0,524.0,300.0,524.0,302.0,524.0,222.0,224.0,222.0,1.4142880832429336,1.417508532477655,1.6073833123531032,1.6087363906482346,-1.0,-0.0032204492347214,-0.0013530782951314,0.0174140849082535,0.00469780685926,0.0031950146706005,True,True,True,True,0.0123129687045961,0.0122849947702364,0.0108338096920768,0.0108246975759879,True,True,True
10.1002/adfm.201910059,393,2020.0,https://DOI.org/10.1002/adfm.201910059,tematdb,v1.1.6,True,True,True,0.9957805907172996,True,299.550763701707,772.103189129826,300.098789975567,772.699848555985,300.0,772.0,302.0,772.0,302.0,772.0,472.0,470.0,470.0,1.338792488076784,1.3289196100877605,1.9225133034082744,1.91889936208096,1.0,0.0098728779890233,0.0036139413273144,0.0498360012747549,0.012187006247109,0.0062793340885979,True,True,True,True,0.0372245898588405,0.0375011406983932,0.0259223180335889,0.0259711385909837,True,True,False
10.1002/adma.201905210,394,2019.0,https://DOI.org/10.1002/adma.201905210,tematdb,v1.1.6,True,True,True,1.0,True,322.474942174248,872.474942174248,323.095051060486,873.605655930871,324.0,872.0,324.0,872.0,324.0,872.0,548.0,548.0,548.0,0.7257272644784136,0.7133442117460468,1.6419085457313518,1.723900184113779,0.0,0.0123830527323668,-0.0819916383824272,0.1161706342337767,0.0386476287414771,0.0253911630592401,True,True,True,True,0.1600747828004912,0.1628535457649916,0.0707534134807923,0.0673882602393813,False,False,False
10.1002/aenm.201502269,395,2016.0,https://DOI.org/10.1002/aenm.201502269,tematdb,v1.1.6,True,True,True,0.9919354838709676,True,300.0,547.906727815149,300.118718808703,547.97128882243,300.0,546.0,302.0,546.0,302.0,546.0,246.0,244.0,244.0,1.0896724349268032,1.0795100511510884,1.2882065985454654,1.2706850046525653,1.0,0.0101623837757147,0.0175215938929,0.0699273541524647,0.0379820260857227,0.0325079962288301,True,True,True,True,0.0641728210342055,0.0647769366092523,0.0542827169426246,0.0550312263829575,True,False,False
10.1002/aenm.202003304,396,2020.0,https://DOI.org/10.1002/aenm.202003304,tematdb,v1.1.6,True,True,True,0.995967741935484,True,299.586331705273,793.300852618757,299.515972894482,794.675701839303,300.0,792.0,300.0,794.0,300.0,792.0,492.0,494.0,492.0,0.4160084147495619,0.4140143273101128,0.7721017415474296,0.7567193010948724,1.0,0.0019940874394491,0.0153824404525572,0.0216859140055929,0.0119290037753728,0.010940688380533,True,True,True,True,0.0521285465310789,0.0523796220930038,0.0280868606281478,0.0286578047820589,True,True,False
10.1002/aenm.201900354,397,2019.0,https://DOI.org/10.1002/aenm.201900354,tematdb,v1.1.6,True,True,True,0.9961538461538462,True,304.127304838402,822.140835885552,302.849002849002,823.26685660019,306.0,822.0,304.0,822.0,306.0,822.0,516.0,518.0,516.0,0.2235991843348549,0.2259567219266072,0.3559951105237993,0.3567327220618969,-1.0,-0.0023575375917523,-0.0007376115380975,0.0040745038101377,0.001849218983639,0.001643229460354,True,True,True,True,0.0182223554270034,0.0180322310192711,0.0114453926182938,0.0114217271311344,True,True,True
10.1002/aenm.202002588,398,2020.0,https://DOI.org/10.1002/aenm.202002588,tematdb,v1.1.6,True,True,True,1.0,True,323.178807947019,722.542509351993,322.950012379731,722.55906867873,324.0,722.0,324.0,722.0,324.0,722.0,398.0,398.0,398.0,1.1455719825128734,1.1345926849171808,1.8727675671941808,1.8689599080309904,0.0,0.0109792975956926,0.0038076591631903,0.0490474720801161,0.0164762221544826,0.0111420526204412,True,True,True,True,0.0428148320915879,0.0432291453418778,0.0261898342000871,0.0262431911296531,True,True,False
10.1002/adfm.201801617,399,2018.0,https://DOI.org/10.1002/adfm.201801617,tematdb,v1.1.6,True,True,True,0.9787234042553192,True,306.119464124991,766.705851468925,303.759159563331,772.993619460645,308.0,766.0,304.0,772.0,308.0,766.0,458.0,468.0,458.0,0.9260749324364934,0.9253419166707724,1.3148716699897105,1.3186619812592324,1.0,0.000733015765721,-0.0037903112695218,0.0324601857679545,0.0150366364980283,0.0119609071231515,True,True,True,True,0.0350513599180922,0.0350791260864318,0.0246869610995638,0.0246160018482956,True,True,False
10.1002/aenm.201803072,400,2018.0,https://DOI.org/10.1002/aenm.201803072,tematdb,v1.1.6,True,True,True,0.9770992366412212,True,310.530038191848,823.043478260869,300.0,822.803347280334,312.0,822.0,300.0,822.0,312.0,822.0,510.0,522.0,510.0,0.7453235334224971,0.7522351327243585,1.3156667633290513,1.270885276950729,-6.0,-0.0069115993018613,0.0447814863783222,0.0506607139742545,0.0194281914074174,0.0119854976376944,True,True,True,True,0.0679714401900373,0.0673469129137553,0.0385057336601458,0.0398625390450711,True,False,False
10.1002/adfm.202007340,401,2020.0,https://DOI.org/10.1002/adfm.202007340,tematdb,v1.1.6,True,True,True,1.0,True,322.799897319689,822.030405951447,322.199798183652,822.199798183653,324.0,822.0,324.0,822.0,324.0,822.0,498.0,498.0,498.0,0.9627200085249688,0.9741766234423276,1.58814909478168,1.605852137150444,0.0,-0.0114566149173587,-0.0177030423687638,0.0274523351464401,0.0142989642795854,0.0120776515900712,True,True,True,True,0.0285153885899819,0.0281800389024274,0.0172857417711238,0.0170951823716185,True,True,False
10.1002/aenm.201902986,402,2019.0,https://DOI.org/10.1002/aenm.201902986,tematdb,v1.1.6,True,True,True,1.0,True,300.311193866844,475.0,300.172074729596,475.172074729596,302.0,474.0,302.0,474.0,302.0,474.0,172.0,172.0,172.0,1.231605943001535,1.222543867799515,1.29306595184101,1.2821501724449451,0.0,0.0090620752020198,0.0109157793960648,0.0420509536097604,0.0159549227934304,0.0115367322492444,True,True,True,True,0.0341431882890061,0.0343962738003413,0.0325203471252878,0.0327972140186769,True,True,False
10.1002/adfm.202005479,403,2020.0,https://DOI.org/10.1002/adfm.202005479,tematdb,v1.1.6,True,True,True,1.0,True,300.470477240089,673.491123738654,300.280331250434,673.547365477107,302.0,672.0,302.0,672.0,302.0,672.0,370.0,370.0,370.0,1.0231951087730016,0.9876251348904836,1.2893243843662034,1.2365581798030552,0.0,0.035569973882518,0.0527662045631482,0.0694730913129291,0.0421693428246871,0.0355791333421095,True,True,True,True,0.0678981855144324,0.0703435836721924,0.0538833300256554,0.0561826305042873,True,False,False
10.1002/adma.202003730,404,2020.0,https://DOI.org/10.1002/adma.202003730,tematdb,v1.1.6,True,True,True,1.0,True,319.06976744186,970.506912442396,318.60561975146,970.153908739575,320.0,970.0,320.0,970.0,320.0,970.0,650.0,650.0,650.0,1.4082315153665013,1.3898641434064611,2.66641648038452,2.616983886027992,0.0,0.0183673719600401,0.0494325943565279,0.0563004932038948,0.029316009818957,0.0227544275521409,True,True,True,True,0.0399795719592614,0.0405079111300088,0.0211146659263731,0.0215135039632768,True,False,False
10.1002/aenm.201803249,405,2018.0,https://DOI.org/10.1002/aenm.201803249,tematdb,v1.1.6,True,True,True,0.9900497512437813,True,300.038325602987,699.854041016847,300.0,700.0,302.0,698.0,300.0,700.0,302.0,698.0,396.0,400.0,396.0,0.4814336442524578,0.4806483584833976,0.862144420131291,0.8545610661789617,0.0,0.0007852857690601,0.0075833539523293,0.0108868960774554,0.0023638556261482,0.0016131173923585,True,True,True,True,0.022613492445797,0.0226504384864793,0.012627694181211,0.0127397520298164,True,True,True
10.1002/adfm.201803617,406,2018.0,https://DOI.org/10.1002/adfm.201803617,tematdb,v1.1.6,True,True,True,1.0,True,300.0,599.674267100977,299.819176372379,599.86158191337,300.0,598.0,300.0,598.0,300.0,598.0,298.0,298.0,298.0,1.1470068620882103,1.1343776753308812,1.2782223157089785,1.2638143678692637,0.0,0.0126291867573291,0.0144079478397147,0.0173234571224405,0.0127970804788729,0.0126291867573295,True,True,True,True,0.0151031852511343,0.0152713311440896,0.0135527731831468,0.0137072797737274,True,True,True
10.1002/adma.201703148,407,2017.0,https://DOI.org/10.1002/adma.201703148,tematdb,v1.1.6,True,True,True,0.9644444444444444,True,330.230326295585,764.491362763915,323.260137442756,773.271719697554,332.0,764.0,324.0,772.0,332.0,764.0,432.0,448.0,432.0,0.7907030471506348,0.7825681273917336,1.823471383201032,1.7626484683504018,0.0,0.0081349197589011,0.0608229148506298,0.0329411186396957,0.0113557424226615,0.0075483647028361,True,True,True,True,0.0416605434346077,0.0420936113888091,0.0180650592837211,0.018688422127938,True,False,False
10.1002/aenm.201602582,408,2017.0,https://DOI.org/10.1002/aenm.201602582,tematdb,v1.1.6,True,True,True,1.0,True,300.0,872.706837635487,299.866593852395,872.119285379934,300.0,872.0,300.0,872.0,300.0,872.0,572.0,572.0,572.0,1.0783569959132129,1.0696588100079756,1.453260724045229,1.4455420666375438,0.0,0.0086981859052372,0.0077186574076852,0.0148078128045916,0.0094835300182706,0.0087487770530604,True,True,True,True,0.013731828013089,0.0138434916499039,0.0101893710877792,0.0102437785425614,True,True,True
10.1002/adma.202005612,409,2020.0,https://DOI.org/10.1002/adma.202005612,tematdb,v1.1.6,True,True,True,0.98,True,324.628450106157,717.51588682506,322.805859290118,723.562339432515,326.0,716.0,324.0,722.0,326.0,716.0,390.0,398.0,390.0,1.320934124880232,1.311126915043824,2.678164221407128,2.6366597487491954,2.0,0.0098072098364079,0.0415044726579325,0.2242996657686,0.0456456716395478,0.0226306189684371,True,True,True,True,0.1698038240846697,0.1710739541649199,0.0837512740913069,0.085069628675071,False,False,False
10.1002/adfm.201806613,410,2019.0,https://DOI.org/10.1002/adfm.201806613,tematdb,v1.1.6,True,True,True,0.995475113122172,True,325.279464799892,765.928589388986,325.806451612903,766.129032258064,326.0,764.0,326.0,766.0,326.0,764.0,438.0,440.0,438.0,1.2786083646925528,1.2661178496459222,2.338300807043282,2.3083670233059057,1.0,0.0124905150466305,0.029933783737376,0.0362538825683842,0.0198469485252336,0.0158962557535536,True,True,True,True,0.0283541728409556,0.0286338926337093,0.0155043707204747,0.0157054238785925,True,True,False
10.1002/adfm.201807235,411,2018.0,https://DOI.org/10.1002/adfm.201807235,tematdb,v1.1.6,True,True,True,0.9957081545064378,True,307.756097560975,773.0,308.219399538106,772.422632794457,308.0,772.0,310.0,772.0,310.0,772.0,464.0,462.0,462.0,1.2945957510142627,1.2988992625464113,1.587742279832251,1.5999775018477276,1.0,-0.0043035115321485,-0.0122352220154766,0.0161264644535592,0.0089424566451055,0.0078433046425234,True,True,True,True,0.0124567568222936,0.0124154851100187,0.0101568526947982,0.0100791820103318,True,True,True
10.1002/adfm.201903157,412,2019.0,https://DOI.org/10.1002/adfm.201903157,tematdb,v1.1.6,True,True,True,0.9739583333333334,True,309.476661951909,1056.89981096408,302.779815765875,1070.85778919051,310.0,1056.0,304.0,1070.0,310.0,1056.0,746.0,766.0,746.0,0.4285407111935191,0.427716850778934,0.6665312800960296,0.6644252121396168,4.0,0.000823860414585,0.0021060679564127,0.0094110490109464,0.0039648665989933,0.0035095681191417,True,True,True,True,0.0219606883666571,0.0220029886449589,0.0141194408904419,0.0141641961186881,True,True,True
10.1002/adma.201705942,413,2018.0,https://DOI.org/10.1002/adma.201705942,tematdb,v1.1.6,True,True,True,0.9958333333333332,True,300.0,779.645889021309,300.106169260502,779.855177499745,300.0,778.0,302.0,778.0,302.0,778.0,478.0,476.0,476.0,1.5457701128092187,1.5530318679309183,2.29895695331138,2.311128487449083,1.0,-0.0072617551216997,-0.0121715341377028,0.0724004357508074,0.0243345413653709,0.0199866691620765,True,True,True,True,0.0468377769442248,0.046618770191281,0.0314927322351656,0.0313268760884513,True,False,False
10.1002/adma.201903387,414,2019.0,https://DOI.org/10.1002/adma.201903387,tematdb,v1.1.6,,,,,,,,,,,,,,,,,,,,,,,,,,,,,,,,,,,,,False,False,False
10.1002/aenm.201601450,415,2016.0,https://DOI.org/10.1002/aenm.201601450,tematdb,v1.1.6,True,True,True,1.0,True,303.529411764705,922.689075630252,302.514668901927,922.129086336965,304.0,922.0,304.0,922.0,304.0,922.0,618.0,618.0,618.0,1.3868771885311242,1.225027138392291,2.2834425792699173,1.9823852380531,0.0,0.1618500501388331,0.3010573412168174,0.3801646685428637,0.2100133315130955,0.1655291753567044,True,True,True,True,0.2741155970309855,0.3103316299113068,0.1664875096900458,0.1917713375005875,False,False,False
10.1002/aenm.201700446,416,2017.0,https://DOI.org/10.1002/aenm.201700446,tematdb,v1.1.6,True,True,True,1.0,True,331.326614647209,922.56654587795,330.371713508612,922.756119673617,332.0,922.0,332.0,922.0,332.0,922.0,590.0,590.0,590.0,0.6362058784904171,0.642450731291513,0.940636080430472,0.9416792846864772,0.0,-0.0062448528010958,-0.0010432042560052,0.0114244740474479,0.0067193795781747,0.006244852801096,True,True,True,True,0.017957196614649,0.0177826461874849,0.0121454771777621,0.0121320222640892,True,True,True
10.1002/aenm.201800087,417,2018.0,https://DOI.org/10.1002/aenm.201800087,tematdb,v1.1.6,True,True,True,0.9636363636363636,True,326.392030415323,856.864190094137,323.115867919911,873.321140165212,328.0,856.0,324.0,872.0,328.0,856.0,528.0,548.0,528.0,0.5377593960536823,0.5075746478239426,1.0639228146831086,0.9304110716679934,6.0,0.0301847482297397,0.1335117430151151,0.0475924592235204,0.0216468551199373,0.0184811298814473,True,True,True,True,0.0885013996459662,0.0937644530268744,0.0447329999570466,0.0511520774771081,False,False,False
10.1002/aenm.201802116,418,2018.0,https://DOI.org/10.1002/aenm.201802116,tematdb,v1.1.6,True,True,True,1.0,True,300.514579759862,900.468018720748,300.472069236821,900.944138473642,302.0,900.0,302.0,900.0,302.0,900.0,598.0,598.0,598.0,0.6538856726411494,0.6456012611530906,1.414290588292629,1.376152097727931,0.0,0.0082844114880588,0.0381384905646982,0.0381384905646982,0.0112200352385432,0.0083692036089303,True,True,True,True,0.0583259309087637,0.0590743743229065,0.0269665165563606,0.027713862899069,True,True,False
10.1002/aenm.201803242,419,2019.0,https://DOI.org/10.1002/aenm.201803242,tematdb,v1.1.6,True,True,True,0.9930555555555556,True,298.671096345514,871.954528710107,297.838340908851,872.348480853801,300.0,870.0,298.0,872.0,300.0,870.0,570.0,574.0,570.0,0.8632726200441583,0.8482501745577085,1.6801214297382023,1.6774613448360662,0.0,0.0150224454864498,0.002660084902136,0.0487017815278691,0.0170331439722231,0.0147715546218607,True,True,True,True,0.0564152973198408,0.0574144079053836,0.0289870604980367,0.0290330276031658,True,True,False
10.1002/aenm.201901334,420,2019.0,https://DOI.org/10.1002/aenm.201901334,tematdb,v1.1.6,True,True,True,0.8907563025210085,True,298.273394384134,772.765124858721,297.943410657926,722.513136712936,300.0,772.0,298.0,722.0,300.0,722.0,472.0,424.0,422.0,1.3335461248438851,1.414466778525461,2.405198148259117,2.4078335946625864,-26.0,-0.0809206536815756,-0.0026354464034694,0.0114856940927596,0.0045887586243517,0.0036518324484966,True,True,True,True,0.0086128960062062,0.0081201582583177,0.0047753629367597,0.0047701361581713,True,False,False
10.1002/aenm.202000757,421,2020.0,https://DOI.org/10.1002/aenm.202000757,tematdb,v1.1.6,True,True,True,0.9708029197080292,True,306.369426751592,573.487261146496,300.216262975778,575.086505190311,308.0,572.0,302.0,574.0,308.0,572.0,264.0,272.0,264.0,1.313484613587164,1.2711552546936573,1.6585540487734176,1.6084258669579252,-2.0,0.0423293588935067,0.0501281818154923,0.088430067714472,0.0499516810753454,0.0467074130786386,True,True,True,True,0.0673247838609749,0.0695666932799513,0.0533175676607406,0.0549792623527766,True,False,False
10.1038/s41467-018-08223-5,422,2019.0,https://DOI.org/10.1038/s41467-018-08223-5,tematdb,v1.1.6,True,True,True,0.9851632047477744,True,303.472222222222,969.38775510204,304.137931034482,977.241379310344,304.0,968.0,306.0,976.0,306.0,968.0,664.0,670.0,662.0,0.9236681287536248,0.9148434113824432,1.516331034482752,1.5062211834889014,5.0,0.0088247173711814,0.0101098509938506,0.0053434650296499,0.0027059366221847,0.0022666977809246,True,True,True,True,0.0057850486157407,0.0058408520662299,0.0035239435902416,0.0035475965205009,True,True,True
10.1039/c9ee03897c,423,2020.0,https://DOI.org/10.1039/c9ee03897c,tematdb,v1.1.6,True,True,True,1.0,True,301.091703056768,812.684989429175,301.054852320675,812.658227848101,302.0,812.0,302.0,812.0,302.0,812.0,510.0,510.0,510.0,1.0280440773175998,1.017371685481415,2.093654524089312,2.089965235995889,0.0,0.0106723918361848,0.0036892880934229,0.0441791821486217,0.0178017548853077,0.012751119497578,True,True,True,True,0.0429740155343292,0.0434248198363377,0.0211014671428843,0.0211387162751393,True,True,False
10.1038/nature23667,424,2017.0,https://DOI.org/10.1038/nature23667,tematdb,v1.1.6,True,True,True,0.9927536231884058,True,300.369003690036,849.442896935933,300.0,850.468637346791,302.0,848.0,300.0,850.0,302.0,848.0,546.0,550.0,546.0,1.1566163048680305,1.1579059101128977,1.7471981488216874,1.7369529362592733,0.0,-0.0012896052448672,0.0102452125624141,0.0072183855271839,0.0025906465738459,0.002029296898271,True,True,True,True,0.0062409508640011,0.0062340000721475,0.0041314063502482,0.0041557749645937,True,True,True
